{"type":"FeatureCollection","features":[{"type":"Feature","id":"glup2030_cdudcp_v1.1","geometry":{"type":"MultiPolygon","coordinates":[[[[246729.7738,1991283.3164],[246734.0087,1991308.8597],[246735.9066,1991320.3071],[246747.6166,1991390.93740001],[246748.6271,1991398.0948],[246749.54330001,1991404.58450001],[246755.0776,1991438.7095],[246758.7825,1991461.5547],[246761.3086,1991477.131],[246762.8051,1991486.35850001],[246739.3293,1991495.8861],[246696.9959,1991517.7143],[246672.0399,1991535.86410001],[246667.8917,1991538.881],[246652.2647,1991554.09460001],[246648.1249,1991557.8744],[246629.4443,1991574.93050001],[246598.6864,1991598.7431],[246585.1265,1991609.3264],[246574.2124,1991616.27180001],[246565.6135,1991625.5322],[246556.353,1991635.7848],[246532.5405,1991666.5427],[246510.71230001,1991702.2615],[246466.06380001,1991766.4231],[246448.2044,1991786.92840001],[246438.9439,1991798.1732],[246434.31370001,1991805.1185],[246430.6757,1991812.0638],[246429.1543,1991824.6448],[246429.7893,1991830.7831],[246431.0593,1991835.6515],[246431.6943,1991839.4615],[246430.8477,1991844.1182],[246428.096,1991852.5849],[246413.8268,1991848.5873],[246411.8809,1991853.12780001],[246406.15610001,1991869.28000001],[246389.6559,1991915.83420001],[246388.8314,1991919.3382],[246380.1309,1991956.31550001],[246378.30540001,1991960.2984],[246371.3996,1991975.3655],[246349.96830001,1992019.81560001],[246346.5615,1992032.6859],[246342.8246,1992046.8032],[246337.2683,1992077.7595],[246333.9149,1992089.35680001],[246327.7433,1992110.70020001],[246313.60170001,1992165.49890001],[246311.7015,1992172.86200001],[246306.6976,1992191.3044],[246299.7738,1992207.3143],[246300.766,1992216.9054],[246299.77380001,1992220.8742],[246300.3064,1992246.3681],[246300.6392,1992262.30140001],[246302.70300001,1992265.95270001],[246304.608,1992275.4777],[246307.4655,1992298.17900001],[246309.688,1992309.2915],[246309.9537,1992316.06600001],[246310.323,1992325.4841],[246314.2918,1992340.0891],[246318.1674,1992358.13730001],[246318.8955,1992371.68040001],[246323.4993,1992394.2229],[246328.10300001,1992425.0205],[246331.7543,1992443.11800001],[246335.2468,1992453.91310001],[246336.0668,1992456.245],[246340.3268,1992468.3593],[246341.80870001,1992473.9177],[246342.5285,1992481.7922],[246343.5166,1992489.69640001],[246345.28930001,1992503.8785],[246346.7933,1992515.9104],[246347.9213,1992532.4535],[246349.17460001,1992550.8354],[246349.17459983,1992567.97664831],[246349.1746,1992573.8099],[246349.1745998,1992603.232223],[246349.1746,1992607.1918],[246349.1746,1992649.2606],[246347.77720001,1992682.79730001],[246346.7933,1992706.4107],[246347.2035,1992715.43530001],[246347.79790001,1992728.5116],[246349.17460001,1992758.79830001],[246351.5558,1992781.1557],[246349.75800001,1992816.2126],[246349.4391,1992822.43080001],[246346.2641,1992860.5308],[246347.037,1992890.6722],[246347.3225,1992901.8059],[246346.94060001,1992913.4543],[246345.8041,1992948.11730001],[246345.20580001,1992966.3644],[246346.7833,1993016.6513],[246353.3959,1993016.505],[246378.6394,1993015.9468],[246387.0949,1993015.6288],[246429.9575,1993013.5121],[246438.1218,1993013.4224],[246449.5524,1993013.1341],[246496.6857,1993011.15840001],[246518.117,1993010.5234],[246540.5008,1993009.09470001],[246552.5658,1993007.34840001],[246568.2821,1993005.1259],[246578.28330001,1993003.69710001],[246590.4382,1993002.44220001],[246596.5716,1993003.84690001],[246597.1762,1993006.7565],[246598.9159,1993015.1289],[246604.0669,1993039.91760001],[246615.9732,1993078.8114],[246626.6412,1993104.3218],[246628.6569,1993109.142],[246631.9601,1993117.041],[246634.22950001,1993122.46770001],[246651.692,1993162.9491],[246653.0757,1993166.10080001],[246663.5467,1993197.6744],[246687.5056,1993238.3337],[246701.0655,1993259.8312],[246721.5708,1993284.30520001],[246750.675,1993319.6933],[246777.13340001,1993353.097],[246795.3235,1993379.88610001],[246814.3735,1993401.2116],[246818.303,1993406.60480001],[246831.5186,1993422.8016],[246851.627,1993450.53000001],[246876.4978,1993482.4917],[246896.3416,1993508.4209],[246915.6562,1993532.7627],[246939.7334,1993560.54400001],[246958.6491,1993580.9663],[246964.9593,1993589.2598],[246992.0792,1993626.3016],[247013.1004,1993658.3559],[247022.6449,1993677.71500001],[247038.7121,1993730.4153],[247057.233,1993793.3201],[247069.8007,1993829.039],[247074.3279,1993839.8649],[247085.0143,1993865.4192],[247114.1185,1993920.585],[247133.206,1993955.3243],[247147.19150001,1993980.77780001],[247183.5718,1994046.2623],[247192.7449,1994059.77410001],[247212.1242,1994087.7629],[247219.32090001,1994089.4563],[247225.0359,1994096.01790001],[247227.6963,1994101.33870001],[247230.7509,1994107.448],[247233.50990001,1994114.34540001],[247236.2542,1994121.2063],[247240.6993,1994132.848],[247248.95430001,1994148.93470001],[247271.39100001,1994187.4581],[247279.00690001,1994200.33190001],[247281.2977,1994199.16600001],[247287.4385,1994211.38480001],[247296.8553,1994230.1223],[247304.2124,1994242.84830001],[247314.4765,1994260.60240001],[247327.0178,1994284.2562],[247345.9091,1994312.5137],[247357.8154,1994330.77],[247363.6334,1994340.9122],[247369.5629,1994351.2488],[247379.9763,1994364.7111],[247388.1626,1994376.8269],[247391.1529,1994381.2526],[247402.9005,1994398.87390001],[247413.0605,1994416.1777],[247422.5855,1994427.29020001],[247426.2293,1994432.01510001],[247427.7677,1994434.00990001],[247437.03180001,1994446.02270001],[247449.4143,1994459.5165],[247466.4006,1994481.9003],[247476.71940001,1994498.0928],[247491.1656,1994517.4604],[247504.8182,1994540.1617],[247523.013,1994564.4214],[247533.8695,1994578.4205],[247547.8395,1994600.0105],[247557.9995,1994617.31430001],[247567.36580001,1994632.0781],[247583.5583,1994655.09690001],[247594.67080001,1994670.6544],[247605.1484,1994681.7669],[247620.7059,1994700.9757],[247624.9609,1994706.6967],[247631.60040001,1994715.62370001],[247629.45820001,1994718.78240001],[247616.229,1994731.747],[247604.5833,1994742.0526],[247582.8915,1994761.2481],[247554.58100001,1994784.9284],[247551.597,1994787.5252],[247562.7391,1994799.26860001],[247590.6792,1994818.107],[247616.2909,1994834.82870001],[247618.7452,1994837.0247],[247632.3776,1994849.2221],[247637.0343,1994854.6215],[247641.66670001,1994858.2713],[247646.76510001,1994861.67020001],[247660.7168,1994870.9713],[247669.3795,1994876.96860001],[247677.5193,1994882.60380001],[247681.3543,1994885.2588],[247713.8981,1994912.2464],[247740.8857,1994937.6464],[247750.9276,1994947.2421],[247776.6045,1994971.7778],[247814.7046,1995015.4341],[247845.6609,1995049.1685],[247859.9484,1995045.1998],[247869.47340001,1995045.1998],[247878.4269,1995043.3149],[247884.55470001,1995042.0248],[247905.1923,1995032.4998],[247934.56110001,1995016.6247],[247957.5799,1995042.02480001],[247989.3299,1995080.1249],[248018.6987,1995117.43120001],[248034.3546,1995137.17120001],[248036.955,1995140.45],[248054.4176,1995163.46880001],[248070.0681,1995187.48420001],[248077.4364,1995198.7907],[248079.0239,1995207.522],[248097.2801,1995253.5596],[248121.0927,1995300.3909],[248150.46150001,1995347.22230001],[248174.274,1995401.9911],[248207.6116,1995394.8474],[248205.2304,1995361.5098],[248234.28040001,1995342.5935],[248239.3617,1995339.2847],[248275.8743,1995314.6784],[248274.924,1995307.0761],[248274.28670001,1995301.97840001],[248276.668,1995286.8971],[248279.0493,1995278.95960001],[248302.0681,1995270.22840001],[248308.41250001,1995266.1498],[248313.1806,1995263.0846],[248321.1181,1995256.7346],[248340.1681,1995248.7971],[248337.7869,1995228.1595],[248376.6807,1995216.25330001],[248420.337,1995208.3157],[248426.6871,1995199.58450001],[248437.00580001,1995194.822],[248449.7059,1995190.8532],[248471.9309,1995187.6782],[248490.9809,1995186.8844],[248517.96850001,1995190.05950001],[248530.401,1995190.05950001],[248544.1623,1995190.0595],[248553.6844,1995190.2862],[248577.4999,1995190.8532],[248598.1374,1995255.94080001],[248609.24990001,1995282.9284],[248623.5374,1995308.3284],[248652.9063,1995358.3348],[248666.18120001,1995379.5747],[248676.71880001,1995396.4349],[248696.5626,1995422.6287],[248714.4999,1995407.2539],[248718.2555,1995403.7961],[248723.5118,1995398.95680001],[248737.1509,1995387.8387],[248741.0272,1995384.5441],[248791.8128,1995438.5037],[248824.0534,1995478.5265],[248837.8504,1995495.65380001],[248846.5816,1995510.7351],[248848.9629,1995527.007],[248852.9317,1995574.6321],[248857.69420001,1995608.7634],[248862.169,1995628.12340001],[248865.2403,1995641.41140001],[248884.8936,1995632.9464],[248902.3729,1995625.4178],[248942.2986,1995607.9288],[248959.3642,1995599.9913],[248974.0486,1995595.361],[248987.6747,1995592.186],[249004.8727,1995589.5402],[249031.0665,1995585.9683],[249046.5391,1995585.1287],[249093.7911,1995583.8015],[249096.8155,1995583.7194],[249163.8876,1995583.1902],[249200.1634,1995582.6412],[249268.7951,1995581.6027],[249311.0294,1995580.5292],[249323.777,1995580.2052],[249333.4982,1995579.9581],[249338.5394,1995579.83],[249347.3746,1995579.7557],[249357.4307,1995579.6712],[249371.0832,1995578.4012],[249414.441,1995572.9581],[249467.1527,1995564.099],[249510.5873,1995556.7991],[249544.8533,1995551.0401],[249597.3024,1995540.7774],[249607.0913,1995538.9771],[249631.8306,1995534.4274],[249696.7859,1995521.9919],[249726.5516,1995516.1711],[249729.7585,1995515.622],[249745.8662,1995512.8638],[249797.8544,1995501.0443],[249835.9954,1995493.6029],[249841.0299,1995492.6383],[249897.7374,1995482.3044],[249940.8617,1995473.4023],[249945.4432,1995472.4565],[249948.8328,1995471.7568],[249965.7713,1995468.2083],[250008.9949,1995459.1533],[250056.3554,1995449.8928],[250082.116,1995444.6127],[250120.2524,1995436.7959],[250164.8348,1995427.8001],[250200.1567,1995420.524],[250229.2345,1995414.3063],[250231.2004,1995413.9334],[250266.0165,1995407.3292],[250286.7021,1995403.4054],[250296.3201,1995401.4402],[250342.3181,1995473.709],[250377.8782,1995527.4725],[250417.6716,1995589.4909],[250438.3836,1995621.5119],[250445.5139,1995632.5355],[250452.1734,1995642.831],[250468.4927,1995666.6301],[250474.0866,1995674.7878],[250477.5734,1995679.8728],[250497.8293,1995715.1293],[250508.371,1995733.4775],[250525.6923,1995766.2644],[250575.219,1995740.0251],[250626.416,1995711.0531],[250692.2974,1995689.225],[250771.2751,1995651.9178],[250938.7572,1995553.0966],[250945.7842,1995552.6281],[250966.5385,1995551.2445],[251016.9418,1995550.4507],[251043.1356,1995545.6882],[251084.0138,1995534.1788],[251091.5544,1995533.782],[251156.0486,1995533.782],[251235.6203,1995533.782],[251234.4297,1995557.5945],[251232.8422,1995577.4383],[251228.8734,1995606.4102],[251224.9047,1995629.429],[251219.7453,1995652.0509],[251213.5276,1995670.3734],[251196.4619,1995706.8859],[251174.6338,1995751.9314],[251170.2681,1995763.0439],[251169.4744,1995772.9658],[251170.665,1995782.8877],[251171.8047,1995787.6996],[251174.2369,1995797.9689],[251192.4932,1995870.0019],[251216.7026,1995966.4427],[251241.7058,1996065.8601],[251246.8651,1996088.0851],[251250.0402,1996109.9133],[251253.2152,1996131.3446],[251260.3589,1996208.1401],[251272.2652,1996315.6934],[251279.409,1996396.8545],[251286.9496,1996453.8062],[251294.4902,1996530.4032],[251296.0777,1996541.9126],[251300.8403,1996550.6439],[251312.7465,1996557.7876],[251349.656,1996571.6783],[251439.3499,1996605.0159],[251513.0101,1996632.5987],[251602.6408,1996789.5326],[251776.55,1997064.8888],[251970.6407,1997368.1556],[252008.4288,1997427.1995],[252211.3228,1997782.264],[252526.7818,1998435.0292],[252587.5915,1998410.7676],[252736.387,1998453.2806],[252805.65457447,1998459.27369792],[253108.72325743,1998377.18681896],[253116.10568956,1998393.93235013],[253204.9159,1998367.8117],[253300.5702,1998350.0979],[253463.5368,1998346.5552],[253580.4476,1998335.9269],[253647.7599,1998417.4102],[253700.9011,1998562.663],[253732.7859,1998633.5181],[253740.9558,1998653.6345],[253755.0697,1998649.0989],[253772.5889,1998643.4689],[253845.8443,1998619.9274],[253912.9969,1998598.3472],[253929.6884,1998592.9696],[253941.8346,1998589.0564],[254161.9135,1998518.1523],[254240.0189,1998492.9879],[254294.6057,1998475.365],[254343.89169175,1998436.58657073],[254395.2804,1998396.1537],[254451.87426373,1998319.75205186],[254466.1355,1998300.4994],[254597.2173,1998254.4436],[254746.0128,1998272.1574],[254763.2406,1998327.8218],[254958.5779,1998321.7559],[255032.9757,1998272.1574],[255121.5445,1998275.7002],[255206.5705,1998289.8712],[255277.4256,1998289.8712],[255305.71954129,1998245.22512617],[255308.4539,1998240.91050001],[255306.2722,1998239.9688],[255262.0227,1998220.8685],[255248.0581,1998214.7465],[255240.9972,1998211.9269],[255224.9741,1998205.5284],[255204.5291,1998197.3641],[255181.4029,1998188.1292],[255169.3586,1998183.3195],[255153.0829,1998176.8202],[255090.3661,1998151.7756],[255063.3786,1998145.4255],[255034.5862,1998141.246],[255030.5702,1998140.663],[255004.7174,1998138.6744],[254996.1743,1998138.0172],[254986.0491,1998137.3331],[254978.8039,1998136.8435],[254937.4367,1998134.0484],[254869.4051,1998131.3541],[254857.2677,1998130.8734],[254819.7587,1998129.8939],[254746.9417,1998127.9925],[254718.5417,1998127.2508],[254623.191,1998124.7609],[254525.647,1998122.2137],[254519.5004,1998122.0532],[254511.3855,1998121.8413],[254507.7084,1998121.7453],[254467.1666,1998120.2173],[254373.7059,1998116.6948],[254342.9732,1998115.5365],[254338.7358,1998115.3768],[254212.8627,1998110.6328],[254062.2116,1998105.8438],[254052.3418,1998105.53],[253978.1984,1998103.1731],[253883.2351,1998100.1544],[253874.0046,1998099.861],[253827.3259,1998098.3771],[253817.5917,1998098.0677],[253792.5382,1998097.2713],[253637.6103,1998091.8441],[253605.868,1998090.7321],[253592.899,1998090.2778],[253584.6293,1998089.9881],[253473.8646,1998086.1079],[253338.9089,1998081.3803],[253329.4154,1998081.0478],[253311.6759,1998080.4263],[253279.8948,1998080.0589],[253207.3114,1998077.8016],[253199.0885,1998077.5458],[253132.397,1998075.4717],[253124.8002,1998075.2355],[253112.0222,1998074.81],[253096.0713,1998074.2084],[253090.9825,1998074.0165],[253076.9107,1998073.4858],[253023.284,1998071.4634],[253002.5492,1998070.6815],[252994.0796,1998070.362],[252986.2853,1998070.0681],[252980.0948,1998069.8716],[252933.5236,1998068.416],[252929.9411,1998067.9945],[252921.5445,1998067.0067],[252912.8054,1998065.9785],[252874.4574,1998072.6204],[252824.451,1998083.2038],[252784.4989,1998050.66],[252749.8384,1998015.2058],[252713.767,1997963.6316],[252707.6742,1997953.402],[252700.0012,1997940.5195],[252698.8388,1997938.5678],[252689.9059,1997923.5699],[252686.493,1997917.6966],[252680.8042,1997907.9065],[252672.3375,1997893.0898],[252671.1197,1997890.8835],[252657.7325,1997866.6315],[252651.0077,1997854.3099],[252637.9002,1997830.2938],[252632.2638,1997819.9664],[252629.079,1997814.1312],[252626.5579,1997809.5119],[252617.1189,1997792.2172],[252616.1239,1997790.3417],[252606.877,1997772.9106],[252605.6095,1997770.5214],[252597.0048,1997754.7911],[252594.896,1997750.9275],[252579.9075,1997723.4653],[252578.2251,1997720.3827],[252555.6659,1997679.4898],[252539.8547,1997650.8738],[252530.8136,1997634.5106],[252528.7084,1997630.7003],[252520.9458,1997616.6512],[252500.2966,1997579.2787],[252472.3445,1997528.6891],[252433.284,1997455.2179],[252427.2023,1997443.7785],[252412.32,1997410.1449],[252405.5615,1997395.0622],[252400.9123,1997384.6868],[252399.5854,1997381.7256],[252357.1983,1997287.9248],[252340.1241,1997249.9703],[252326.1252,1997218.8522],[252312.6133,1997188.6749],[252294.8134,1997145.2547],[252287.4187,1997127.2166],[252285.5081,1997122.6466],[252283.8862,1997118.7672],[252275.6431,1997099.0506],[252272.7601,1997092.1547],[252267.8395,1997080.3852],[252256.264,1997052.4055],[252248.2907,1997033.429],[252242.9902,1997020.8098],[252239.9374,1997013.2677],[252225.0431,1996976.4699],[252223.3434,1996972.2621],[252222.0803,1996969.1351],[252213.0388,1996946.7513],[252188.6354,1996886.3367],[252179.2452,1996863.0899],[252160.7623,1996817.3322],[252151.6076,1996794.6685],[252134.8952,1996753.2942],[252121.4692,1996720.0558],[252110.2754,1996692.3439],[252094.9052,1996653.0252],[252094.1782,1996651.153],[252084.9343,1996627.3457],[252072.5082,1996595.3424],[252066.5041,1996579.8793],[252065.5784,1996577.4951],[252038.8554,1996512.672],[252035.4067,1996504.7629],[252025.4508,1996481.9304],[252000.9758,1996425.8003],[251996.2434,1996416.0948],[251985.3654,1996393.7857],[251976.3753,1996374.7739],[251969.2258,1996359.6544],[251959.3536,1996340.3581],[251937.4889,1996297.6212],[251911.9177,1996247.6397],[251901.2277,1996226.7451],[251879.2673,1996183.0887],[251868.596,1996161.9928],[251848.7894,1996122.8371],[251843.663,1996112.7027],[251818.2743,1996062.512],[251810.5548,1996047.2514],[251801.4629,1996029.6082],[251795.9431,1996018.897],[251782.7902,1995993.3735],[251776.5333,1995981.2319],[251756.7791,1995942.8984],[251753.5704,1995936.6718],[251730.9663,1995892.8079],[251729.2073,1995889.3947],[251719.6899,1995869.348],[251705.6743,1995839.8269],[251703.6196,1995835.4991],[251701.4493,1995830.9276],[251697.6052,1995823.5112],[251681.5805,1995792.5949],[251660.9487,1995752.7902],[251649.0617,1995729.8566],[251640.0881,1995708.6549],[251633.2736,1995692.5546],[251628.7205,1995681.7969],[251627.681,1995679.765],[251615.68,1995656.3067],[251582.6312,1995590.4438],[251575.5687,1995576.3904],[251574.3672,1995574.0373],[251536.5323,1995499.9432],[251525.9967,1995479.3107],[251515.8143,1995459.2608],[251487.4997,1995403.5074],[251482.4749,1995392.9231],[251473.1793,1995373.3431],[251471.2358,1995369.2494],[251468.8465,1995364.2167],[251460.4619,1995342.8214],[251457.3371,1995334.8479],[251445.5578,1995303.5166],[251435.7735,1995277.4917],[251431.3916,1995265.8366],[251422.8792,1995237.7769],[251420.0272,1995227.7157],[251409.3421,1995190.0203],[251406.7048,1995180.7163],[251388.1206,1995183.695],[251328.73478829,1995195.2705935],[251252.21710284,1995209.98140266],[251228.253425,1995214.99768964],[251210.4118,1995218.7381],[251191.98901049,1995222.58883702],[251107.38832045,1995239.25762036],[251041.50693869,1995251.42847803],[251020.24358487,1995256.08893915],[251002.87769476,1995259.89516163],[250986.60295182,1995263.09133011],[250955.99343433,1995269.10268005],[250942.28904752,1995272.03589968],[250932.92960285,1995274.03914924],[250925.830874,1995275.55852629],[250873.01993504,1995286.03604725],[250832.59152085,1995293.97356313],[250790.14635633,1995302.83957611],[250780.11381205,1995265.79727978],[250767.41378665,1995201.23881733],[250753.95983529,1995155.40787732],[250751.14187911,1995145.80849813],[250741.68678677,1995113.15267501],[250737.4992571,1995098.68986248],[250735.39913929,1995091.43651439],[250712.38034325,1995019.33741186],[250706.5387382,1995002.2786822],[250688.81881538,1994950.53273738],[250687.50946018,1994946.7091416],[250677.05839761,1994920.77992308],[250671.76588563,1994907.84267158],[250665.15212379,1994891.6756982],[250656.81773212,1994859.13188311],[250652.27879618,1994840.8776211],[250648.44271558,1994822.46283066],[250647.3974595,1994816.26390779],[250645.31512565,1994803.91456383],[250642.90062096,1994785.2600687],[250641.93296787,1994766.26987685],[250640.36061588,1994735.41246901],[250638.24394498,1994678.68568889],[250637.83114913,1994672.82716315],[250637.16771139,1994663.41145068],[250635.49227281,1994639.63311078],[250633.73174513,1994615.98080419],[250633.05810127,1994606.93054538],[250630.9534995,1994588.05102951],[250629.45976074,1994574.65131416],[250625.86142021,1994538.66790885],[250621.86620389,1994510.75431136],[250617.36827823,1994483.89904931],[250613.66410415,1994463.39379997],[250612.87035256,1994445.66668118],[250611.80173391,1994433.55566976],[250610.88597359,1994423.17705287],[250607.44638338,1994403.86243091],[250598.97969978,1994375.81654149],[250596.33386116,1994360.60296939],[250594.77524945,1994348.68417397],[250594.08489833,1994343.40501833],[250585.61821473,1994305.30494213],[250577.01923919,1994272.49654318],[250575.82491201,1994267.7938799],[250570.61477983,1994247.27898444],[250569.36223604,1994242.34709324],[250563.34076873,1994223.05386816],[250554.00044316,1994199.60368906],[250541.43270969,1994169.97029646],[250531.17585946,1994149.45659599],[250527.27747304,1994141.65982317],[250510.21181391,1994113.34934988],[250505.48847561,1994105.77639426],[250501.46630901,1994099.32763127],[250494.20449023,1994087.68471522],[250489.84183803,1994081.20511643],[250486.14566647,1994074.32352863],[250483.15267149,1994067.10827287],[250481.5782206,1994061.89938533],[250480.8925678,1994059.63098285],[250479.38779393,1994051.96589378],[250478.92024432,1994044.48509995],[250477.5357069,1994022.33250118],[250477.66420076,1993978.38759844],[250475.55132793,1993950.23339865],[250472.37632157,1993909.61977576],[250471.89240509,1993894.76353977],[250471.47765163,1993882.03060837],[250471.05340226,1993869.00615286],[250469.46589909,1993855.24779202],[250464.83568149,1993841.62172309],[250455.70753824,1993815.03104491],[250447.10856271,1993787.11744742],[250438.77417104,1993758.54239027],[250432.27236995,1993739.37918706],[250428.71998426,1993728.90899767],[250421.71299258,1993705.17563874],[250416.41683466,1993687.23703933],[250408.47931878,1993659.98490149],[250400.40951098,1993637.09839738],[250394.45637407,1993616.19627224],[250391.93797764,1993606.86339137],[250387.70948557,1993591.19309724],[250379.24280198,1993569.76180437],[250378.35357135,1993566.64949718],[250376.06779563,1993558.64928215],[250373.02508121,1993544.09716971],[250371.36366249,1993540.98200961],[250367.68202951,1993534.07894778],[250364.55839761,1993528.22213796],[250356.4885898,1993501.89604365],[250355.58413345,1993498.79695055],[250347.49273847,1993471.07202366],[250341.93647736,1993442.62925844],[250336.90938397,1993422.25630103],[250333.33750183,1993398.97292113],[250330.57824162,1993377.4901095],[250329.63332776,1993370.13328012],[250327.38393225,1993352.33371565],[250326.59061334,1993346.05614863],[250323.89005505,1993330.52793846],[250321.82810381,1993318.67171886],[250319.81815746,1993306.2688792],[250318.07283282,1993295.49894907],[250316.40413463,1993285.20186025],[250314.68433952,1993269.85599623],[250308.46661876,1993232.81425548],[250306.21765593,1993210.72150296],[250304.00705799,1993176.78232288],[250301.4551464,1993141.92969871],[250300.52030917,1993133.2582775],[250298.83425081,1993117.61863271],[250297.61868039,1993106.3431692],[250294.50532263,1993084.47372929],[250292.19471121,1993068.243093],[250290.27517329,1993052.40690518],[250289.54887259,1993046.41492435],[250288.71195987,1993039.06642245],[250284.12490341,1992998.7898291],[250280.2884374,1992952.88452895],[250277.24572298,1992920.34071387],[250275.12905208,1992874.17082986],[250275.02168272,1992870.49342905],[250274.29459469,1992845.59066417],[250270.67282376,1992798.48632618],[250270.63112642,1992791.3560809],[250269.34109173,1992759.85773404],[250269.04362324,1992752.59454504],[250268.03847213,1992740.97499814],[250265.73632496,1992714.36217691],[250263.61965406,1992687.77149873],[250264.64931888,1992666.88019633],[250284.21199559,1992666.16381662],[250335.35605622,1992662.14214191],[250369.50855681,1992658.40726184],[250386.6472028,1992654.24366808],[250387.57324632,1992647.09990379],[250390.8805446,1992631.88633169],[250397.78212058,1992605.90956655],[250400.40556365,1992596.03521832],[250410.72433429,1992559.78722916],[250416.94205506,1992539.94343947],[250422.89519196,1992516.66005957],[250426.73165797,1992503.56315838],[250428.58374501,1992492.58292808],[250428.84832887,1992475.64956089],[250426.830963,1992462.4835942],[250426.33478217,1992459.24536141],[250420.24935334,1992429.32092656],[250411.88850328,1992385.61167248],[250405.53849058,1992361.79912485],[250402.68098487,1992349.52243363],[250395.59013735,1992327.61488981],[250391.23238269,1992312.85475307],[250389.02845756,1992305.38984537],[250379.29177142,1992277.44978949],[250377.80362795,1992272.5338998],[250369.87258592,1992246.33472726],[250358.12506242,1992211.72715804],[250352.1983839,1992191.61878449],[250346.48337247,1992176.27292046],[250343.09669903,1992169.39374004],[250073.8537,1992241.95760001],[250064.2291,1992245.2605],[250057.53376404,1992247.45959143],[250026.2877,1992257.72240001],[250004.3008,1992264.2312],[249953.1832,1992280.74120001],[249945.1001,1992283.2059],[249912.8342,1992293.0444],[249873.345,1992304.7522],[249858.3818,1992309.52870001],[249841.0034,1992315.0763],[249837.4145,1992316.2219],[249786.0853,1992332.0969],[249740.5768,1992346.70200001],[249679.8284,1992364.48200001],[249638.9008,1992377.4978],[249609.52,1992388.4617],[249591.1434,1992398.6645],[249583.2605,1992403.3358],[249573.284,1992409.2478],[249561.7459,1992415.151],[249550.5298,1992420.8895],[249517.4568,1992439.5427],[249465.7452,1992468.4123],[249452.766,1992475.6584],[249402.7597,1992503.9689],[249370.6128,1992522.75430001],[249318.0929,1992552.38770001],[249248.6396,1992592.33990001],[249228.1199,1992605.6011],[249226.4708,1992603.952],[249224.5604,1992602.61440001],[249222.4468,1992601.6287],[249220.1941,1992601.0251],[249217.8708,1992600.82190001],[249215.5475,1992601.0251],[249213.2948,1992601.6287],[249211.1811,1992602.61440001],[249209.2707,1992603.952],[249207.6216,1992605.6011],[249206.284,1992607.5115],[249187.5392,1992603.8997],[249165.1554,1992599.77220001],[249078.7983,1992587.4205],[249049.6698,1992583.25420001],[248971.3001,1992570.5542],[248963.6624,1992568.0936],[248953.2907,1992563.2252],[248941.6491,1992557.2986],[248932.9707,1992550.52520001],[248924.2924,1992541.0002],[248916.884,1992530.62850001],[248909.7138,1992517.7565],[248908.3304,1992514.5348],[248893.85485299,1992480.82255815],[248889.2586,1992470.1183],[248875.1525,1992437.26680001],[248859.8284,1992400.8358],[248853.1638,1992384.9914],[248817.6084,1992300.463],[248798.5952,1992254.0742],[248797.4543,1992251.4914],[248795.67343936,1992247.45959143],[248788.42766054,1992231.05539195],[248778.14332932,1992207.77201205],[248772.5337,1992195.07200001],[248762.0331,1992170.29130001],[248741.0264,1992120.71660001],[248728.1269,1992090.2746],[248715.86995938,1992061.348913],[248703.23788552,1992031.53793279],[248702.12573524,1992028.91332099],[248698.08961354,1992019.38830195],[248696.29578167,1992015.15496015],[248694.4455,1992010.78840001],[248676.8976,1991969.3765],[248664.85295969,1991941.07147865],[248662.82636824,1991936.30896912],[248653.6591,1991914.7658],[248638.3003,1991878.6727],[248626.5946,1991851.16450001],[248623.9809,1991845.02210001],[248611.3211,1991813.8162],[248601.98862982,1991790.8119136],[248593.8646,1991770.7864],[248582.4061,1991746.8377],[248558.18906781,1991696.22318275],[248554.1347,1991687.7494],[248544.91905,1991665.93355],[248541.77717587,1991658.4959135],[248537.30645889,1991647.91255899],[248535.7034,1991644.1177],[248529.25919116,1991628.86252089],[248524.6336,1991617.91250001],[248504.7898,1991570.4197],[248503.03868222,1991566.21541407],[248501.84080001,1991563.33940001],[248498.8918,1991556.25910001],[248493.3069,1991542.85010001],[248476.4793,1991506.4963],[248460.9879,1991474.5345],[248456.7617,1991466.1557],[248449.6108,1991451.9788],[248441.4723,1991436.38],[248426.4796,1991407.825],[248423.2256,1991401.85105],[248372.2928,1991314.6518],[248351.71132843,1991280.82651863],[248345.0936,1991269.95040001],[248333.54389229,1991251.72229375],[248326.8962,1991241.23070001],[248296.4763,1991193.22100001],[248251.3198,1991127.81590001],[248245.7911,1991120.26880001],[248241.3185,1991114.1634],[248230.0936,1991098.6707],[248210.8384,1991072.09450001],[248207.0029,1991066.2284],[248194.6459,1991047.32950001],[248188.9309,1991036.3757],[248173.1405,1990992.3374],[248163.1512,1990949.0504],[248133.0634,1990956.4643],[248115.2158096,1990966.67081679],[248099.48,1990975.6697],[248077.56618824,1990988.20157944],[248015.5584,1991023.662],[248008.45092135,1991027.73473128],[248005.96015372,1991029.16199231],[247992.42045313,1991036.9205189],[247963.6641,1991053.3985],[247959.3922,1991055.6443],[247955.0537,1991056.9696],[247950.5629,1991057.6119],[247946.0269,1991057.5559],[247941.5534,1991056.803],[247937.2489,1991055.3711],[247933.2158,1991053.2942],[247929.5501,1991050.6218],[247920.3779,1991042.2874],[247897.6104,1991050.0265],[247854.65439559,1991065.31138761],[247817.2299,1991078.628],[247797.1023,1991085.4402],[247787.8559,1991088.5696],[247777.5952,1991092.0424],[247744.1761,1991104.799],[247733.9881,1991108.0037],[247723.6283,1991110.5991],[247713.1328,1991112.5762],[247702.5386,1991113.928],[247691.883,1991114.6498],[247681.2033,1991114.739],[247673.02013441,1991114.32194854],[247670.5371,1991114.1954],[247664.1912,1991113.4932],[247659.9219,1991113.0208],[247653.34769681,1991111.89581871],[247649.3948,1991111.2194],[247643.7287,1991110.9385],[247630.2551,1991111.5025],[247611.8433,1991113.4926],[247593.63659827,1991115.73648591],[247569.0244,1991118.7698],[247558.8101,1991119.6951],[247535.8515,1991120.763],[247529.4757,1991120.8371],[247508.5465,1991121.0805],[247473.6849,1991118.4567],[247443.66119958,1991115.57280443],[247426.5936,1991113.9334],[247420.1223,1991114.125],[247417.7278,1991114.8456],[247357.8095,1991153.0888],[247353.527,1991155.5544],[247338.7411,1991164.0675],[247313.7113,1991177.9113],[247287.8793,1991191.4497],[247285.4455,1991192.4971],[247281.019,1991194.402],[247275.1385,1991196.2699],[247249.9195,1991204.8772],[247220.2802,1991211.6137],[247192.3951,1991217.4287],[247184.1135,1991219.6374],[247180.1298,1991220.6998],[247160.8845,1991228.21],[247131.8067,1991235.7578],[247126.4755,1991237.3598],[247117.5061,1991240.6142],[247106.7904,1991245.2179],[247102.4248,1991247.3611],[247098.6869,1991250.9236],[247036.7967,1991252.946],[246982.7513,1991258.7389],[246957.7888,1991261.4145],[246884.6229,1991268.092],[246869.7561,1991264.3881],[246856.2358,1991265.636],[246835.5983,1991271.986],[246830.7282,1991272.67],[246819.0931,1991274.3042],[246788.5024,1991278.6006],[246745.7368,1991282.0346],[246733.2375,1991283.0382],[246729.7738,1991283.3164]]]]},"geometry_name":"geometry","properties":{"ogc_fid":1,"zoning":"UDb","zone_name":"Zone of Surroundings of Urban Area relevant to Ag*","h":20,"e":0.5,"cos":2}},{"type":"Feature","id":"glup2030_cdudcp_v1.2","geometry":{"type":"MultiPolygon","coordinates":[[[[247473.7491,1996247.45630001],[247463.40710001,1996251.69480001],[247413.3478,1996275.50740001],[247392.20850001,1996257.28120001],[247355.16670001,1996236.1145],[247306.21870002,1996209.98690001],[247265.02300001,1996188],[247207.8729,1996161.17120001],[247200.2673,1996157.1347],[247164.79650001,1996138.30940001],[247159.5376,1996135.51830001],[247153.27170001,1996132.1929],[247151.04030001,1996131.00860001],[247118.3377,1996115.13360001],[247097.3827,1996103.70350001],[247085.00010001,1996097.1948],[247071.18890001,1996087.8285],[247059.12380001,1996078.30350002],[247046.2651,1996061.79350001],[247030.39000001,1996042.5847],[247003.87870001,1996013.69210001],[246990.86120001,1996003.53210001],[246975.77990001,1995994.16580001],[246964.19120001,1995985.5933],[246948.4749,1995971.94080002],[246927.98320001,1995950.84190001],[246916.0898,1995940.032],[246901.1673,1995928.9194],[246886.56220001,1995920.9819],[246870.10510001,1995913.9969],[246849.15010001,1995908.59940001],[246835.4976,1995903.0961],[246830.7097,1995901.09650001],[246826.1849,1995898.557],[246821.9838,1995895.51170002],[246818.1629,1995892.00140001],[246814.77310001,1995888.07300001],[246811.86000001,1995883.77930001],[246809.46250002,1995879.17770001],[246805.48200001,1995872.2918],[246794.96330001,1995854.0951],[246774.64330001,1995810.80920001],[246756.1224,1995783.61],[246734.9896,1995757.19400001],[246729.02900001,1995749.74319999],[246700.1365,1995710.58480001],[246678.01720001,1995684.1264],[246663.8356,1995670.26230001],[246639.91720002,1995649.6247],[246625.20630001,1995639.25300001],[246590.5987,1995617.45130001],[246553.34530001,1995596.70790001],[246527.73360001,1995584.64290001],[246500.42860001,1995565.38120001],[246497.5685,1995562.5404],[246508.41640001,1995553.94140002],[246527.20180001,1995543.49030001],[246548.36860001,1995531.8486],[246574.03320002,1995521.2653],[246596.78740002,1995511.87260001],[246612.927,1995503.935],[246635.94580002,1995491.3673],[246653.5406,1995481.04850001],[246659.64810001,1995477.60230001],[246657.4521,1995468.47420001],[246651.89580001,1995448.7892],[246638.87830001,1995411.6416],[246632.1449,1995393.01540001],[246626.6545,1995377.82780001],[246618.55820001,1995359.57150001],[246595.46010001,1995318.48160001],[246570.58920001,1995278.52940001],[246548.81520001,1995241.75560001],[246546.77660002,1995238.31270001],[246545.59480001,1995236.52040001],[246518.5985,1995195.58240001],[246504.7078,1995176.4001],[246482.21820001,1995151.26460001],[246468.19520001,1995137.37400001],[246451.65870001,1995124.54160001],[246434.32850001,1995112.23850001],[246408.0024,1995096.76030001],[246384.32220001,1995084.9863],[246322.6741,1995063.2905],[246284.8386,1995050.1936],[246220.80930001,1995028.49770001],[246194.8459,1995019.76960001],[246158.6321,1995007.59560001],[246103.73100001,1994988.9424],[246033.8808,1994964.33610001],[245971.30670001,1994942.6402],[245914.5535,1994923.5902],[245876.45340001,1994910.49330002],[245832.26790001,1994892.63390001],[245811.8307,1994883.3941],[245797.73970001,1994877.02340001],[245772.6043,1994864.7203],[245762.28550001,1994858.63490001],[245748.39480002,1994850.16820001],[245741.64790001,1994847.78690001],[245730.53540001,1994846.1994],[245722.0687,1994844.08270001],[245716.77710001,1994842.4952],[245712.54370001,1994838.7911],[245704.73850001,1994831.2504],[245693.75830001,1994821.85770001],[245678.28010001,1994810.21600001],[245651.95400001,1994795.39930001],[245612.79560001,1994769.73470001],[245563.58300001,1994739.1752],[245533.4204,1994722.3742],[245518.86830001,1994717.08250001],[245504.31620001,1994715.09810001],[245481.562,1994714.3044],[245471.18980001,1994714.96290001],[245464.8932,1994715.36270002],[245459.3272,1994716.60770001],[245454.839,1994717.61170002],[245422.16290001,1994729.12110001],[245408.75240001,1994735.2984],[245388.56080001,1994744.59920001],[245365.0128,1994757.9607],[245335.1148,1994775.2909],[245330.15550001,1994778.19690001],[245324.9112,1994780.54980001],[245319.4433,1994782.32210001],[245313.81580001,1994783.49300002],[245277.30330001,1994785.8743],[245254.94590001,1994784.81600001],[245248.37940001,1994785.0659],[245241.82200001,1994784.64010001],[245235.34300001,1994783.54290001],[245229.0109,1994781.7862],[245222.8928,1994779.3883],[245217.0533,1994776.3748],[245211.55420001,1994772.77740001],[245195.2325,1994757.1399],[245189.46140001,1994751.6107],[245151.67890001,1994712.7169],[245105.3238,1994665.0918],[245085.16250002,1994643.6605],[245057.8574,1994614.76790001],[245023.88480001,1994579.84280001],[244999.7548,1994554.44280001],[244937.52470001,1994505.8652],[244895.29710001,1994472.6864],[244873.707,1994455.5413],[244871.97540002,1994454.0284],[244858.6258,1994442.3651],[244848.942,1994432.9988],[244838.14700001,1994418.07630001],[244820.52570001,1994393.31120001],[244792.74440001,1994351.24240001],[244761.6293,1994305.5223],[244736.86430001,1994266.94600001],[244724.1559,1994253.59140002],[244718.13170002,1994247.26090001],[244704.47920001,1994231.54460001],[244671.221,1994203.63100001],[244640.34880001,1994178.90910001],[244637.3543,1994176.5112],[244625.31570001,1994165.79550001],[244614.9969,1994159.71010001],[244601.1063,1994155.07990001],[244558.50830001,1994141.85070001],[244515.2488,1994125.84340001],[244488.92270002,1994115.7892],[244466.16850002,1994108.64540001],[244452.1456,1994104.4121],[244432.03720001,1994099.91420001],[244416.41959999,1994097.40590002],[244388.38090001,1994092.9027],[244364.83290001,1994087.34640001],[244344.45990002,1994083.37770002],[244315.22340002,1994077.4245],[244288.10360001,1994075.57250001],[244267.99520001,1994073.1912],[244244.84410001,1994072.0006],[244230.02740001,1994069.8839],[244226.29750001,1994069.15770001],[244215.07840001,1994066.97350002],[244191.3982,1994062.21100001],[244160.30960001,1994057.44850001],[244135.57100001,1994053.47970001],[244116.9178,1994052.42140001],[244098.39700001,1994053.74430001],[244079.47920001,1994053.8766],[244062.5458,1994052.4214],[244047.86140001,1994048.84950001],[244032.64790001,1994045.54220001],[244009.62910001,1994040.5151],[243980.78940001,1994033.3713],[243961.46870001,1994031.19],[243956.1831,1994030.5932],[243907.2351,1994021.0682],[243880.909,1994015.77650001],[243866.35690001,1994012.0723],[243835.53290001,1994002.54730001],[243822.43600001,1993999.3723],[243807.09010001,1993994.7421],[243797.82970001,1993992.22850001],[243792.14500001,1993991.59690001],[243785.79110001,1993991.43480001],[243771.10670001,1993992.89000001],[243758.0098,1993994.74210001],[243739.62120001,1993998.31400001],[243713.29510001,1994006.3838],[243706.01910001,1994007.97130001],[243700.59510001,1994008.63270001],[243697.0232,1994008.63270001],[243693.8482,1994008.63270001],[243684.32320001,1994008.23590001],[243673.8721,1994007.04520001],[243630.61270001,1994002.81190002],[243577.6959,1994000.95980001],[243547.93020001,1993999.37230001],[243516.44470001,1993998.5785],[243469.6134,1993998.31400001],[243446.02280001,1993998.55170001],[243417.0935,1993998.84310001],[243348.1694,1993997.91710001],[243324.35690001,1993997.7848],[243316.41930001,1993997.2556],[243307.42350001,1993998.97540001],[243300.0151,1994001.62130001],[243294.7383,1994004.97000001],[243286.38910001,1994011.41090001],[243261.2536,1994027.15360001],[243219.31710001,1994056.25780001],[243201.3254,1994067.37040001],[243160.44720001,1994091.18290001],[243146.0273,1994101.1048],[243142.9846,1994102.16310001],[243139.01590001,1994102.03080001],[243124.19920002,1994102.42770002],[243113.4372,1994101.46520001],[243108.66120001,1994101.03800001],[243107.5652,1994102.8241],[243103.1201,1994114.14830001],[243095.5001,1994127.90660001],[243079.4134,1994152.56580001],[243068.30090001,1994170.02840001],[243063.50070001,1994179.38490002],[243059.3181,1994189.0333],[243055.77090001,1994198.93300001],[243052.8738,1994209.0421],[243050.6393,1994219.31800001],[243049.0767,1994229.71720001],[243048.6331,1994234.97450001],[243048.1925,1994240.19600002],[243047.37410001,1994246.36960001],[243046.73910001,1994254.9422],[243045.6807,1994263.62050001],[243044.51660001,1994271.02890001],[243040.60070001,1994282.03550001],[243035.09740001,1994295.15890001],[243026.8424,1994311.88060001],[243023.9653,1994318.62800001],[243021.66890001,1994325.59450001],[243019.9698,1994332.7302],[243018.88000001,1994339.984],[243018.4073,1994347.30390001],[243018.5553,1994354.63760001],[243019.32260001,1994361.93260001],[243020.70400001,1994369.13650001],[243022.71490001,1994379.0849],[243025.149,1994388.0808],[243027.7949,1994395.48910001],[243031.6049,1994402.2624],[243035.20320001,1994408.82410001],[243038.3782,1994412.84580001],[243036.50980001,1994417.67640002],[243027.77850001,1994424.97890001],[243012.221,1994439.26650001],[242996.6635,1994454.6652],[242970.1522,1994481.97030001],[242940.1484,1994514.6729],[242913.47830001,1994544.51790001],[242907.12510001,1994550.8711],[242893.12390001,1994564.8723],[242888.4277,1994569.53210001],[242883.3648,1994573.7909],[242877.96960001,1994577.61980001],[242872.27830001,1994580.9931],[242866.3295,1994583.888],[242834.2029,1994595.40510001],[242828.74070001,1994597.3632],[242824.2606,1994598.96930001],[242770.2855,1994616.59060001],[242740.44050001,1994628.02060001],[242719.00920001,1994637.54560001],[242715.61740001,1994639.59950001],[242690.4341,1994654.8494],[242645.03149999,1994690.56820001],[242631.01460001,1994700.4104],[242586.3997,1994731.73750001],[242578.17300001,1994737.73610001],[242535.5996,1994768.77920001],[242511.18540001,1994787.03860001],[242497.3086,1994798.10570001],[242493.46070001,1994801.5599],[242489.98820001,1994805.39140001],[242486.928,1994809.55960001],[242484.31260002,1994814.02040001],[242482.16960001,1994818.72630002],[242475.89850001,1994833.9587],[242472.1797,1994845.52360001],[242467.6016,1994867.99810001],[242456.48910001,1994922.50240001],[242453.5653,1994933.3349],[242449.94660001,1994943.9554],[242445.64810001,1994954.31950001],[242440.6879,1994964.38360002],[242437.3156,1994970.23680002],[242435.0866,1994974.10560001],[242428.86790001,1994983.44470002],[242422.0578,1994992.36170001],[242414.6848,1995000.8192],[242391.666,1995024.3672],[242370.49930001,1995044.47560001],[242346.50030001,1995062.78],[242340.914,1995062.98170001],[242331.48480001,1995063.21740001],[242264.71389999,1995064.88670001],[242227.46040001,1995065.7334],[242185.30220001,1995067.48500002],[242118.87120001,1995070.24520001],[242062.27000008,1995072.36857875],[242059.96110001,1995072.45520001],[242002.74610001,1995074.60170001],[241979.5983,1995075.47010001],[241933.6665,1995076.74009999],[241883.00572173,1995077.9274545],[241877.56502008,1995078.11774877],[241826.7746,1995080.97340001],[241791.47590001,1995082.04600001],[241750.15120001,1995083.3017],[241708.28990002,1995084.98740001],[241536.56450001,1994631.6388],[241391.9448,1994249.84810001],[241401.001,1994245.7497],[241409.7255,1994240.986],[241415.31070001,1994237.36970001],[241418.06950001,1994235.5835],[241425.43930001,1994231.81020001],[241434.606,1994227.1168],[241464.10710001,1994212.9615],[241484.74470001,1994204.75940001],[241509.21870002,1994196.425],[241526.15210001,1994193.64690001],[241540.96880001,1994191.79480001],[241554.06570001,1994191.0011],[241562.13550001,1994191.00110002],[241568.22090001,1994190.2073],[241572.18960001,1994188.61980001],[241579.9949,1994184.51880001],[241603.26750001,1994172.20410001],[241609.49600001,1994168.90830001],[241613.32790001,1994166.83080001],[241642.43670001,1994151.04890001],[241659.5023,1994140.99470001],[241676.8691,1994133.80140002],[241681.8597,1994131.73430001],[241697.07320001,1994124.72280001],[241698.8003,1994123.18770001],[241701.79740001,1994120.86430001],[241708.4503,1994116.91760001],[241726.54000001,1994109.00230001],[241759.56010001,1994099.15980001],[241805.75640001,1994090.26980002],[241835.6015,1994084.5547],[241860.52530001,1994079.63350001],[241885.9253,1994074.87100001],[241908.62660001,1994067.88600001],[241955.29920001,1994054.39220001],[241976.1512,1994045.69140001],[242006.89310001,1994032.64340001],[242023.7206,1994023.43590001],[242032.45430001,1994016.56530001],[242035.62690002,1994014.06960001],[242045.78690001,1994005.65580001],[242054.20060001,1993993.90830001],[242065.3132,1993978.98580001],[242072.1394,1993973.27080001],[242082.4582,1993967.2383],[242091.34820001,1993961.8407],[242094.68200001,1993958.34820001],[242096.2695,1993952.31570001],[242099.6032,1993930.2494],[242105.47700001,1993903.73810001],[242110.39830001,1993880.56060001],[242116.98640001,1993854.04290001],[242126.03260001,1993855.1627],[242148.5752,1993859.60770001],[242184.13520001,1993866.7515],[242203.1853,1993871.43460001],[242207.6007,1993859.63450001],[242201.35420001,1993858.11230001],[242186.85950001,1993854.5491],[242186.5374,1993844.8367],[242184.28850001,1993835.444],[242174.49890002,1993808.19180002],[242164.9739,1993784.64390001],[242158.3593,1993768.23970001],[242151.74470001,1993748.925],[242144.86550001,1993728.02290001],[242137.85400001,1993702.226],[242128.329,1993661.4801],[242126.02520001,1993648.20660001],[242124.48270001,1993634.82330001],[242123.7063,1993621.37380001],[242123.6988,1993607.90180001],[242125.154,1993583.69240001],[242130.3134,1993527.7329],[242130.2776,1993520.884],[242129.51960001,1993514.07710001],[242128.0481,1993507.38810001],[242125.87920001,1993500.89149999],[242123.03730001,1993494.66000001],[242109.41120001,1993466.74640001],[242103.06700001,1993453.76280001],[242098.03410001,1993443.46300001],[242094.56490001,1993434.59760001],[242091.74020001,1993425.50620002],[242089.5748,1993416.23570002],[242088.07980001,1993406.83380001],[242087.26280001,1993397.34890001],[242087.12800001,1993387.82980001],[242088.18630001,1993375.76480001],[242088.996,1993368.87240002],[242090.47340002,1993362.0918],[242092.60420001,1993355.48730001],[242095.3684,1993349.12180001],[242098.73950001,1993343.05590001],[242102.6855,1993337.3472],[242126.70970001,1993306.65550001],[242140.89140001,1993287.18210001],[242143.2937,1993283.78020002],[242145.1133,1993280.0341],[242146.3019,1993276.04270001],[242146.8283,1993271.91140001],[242146.67850002,1993267.74950001],[242145.85650001,1993263.6668],[242144.3839,1993259.77120001],[242136.27560001,1993237.2889],[242130.41390001,1993221.03610001],[242121.77230001,1993197.21770002],[242113.48050001,1993174.36350001],[242105.96640001,1993155.7368],[242099.82800001,1993138.90930001],[242092.84300001,1993119.85930001],[242086.06970001,1993103.56090001],[242080.677,1993093.47660001],[242075.48630002,1993083.77000001],[242064.58550001,1993068.63580001],[242058.66080001,1993061.0705],[242043.94790001,1993042.28330001],[242023.3104,1993014.97820001],[242016.61790001,1993006.9901],[242010.3649,1992998.6534],[242004.5696,1992989.99230001],[241999.2488,1992981.03190001],[241994.41780001,1992971.7981],[241982.14110001,1992947.98560001],[241976.3009,1992934.63200001],[241962.56190001,1992903.218],[241950.81440002,1992874.4313],[241946.79270001,1992864.58880001],[241945.4407,1992858.9944],[241943.72350001,1992851.8887],[241939.91350001,1992842.0462],[241934.51600001,1992831.03950001],[241929.11850001,1992817.81030001],[241917.79430001,1992785.84860001],[241901.17850001,1992742.88020001],[241892.18260001,1992719.8085],[241890.4101,1992715.3706],[241877.89510001,1992684.0367],[241866.78260001,1992654.93250001],[241856.8682,1992628.89720001],[241853.76500001,1992620.74830001],[241846.78,1992605.4024],[241842.6525,1992595.4541],[241838.10170002,1992583.9182],[241830.0583,1992560.4232],[241826.56880001,1992551.2632],[241813.12490001,1992515.9731],[241810.91790001,1992510.53200001],[241797.88490001,1992478.40220002],[241786.66660001,1992448.5571],[241777.5905,1992425.2823],[241769.4157,1992404.31870001],[241755.9748,1992371.72190002],[241743.38060001,1992338.8077],[241734.70230001,1992317.3235],[241724.85980002,1992294.04010001],[241718.2451,1992277.9759],[241717.45140001,1992276.0484],[241712.9006,1992260.7026],[241703.3756,1992239.5358],[241695.12050001,1992223.9783],[241685.7369,1992211.68010001],[241681.1505,1992205.66910002],[241661.04210001,1992178.8932],[241644.4263,1992155.71570001],[241622.20120001,1992127.98730001],[241585.2653,1992085.75970001],[241560.71190001,1992059.1955],[241534.5003,1992033.3148],[241509.8042,1992057.61020001],[241476.62530001,1992089.36030001],[241470.8643,1992095.19660001],[241436.14010001,1992130.37460001],[241406.90550001,1992159.99120001],[241402.65830001,1992164.29390001],[241375.4603,1992191.3036],[241351.0644,1992215.53060001],[241309.3131,1992258.5519],[241286.0007,1992281.99490001],[241262.10070001,1992306.02890001],[241240.4272,1992327.4728],[241210.75920001,1992356.8264],[241203.83940001,1992363.6729],[241149.33510001,1992417.9126],[241097.90000001,1992468.65440001],[241075.0961,1992491.4583],[241073.3466,1992493.20780001],[241042.65490001,1992523.05290001],[241018.3132,1992548.2413],[240971.55240001,1992592.72660001],[240909.37520001,1992656.75590001],[240877.78130001,1992688.0751],[240799.2025,1992765.9709],[240758.7211,1992806.6109],[240681.9852,1992883.3833],[240631.4894,1992935.22850001],[240626.39500001,1992940.24900001],[240602.27930001,1992964.01520001],[240571.58760001,1992991.74360001],[240547.4575,1993011.4286],[240529.0319,1993025.77960001],[240512.9452,1993035.9397],[240492.6252,1993047.58140001],[240450.08010001,1993070.44140001],[240414.3139,1993088.40850001],[240404.99500001,1993093.0898],[240397.4272,1993097.1197],[240355.9059,1993119.2307],[240246.89730001,1993174.5287],[240176.25340001,1993210.24750001],[240155.6159,1993219.77250001],[240131.2716,1993225.79240001],[239613.08550001,1993303.06850002],[239595.1467,1993268.61970001],[239589.77980001,1993258.36140001],[239582.6054,1993244.6484],[239570.69920001,1993218.29580001],[239558.63410001,1993191.14950002],[239553.2311,1993175.14960001],[239508.30170001,1993177.12770001],[239496.88700001,1993178.60190001],[239487.97020001,1993179.75340001],[239476.12830001,1993182.73680001],[239472.09370001,1993183.1625],[239441.52070002,1993186.3881],[239423.10570001,1993190.8331],[239415.65660001,1993193.57720001],[239408.51120001,1993196.2095],[239376.64900001,1992821.3622],[239392.39930001,1992800.2797],[239403.64550001,1992785.22610001],[239427.16750001,1992753.74090001],[239459.31410001,1992710.71110001],[239474.87210001,1992689.27610001],[239491.1317,1992666.87450001],[239512.9566,1992636.80520001],[239519.26680002,1992628.11140002],[239530.08560002,1992614.31210001],[239578.08550001,1992553.08910001],[239628.07060001,1992499.363],[239657.43410001,1992467.8019],[239694.5835,1992429.59130002],[239709.51400001,1992414.2343],[239713.76760001,1992409.85920001],[239734.5858,1992388.4463],[239739.78410001,1992382.76150001],[239740.28950001,1992378.51610001],[239741.08320001,1992373.9124],[239743.6232,1992365.81610002],[239746.1632,1992357.56110001],[239747.75070001,1992351.36979999],[239748.61060001,1992340.426],[239748.29310001,1992329.7897],[239747.65810001,1992322.96340001],[239745.9119,1992317.08970001],[239744.80060001,1992312.48590001],[239745.43560001,1992303.11960001],[239745.27690001,1992289.46710002],[239743.53060002,1992277.24330001],[239739.87940001,1992263.11460001],[239737.9536,1992255.1186],[239748.289,1992251.43970001],[239756.8849,1992246.69350002],[239764.0816,1992250.71520001],[239774.8766,1992253.6785],[239791.38660001,1992258.54690001],[239802.81670001,1992260.6635],[239822.7134,1992258.97019999],[239848.1531,1992254.64420001],[239863.97450001,1992252.92010002],[239881.17320001,1992251.04590001],[239905.30320001,1992250.6226],[239914.36170001,1992250.65630002],[239922.07150002,1992250.68490002],[239931.08170001,1992250.71850001],[239946.56380001,1992250.77600002],[239962.43880001,1992250.45850001],[239965.62060001,1992250.3735],[239974.2441,1992250.14320001],[239979.02490001,1992250.01550001],[239976.84740001,1992237.67710001],[239969.2217,1992194.46810001],[239964.7238,1992154.51590001],[239965.6498,1992118.98230001],[239968.03110001,1992091.20100001],[239971.9998,1992066.59470001],[239972.96320001,1992062.15520001],[239976.5771,1992045.5021],[239981.0221,1992022.43030001],[239989.7005,1991993.43200001],[239996.65900001,1991973.86600001],[240024.2622,1991912.61570001],[240031.8222,1991895.84020001],[240051.5584,1991852.14340001],[240057.42290001,1991839.1593],[240064.7745,1991822.8825],[240078.5477,1991792.38790001],[240098.5421,1991749.2],[240107.34470001,1991730.18640001],[240118.2353,1991706.66270001],[240139.0568,1991661.23070001],[240167.44730001,1991599.28330001],[240171.1521,1991591.19940001],[240206.1301,1991514.95960001],[240233.64680001,1991455.90450001],[240237.10580001,1991447.88250001],[240252.7321,1991411.6429],[240277.27230001,1991359.45370001],[240301.31920001,1991305.1501],[240303.7571,1991299.64460001],[240344.15910001,1991210.69150001],[240373.7164,1991146.7845],[240376.9238,1991139.95060001],[240403.5016,1991083.32190001],[240406.6174,1991076.68300001],[240410.46560001,1991068.54060001],[240428.52490001,1991030.328],[240455.5495,1990971.1582],[240478.85940001,1990916.2041],[240523.99350001,1990811.82180001],[240580.2126,1990687.24210001],[240593.1316,1990657.69650001],[240627.2292,1990579.71520001],[240673.16090001,1990481.1418],[240708.0066,1990400.0469],[240735.4175,1990337.9755],[240755.68280001,1990291.80750001],[240775.5185,1990246.61800001],[240782.73550001,1990229.93460001],[240787.7423,1990218.36040001],[240822.8896,1990139.5515],[240852.68180001,1990074.51680001],[240865.04670001,1990048.23840001],[240876.663,1990023.5513],[240877.8953,1990020.85640001],[240891.10930001,1989991.96000001],[240904.76180001,1989960.3687],[240906.27050001,1989957.28400001],[240924.34100001,1989920.3371],[240946.3544,1989873.347],[240986.4547,1989786.8599],[240994.3694,1989770.7395],[241009.1155,1989740.7052],[241031.43390001,1989695.24770001],[241057.1399,1989640.294],[241067.5211,1989618.10140001],[241083.22350001,1989584.5331],[241087.8503,1989575.10240001],[241112.3657,1989525.1333],[241129.49920001,1989490.21060001],[241184.25440001,1989379.1421],[241187.70770001,1989372.13750001],[241221.57440001,1989303.13400001],[241232.05260001,1989280.65060001],[241273.3481,1989192.0415],[241286.5685,1989167.02830001],[241291.3391,1989159.10070001],[241292.8448,1989156.5986],[241299.72320001,1989146.5556],[241302.7563,1989142.64180001],[241304.12060001,1989140.88140001],[241307.1797,1989136.93410001],[241315.18870001,1989127.76740001],[241323.7224,1989119.087],[241332.75140001,1989110.9231],[241338.6845,1989106.16100001],[241342.2444,1989103.30370001],[241329.9154,1989097.84670001],[241317.32110001,1989092.27220001],[241305.01900001,1989086.82700001],[241290.2753,1989081.55610001],[241271.73280001,1989074.92710001],[241246.04230001,1989065.4149],[241203.15270001,1989051.59080001],[241191.5341,1989047.81180001],[241183.4375,1989045.17830002],[241147.80450002,1989033.5884],[241144.3191,1989032.45480001],[241094.60930002,1989017.03550001],[241075.73899999,1989011.18220002],[241057.92160001,1989005.44590001],[241036.2102,1988998.45580001],[241017.00140001,1988995.5983],[240990.80760001,1988991.31200001],[240956.35400001,1988990.03960001],[240934.92750002,1988989.2482],[240904.60130001,1988991.91750001],[240882.92350001,1988993.82550001],[240857.77670001,1988998.55470001],[240838.6057,1989002.15990002],[240762.83550001,1989021.6509],[240759.33280001,1989022.58500002],[240719.1792,1989033.29260001],[240662.36420001,1989048.40040001],[240652.03050001,1989051.20080001],[240623.31160001,1989058.9837],[240578.38830001,1989072.38680002],[240573.82740001,1989073.7475],[240506.06750001,1989092.824],[240503.95840001,1989093.3835],[240382.69200001,1989125.55300001],[240348.56630002,1989133.85440001],[240346.4987,1989134.35740001],[240250.7043,1989157.66030001],[240202.1979,1989169.9356],[240115.83270001,1989191.79160001],[240071.17470002,1989203.86840001],[239988.73230001,1989226.1631],[239979.83660001,1989228.56880001],[239910.8035,1989247.9627],[239870.8479,1989259.1877],[239786.1811,1989286.7044],[239726.87010001,1989306.4527],[239691.38070001,1989318.26930001],[239667.26290001,1989326.51790001],[239609.3593,1989346.32170002],[239483.087,1989389.50849999],[239409.62070001,1989415.1048],[239404.10870001,1989417.02520001],[239353.731,1989432.70570001],[239344.18050001,1989435.67840001],[239339.56080001,1989437.46850001],[239327.32,1989442.21180001],[239312.4304,1989447.98149999],[239259.77830001,1989465.9732],[239230.93859999,1989476.0274],[239217.97400001,1989480.78990001],[239206.85059999,1989483.9713],[239201.83850001,1989485.05680002],[239195.5434,1989486.42010001],[239184.1004,1989488.12570001],[239172.5705,1989489.08100001],[239161.00290001,1989489.28190001],[239149.44680001,1989488.72750001],[239140.9421,1989487.88390001],[239110.14730001,1989484.82930001],[239095.1003,1989483.00390002],[239092.18230001,1989482.64990002],[239063.77610001,1989479.20390001],[239043.35320001,1989476.7264],[239029.44920001,1989475.03960001],[238997.53530001,1989470.64620001],[238972.22420001,1989467.1617],[238955.44880001,1989464.85220001],[238948.85690001,1989463.94480001],[238919.0295,1989459.57220001],[238913.05080001,1989458.69570001],[238898.3214,1989456.5364],[238889.6367,1989455.13390001],[238855.72340001,1989449.6572],[238828.88860001,1989447.75980001],[238780.0524,1989446.21760001],[238761.07390001,1989446.6491],[238729.31310001,1989447.37120001],[238702.74110001,1989447.97520001],[238690.4379,1989448.25490001],[238675.53610002,1989449.0501],[238633.64960001,1989451.28530001],[238624.7417,1989451.7607],[238603.6804,1989452.03780001],[238549.33530003,1989452.75290002],[238505.63050001,1989453.89060001],[238480.6122,1989455.275],[238452.07870001,1989456.8539],[238436.62700001,1989458.12390002],[238421.59860001,1989460.45230002],[238383.4985,1989468.28390002],[238359.36850001,1989474.2106],[238336.57800001,1989479.72580001],[238322.09630001,1989483.2303],[238253.4238,1989499.84880002],[238233.87980001,1989505.24990001],[238211.6137,1989511.4032],[238206.9894,1989512.68110001],[238169.6169,1989520.9494],[238146.46580001,1989525.57960001],[238134.6573,1989526.54350002],[238130.26000001,1989526.90250002],[238118.69680001,1989527.0905],[238089.58030001,1989527.56400001],[238020.63800001,1989524.7314],[237994.5947,1989523.6613],[237962.0278,1989523.36260001],[237946.7852,1989523.2228],[237889.08180001,1989522.6936],[237872.6795,1989522.5431],[237841.8081,1989522.26000001],[237834.02060001,1989521.99100001],[237740.1553,1989518.74930001],[237683.56520001,1989516.79490001],[237641.89360001,1989515.35570001],[237630.6158,1989515.44430001],[237554.1245,1989516.04550001],[237540.2889,1989515.61850001],[237526.42120002,1989515.19060001],[237511.269,1989513.12],[237502.24820001,1989511.8874],[237466.2648,1989505.27280002],[237434.4338,1989496.59980001],[237418.7725,1989491.35350002],[237393.10740001,1989481.48230002],[237359.70360001,1989462.29990001],[237248.2477,1989385.23990002],[237109.6168,1989289.10769999],[237013.37440001,1989222.63110001],[236992.586,1989210.7733],[236964.43430002,1989198.28490001],[236939.88090002,1989189.60660001],[236919.77260001,1989185.37319999],[236903.05090001,1989182.6216],[236825.1129,1989181.30640001],[236814.30410001,1989181.12400002],[236677.7789,1989178.7428],[236574.89980001,1989177.2104],[236460.33500002,1989175.88750001],[236343.0185,1989174.03540001],[236262.46460001,1989173.3177],[236247.98,1989173.18870001],[236119.73620001,1989178.2158],[236039.1704,1989181.78770002],[235963.1687,1989185.41250001],[235924.01030001,1989187.26460003],[235840.66640001,1989187.52920001],[235781.7965,1989188.05830001],[235732.0547,1989188.58750001],[235684.95879999,1989187],[235645.8004,1989185.4125],[235604.57770001,1989186.24110001],[235593.14819999,1989186.47080001],[235575.79790001,1989186.72050002],[235556.37100001,1989187.00000001],[235502.92510001,1989192.5562],[235487.31460001,1989193.87920001],[235424.87280001,1989198.1125],[235336.2373,1989208.16670002],[235297.608,1989211.60630001],[235235.1662,1989218.75],[235177.2224,1989222.50710001],[235150.76400001,1989222.77170002],[235121.13060001,1989225.68210001],[235114.85490001,1989226.48090001],[235092.02630001,1989229.3863],[235063.50420002,1989235.4717],[235059.3267,1989236.69780001],[235044.0308,1989241.18680002],[235026.67410001,1989248.59510001],[235000.6391,1989264.4701],[234964.02070001,1989290.71690002],[234915.07270002,1989330.32510001],[234900.6264,1989345.24760001],[234891.89510001,1989356.51890001],[234883.3226,1989371.28260001],[234876.49630001,1989385.72890001],[234868.5059,1989406.8824],[234859.82760001,1989432.07080002],[234852.20750001,1989461.06920001],[234844.69340002,1989490.438],[234837.23210001,1989507.4243],[234834.5667,1989510.68020001],[234831.38330001,1989513.4319],[234827.776,1989515.5982],[234822.91880002,1989517.30110001],[234825.47090001,1989522.1771],[234830.59060001,1989529.7812],[234840.5352,1989579.09780001],[234849.39330001,1989623.02670001],[234854.26390001,1989639.0301],[234857.78460001,1989650.5982],[234874.75510001,1989706.35810001],[234891.52020001,1989776.21280001],[234896.30120001,1989796.13380001],[234932.72480001,1989927.36770001],[234938.9851,1989949.93960001],[234964.5511,1990042.11960001],[234998.5176,1990164.58840001],[235015.0218,1990236.76100002],[235015.7481,1990239.93710001],[235028.59580001,1990296.1201],[235048.66420001,1990383.8792],[235062.39830001,1990467.8099],[235068.8821,1990507.4331],[235081.27220001,1990583.15010001],[235083.45790001,1990597.08430001],[235106.57670001,1990744.46640001],[235110.257,1990767.92850001],[235113.0216,1990790.0453],[235114.60570001,1990802.7183],[235311.8369,1990784.5094],[235510.53680001,1990856.81700001],[235640.55330001,1990915.06970001],[235649.8856,1990943.28610002],[235665.15330001,1990990.89350001],[235671.71380001,1991011.3503],[235679.2544,1991040.3223],[235684.41380001,1991055.8004],[235688.30850001,1991064.1137],[235690.6301,1991066.19510001],[235694.44680001,1991069.617],[235712.22690002,1991079.9887],[235723.02190001,1991087.82040001],[235736.7802,1991099.46210002],[235752.8564,1991114.51560001],[235765.08010001,1991124.67560001],[235772.54140002,1991131.34310001],[235778.73270002,1991135.6294],[235783.97140002,1991141.34440001],[235788.09890001,1991149.59939999],[235792.8614,1991165.31570001],[235796.9889,1991174.5232],[235800.4371,1991180.07850001],[235802.70400002,1991183.7307],[235811.60060002,1991193.3153],[235823.63920001,1991205.48610001],[235840.44020001,1991219.77360001],[235850.64880001,1991226.78510001],[235854.61750001,1991229.4309],[235857.13110001,1991232.87050001],[235858.45400002,1991238.95600002],[235858.8509,1991249.8039],[235860.25340001,1991270.14070001],[235860.43840001,1991272.8227],[235863.6398,1991301.00090002],[235861.68190001,1991319.2097],[235860.70290001,1991328.3139],[235859.7108,1991354.77230002],[235861.15320001,1991372.90610001],[235862.02590001,1991383.87650001],[235863.01810001,1991420.2568],[235862.68730001,1991442.08490001],[235864.67170001,1991462.81070001],[235868.30970001,1991479.0164],[235883.5233,1991521.0191],[235905.02070001,1991571.62080001],[235910.4447,1991581.0797],[235913.58320001,1991579.93810001],[235925.64820001,1991578.66810001],[235935.79500002,1991574.7655],[235942.66100001,1991567.8069],[235947.62190001,1991557.55430001],[235956.22090001,1991540.6871],[235962.3488,1991530.28290001],[235962.1371,1991523.08620001],[235964.04210001,1991516.10120002],[235967.05510001,1991506.76140001],[235968.3783,1991503.1419],[235972.45260001,1991491.9976],[235980.39010001,1991474.05880001],[235988.9229,1991457.9986],[235998.6596,1991441.27690001],[236011.783,1991420.9568],[236023.848,1991403.52070001],[236030.1563,1991391.741],[236045.04120001,1991367.2198],[236055.83620002,1991348.59310001],[236067.88140001,1991332.1823],[236076.77140001,1991322.0223],[236084.7089,1991313.92600001],[236100.92750001,1991299.29560002],[236109.83030002,1991289.22730001],[236202.3657,1991135.72730001],[236204.44470001,1991034.25380001],[236296.2486,1991013.5024],[236406.07390001,1990974.5321],[236512.35640001,1990907.21980001],[236753.2635,1990885.9633],[236856.00330001,1990942.64730001],[236895.65610001,1990938.14130001],[237011.88440001,1990924.9336],[237105.0493,1990867.10710001],[237217.36400001,1990797.39450002],[237263.41980002,1990673.39820002],[237298.5246,1990662.05460001],[237373.4634,1990637.83920001],[237387.41610001,1990641.51350001],[237415.74420001,1990641.12940001],[237447.64280001,1990625.5711],[237501.51060001,1990606.937],[237596.4384,1990597.22910001],[237636.93540001,1990596.24690001],[237688.7298,1990594.99060001],[237734.6057,1990599.0004],[237752.361,1990609.60100002],[237766.84720001,1990623.4624],[237766.48150001,1990626.12640001],[237766.1212,1990628.75160001],[237766.20060001,1990639.97],[237765.40680001,1990647.2725],[237767.15310002,1990665.8463],[237768.07180003,1990676.12240001],[237771.43930001,1990713.7889],[237776.1119,1990732.03990002],[237778.2168,1990737.0729],[237780.99440001,1990741.7684],[237784.39170001,1990746.03700001],[237788.34410001,1990749.7974],[237791.2731,1990751.89920001],[237797.60440001,1990755.51850001],[237802.73600001,1990757.37030001],[237808.07360001,1990758.49820001],[237817.3341,1990763.41950002],[237826.89010001,1990769.04430001],[237850.77750001,1990783.10450002],[237889.9359,1990807.44630001],[237903.2825,1990816.10070001],[237917.02930001,1990825.01460001],[237925.43120001,1990831.37040002],[237922.52750001,1990842.73180001],[237921.53530001,1990851.00010001],[237923.65570001,1990868.3161],[237925.5041,1990883.4116],[237930.13810001,1990929.17260001],[237930.79580001,1990935.66690001],[237932.11869999,1990948.2346],[237932.53520001,1990952.03520001],[237924.89800001,1990957.352],[237922.1463,1990959.46860001],[237918.2657,1990966.19970001],[237917.17820001,1990968.85800001],[237915.40820001,1990973.18470001],[237912.1378,1990978.8598],[237909.5145,1990985.41810001],[237905.84350001,1990986.18460001],[237895.6835,1990997.7733],[237883.8066,1991010.89150001],[237877.15420001,1991018.53190002],[237860.81140001,1991037.4345],[237836.50230001,1991061.9915],[237834.88210001,1991063.62830001],[237797.31120002,1991102.2575],[237781.4293,1991118.77230001],[237770.7523,1991129.87480002],[237764.90650001,1991135.44000001],[237744.29390002,1991155.06320001],[237730.54880001,1991169.19190001],[237713.6325,1991186.49020001],[237704.9763,1991195.34180002],[237700.08200001,1991200.34670002],[237679.76190002,1991219.6084],[237669.68550002,1991226.9367],[237663.46350001,1991231.46170001],[237657.965,1991235.95350001],[237648.43520001,1991243.73840001],[237629.80850001,1991258.97850001],[237610.12340001,1991274.85350001],[237606.96440001,1991276.83380001],[237595.9417,1991283.74350002],[237587.8006,1991286.57030001],[237580.70170002,1991289.03520001],[237573.00890002,1991303.94070002],[237569.83390002,1991321.66790002],[237570.36310001,1991344.15750001],[237571.2778,1991358.13910001],[237572.21519999,1991372.468],[237576.44850001,1991388.343],[237576.74370001,1991391.082],[237575.55640001,1991393.18010001],[237574.7022,1991395.4345],[237574.20110002,1991397.79260001],[237574.59720001,1991406.58550001],[237576.08980001,1991439.71960002],[237578.99010001,1991504.1024],[237580.19600002,1991509.1441],[237580.7762,1991514.2954],[237580.72190001,1991519.479],[237580.034,1991524.6171],[237579.35830002,1991527.20130002],[237578.72270001,1991529.63240001],[237576.80780002,1991534.44960001],[237588.3774,1991529.4618],[237592.66040001,1991527.20130001],[237603.5239,1991527.20130002],[237731.06300001,1991481.14560001],[237787.74700002,1991484.68830001],[237879.85850002,1991498.85930001],[237929.45700001,1991555.54340001],[237961.34180001,1991622.85560001],[237964.88460001,1991700.79620001],[237964.88460001,1991835.42070001],[237975.5128,1991927.53230001],[238056.99610002,1991987.75900001],[238173.90690001,1992012.55830001],[238276.64670001,1991966.50250001],[238382.9292,1992044.44310001],[238404.1857,1992115.29810001],[238396.36120001,1992162.24510002],[238390.01470001,1992200.3241],[238432.5278,1992246.37990002],[238570.6951,1992249.92270002],[238634.46460001,1992356.20520001],[238634.46460001,1992490.8298],[238662.80660001,1992590.0268],[238758.46090001,1992646.7108],[238917.88470001,1992611.28330001],[239084.394,1992590.0268],[239116.27880002,1992643.16810001],[239102.10780002,1992717.56590002],[238971.02600001,1992827.39120001],[238949.76950001,1992990.35770001],[238974.56870001,1993057.67000001],[239041.881,1993135.61050001],[239091.47950001,1993213.55110002],[239087.93680001,1993341.09010001],[239080.8513,1993443.82990002],[238981.65420001,1993465.0864],[238861.20070001,1993468.62920002],[238726.57610001,1993472.17190002],[238620.29360001,1993482.8002],[238531.72480001,1993518.2277],[238471.49800001,1993539.48420001],[238432.52780001,1993631.59580001],[238421.89950001,1993759.13480001],[238418.35670001,1993861.87460002],[238418.3567,1993929.18689999],[238421.08370001,1993960.09240001],[238427.9055,1994037.40650001],[238422.89130002,1994037.78900002],[238384.2813,1994040.73470001],[238356.72770001,1994042.99319999],[238352.00210002,1994043.3805],[238320.36870001,1994046.17140001],[238274.96470001,1994050.17720002],[238264.56350001,1994051.0948],[238257.1752,1994051.74670001],[238183.113,1994057.8941],[238169.62060001,1994059.2527],[238071.4968,1994069.1327],[238029.7442,1994073.33670001],[238021.3183,1994074.16740002],[238004.31780002,1994075.8435],[237973.3878,1994078.89300002],[237902.18830001,1994085.50760001],[237871.51930001,1994088.51990001],[237865.9152,1994089.0704],[237800.4999,1994095.49560001],[237753.4514,1994100.5952],[237719.6299,1994104.26120001],[237688.82350001,1994107.6003],[237644.45850001,1994112.3472],[237608.4561,1994116.19930001],[237524.606,1994123.21780001],[237471.1107,1994127.69550001],[237446.12500001,1994130.89360001],[237421.5012,1994134.04550002],[237357.64960001,1994140.79400001],[237323.8697,1994144.3642],[237306.2796,1994145.87869999],[237231.67550001,1994152.30180001],[237152.98830001,1994160.2393],[237109.20530001,1994164.70200002],[237056.94430002,1994170.02890001],[237048.4656,1994171.1355],[237021.80760001,1994174.615],[236940.5803,1994182.02330001],[236920.29240001,1994183.76630001],[236887.89460001,1994186.5497],[236880.93960001,1994187.05030001],[236866.23230002,1994188.10880002],[236838.98010001,1994189.96090001],[236811.9926,1994191.81290002],[236800.69670001,1994192.49240001],[236776.80290002,1994193.92960001],[236717.25050001,1994202.32090002],[236717.83600001,1994209.0643],[236793.62000001,1994597.0781],[236806.4048,1994662.5364],[236901.40240001,1994828.78240002],[236814.06279707,1995216.25399488],[236891.43080001,1995527.83070001],[236889.15190001,1995528.77550001],[236891.43080001,1995533.1434],[236895.01220002,1995540.00780001],[236906.22390001,1995557.85070002],[236916.70810002,1995574.5359],[236939.0654,1995608.53500002],[236946.28630001,1995619.82030001],[236949.94890001,1995625.54450001],[236961.1582,1995643.06320001],[236974.39990003,1995665.16590001],[236978.75300001,1995672.432],[236988.0134,1995690.29140001],[236993.3293,1995698.8879],[236999.15830001,1995707.14510001],[237005.47880001,1995715.03240001],[237012.2674,1995722.5207],[237019.49890001,1995729.5821],[237044.76670001,1995762.1259],[237052.28300001,1995770.0598],[237054.29170001,1995772.1801],[237061.7001,1995777.47180001],[237071.22510001,1995779.853],[237088.15840001,1995781.1759],[237096.88970001,1995783.02800001],[237114.08770001,1995786.99680001],[237121.8877,1995790.05560002],[237127.58140001,1995792.28850001],[237143.139,1995800.91390001],[237155.83900002,1995809.0102],[237165.52280001,1995815.51890001],[237179.33400001,1995822.34520001],[237195.18580001,1995830.1071],[237202.35280001,1995833.61650001],[237209.66210001,1995837.91059999],[237223.85030001,1995846.2459],[237242.10660001,1995856.56470001],[237254.12190001,1995864.9754],[237257.98160001,1995867.6772],[237274.3858,1995879.05430001],[237283.71470001,1995887.18720002],[237341.36030001,1995913.1277],[237454.72830002,1995920.2132],[237777.11870001,1995916.67050001],[237947.1708,1995945.01250001],[238122.9444,1995945.0125],[238138.4794,1995945.01250001],[238143.58350001,1995945.68410001],[238213.39670313,1995954.86996433],[238138.72155466,1996107.87676489],[237878.38717056,1996748.89992337],[238422.44666012,1996914.34604651],[240077.28343759,1996769.33137076],[240088.62610626,1996701.35713704],[240101.49068935,1996628.82454414],[240108.80648954,1996575.81564544],[240119.38193422,1996499.18798213],[240127.79988757,1996438.1930911],[240135.63401831,1996381.42846782],[240136.6269807,1996374.2336509],[240146.02575168,1996306.13194157],[240149.99794531,1996277.87600901],[240155.52834511,1996238.53588144],[240161.17234261,1996198.38768425],[240162.86558188,1996186.34294049],[240168.10844459,1996149.04818883],[240174.99957825,1996096.27506257],[240187.82732105,1995998.03867329],[240191.97325567,1995966.28860981],[240192.16870625,1995964.79182519],[240193.33714609,1995955.84377387],[240193.94166223,1995951.21431694],[240216.27930487,1995796.51284542],[240237.18351293,1995648.54949685],[240239.20859153,1995634.21563542],[240244.7834842,1995594.7556772],[240251.38489796,1995538.94372442],[240254.40478161,1995491.66253429],[240253.7842648,1995453.19049199],[240252.83489888,1995441.25560625],[240248.62698796,1995388.35615454],[240245.69105214,1995353.14786172],[240242.20246532,1995311.31207459],[240240.09313336,1995286.01657033],[240235.8157417,1995223.76261123],[240332.7561,1995164.70620001],[240378.59810001,1995129.0079],[240389.45450001,1995128.82150002],[240464.0619,1995127.54020001],[240471.36070001,1995127.32080002],[240482.07940002,1995126.99860001],[240529.26729492,1995125.58012081],[240530.45587564,1995135.45994013],[240539.23743558,1995263.2684072],[240541.16484915,1995286.38231226],[240544.65343598,1995328.21809943],[240547.6369482,1995363.99693744],[240551.89025752,1995417.46711179],[240553.59219359,1995438.8628794],[240554.39263019,1995488.48994932],[240554.55917995,1995498.81603396],[240550.25891005,1995566.14375358],[240542.30821138,1995633.36329688],[240534.23360977,1995690.51662648],[240513.26540062,1995838.93298497],[240491.15295437,1995992.07483746],[240490.81171243,1995994.68810896],[240489.44782203,1996005.13294491],[240485.3018874,1996036.88300841],[240484.35053909,1996044.16851216],[240472.47414462,1996135.11939768],[240470.90699303,1996147.12080487],[240465.39231884,1996189.35286692],[240459.94443551,1996228.10601897],[240458.25119626,1996240.15076272],[240452.60719874,1996280.29895989],[240447.07679894,1996319.6390875],[240443.15721476,1996347.52078635],[240434.02692033,1996413.67716547],[240432.8171478,1996422.44294752],[240424.98301705,1996479.20757081],[240416.5650637,1996540.20246184],[240405.98961904,1996616.83012513],[240402.98295809,1996638.6157772],[240397.88639722,1996675.54453121],[240380.36625768,1996774.3260164],[240374.01165041,1996813.51697617],[240653.00650697,1996837.73484023],[240825.4151524,1996852.06828907],[240908.30848843,1996837.37441619],[240941.03957679,1996694.68402545],[240954.15217609,1996639.11805158],[240955.22389287,1996577.41668583],[240943.85850718,1996527.21008639],[241039.33701062,1996512.0983916],[241228.47081735,1996440.99583659],[241325.2728048,1996449.787724],[242554.85340001,1996218.2958],[242710.42870001,1996192.36660001],[242711.17750001,1996169.6468],[242726.06040001,1996167.9931],[242758.8026,1996163.36289999],[242783.84060002,1996159.4336],[242799.9347,1996156.90790001],[242847.75190001,1996149.40370002],[242891.38740001,1996143.6557],[242893.72010001,1996121.7139],[242894.57540001,1996116.9874],[242898.74720001,1996093.93260001],[242909.59510001,1996062.9763],[242937.11190001,1995991.27400001],[242948.489,1995952.9094],[242951.08690001,1995952.6318],[243049.51210001,1995971.68190001],[243136.82470001,1995974.8569],[243287.86150002,1995962.24870001],[243541.86200001,1995874.93600001],[243835.5501,1995736.0295],[244041.73240001,1995718.33220002],[244303.8635,1995656.65430001],[244524.3098,1995576.15080001],[244586.9544,1995721.5979],[244659.24760001,1995893.65140001],[244513.99110001,1995988.90160001],[244534.62860001,1996023.82670002],[244357.62200001,1996134.95190001],[244407.05130002,1996204.3429],[244653.1142,1996394.8433],[244728.5206,1996498.031],[244729.89150001,1996633.4279],[244752.11650001,1996737.40940001],[244791.0104,1996736.61560002],[244827.73960001,1996712.34390001],[244996.47240001,1996691.25230002],[245420.66270001,1996629.07760001],[245577.83480001,1996605.18740001],[245694.56640001,1996563.68290002],[245685.74480002,1996522.17040001],[245704.92710001,1996514.2329],[245893.44310002,1996579.71740001],[245931.80780001,1996604.19140001],[245923.69570001,1996692.80910002],[245902.70360001,1996755.00420001],[245932.03770001,1996865.75560001],[245959.0926,1996964.34380001],[245961.55640001,1996965.13570001],[245963.53760001,1996965.77260001],[245966.0776,1996968.94760001],[245975.7614,1996980.0601],[245982.11140001,1996985.45760001],[245988.5417,1996986.8288],[245995.07690001,1996987.55010002],[246001.65140001,1996987.61420001],[246008.19940001,1996987.02060001],[246014.6552,1996985.77510001],[246029.419,1996981.64760001],[246035.134,1996977.99630001],[246052.1203,1996962.7563],[246068.4756,1996948.176],[246166.31990002,1996911.4011],[246378.95810002,1996708.69960002],[246456.5801,1996642.0945],[246493.96710001,1996609.79620001],[246544.7083,1996562.52390001],[246706.83170001,1996657.37580001],[246714.36531719,1996667.06091642],[246708.05330578,1996677.34027762],[246695.5576116,1996701.85656359],[246688.24607465,1996724.66917418],[246683.24614966,1996740.2693833],[246681.97495358,1996744.79036226],[246677.72355003,1996759.91032068],[246673.17946193,1996776.07105412],[246672.00357721,1996780.25336517],[246661.18982349,1996822.85279884],[246658.93717929,1996831.46388508],[246654.05286988,1996850.13448134],[246652.11203643,1996857.55347367],[246645.12833469,1996881.05268629],[246640.77138426,1996895.71323572],[246631.57324891,1996928.32480653],[246624.19154828,1996968.83413922],[246617.3497158,1997000.92559157],[246615.06846025,1997014.28723119],[246612.06993901,1997031.84999853],[246608.30911718,1997057.799669],[246604.94749139,1997086.99273522],[246603.72972128,1997098.69685899],[246602.16017863,1997113.78190783],[246598.93656863,1997139.71094477],[246593.31955901,1997176.90465713],[246588.43482427,1997209.98269923],[246584.83002353,1997234.39339034],[246583.62882977,1997247.37403246],[246580.37380593,1997282.54929019],[246576.02573637,1997328.06814345],[246573.23125903,1997364.67579657],[246570.41569497,1997405.30036363],[246567.52419081,1997447.15832865],[246565.56306708,1997488.62208752],[246564.7113399,1997510.9089487],[246564.12240759,1997532.69944421],[246563.63607239,1997550.69384667],[246563.35493171,1997560.11205941],[246562.45435215,1997590.28147487],[246564.24374996,1997653.94489428],[246564.28443201,1997656.53111047],[246564.97467823,1997700.41104757],[246565.81856951,1997743.23853009],[246566.37320505,1997783.28321685],[246568.07914965,1997821.83756477],[246570.14634434,1997863.50387255],[246571.29674829,1997888.02865597],[246573.89499905,1997905.32046273],[246575.17979253,1997913.87098491],[246579.96571776,1997953.6234658],[246583.18684696,1997984.32485351],[246587.37953997,1998026.68180355],[246591.96893943,1998066.99388157],[246594.49746241,1998098.37667114],[246594.75626039,1998103.01512721],[246584.40068635,1998124.94192963],[246581.26494355,1998131.81182336],[246574.05224758,1998147.6136471],[246764.308194,1998215.36137682],[246857.75647259,1998248.6371237],[247125.71721599,1998348.25593667],[247447.36627988,1998430.58819378],[247443.51630002,1998410.76760001],[247465.4552,1998367.8039],[247483.47950001,1998332.5063],[247502.74730001,1998316.29960001],[247531.35980001,1998252.17590001],[247578.87220001,1998145.69550001],[247686.48040002,1998167.7544],[247706.32420001,1998102.26990001],[247650.10020001,1998024.2177],[247693.09500002,1997971.30090001],[247716.35200001,1997746.58980002],[247719.1301,1997632.8188],[247738.28600001,1997485.10160001],[247747.811,1997421.0723],[247749.66310001,1997377.15140001],[247747.54640001,1997327.40960001],[247756.54220001,1997275.02200001],[247739.07970002,1997103.5717],[247698.3338,1997128.97170001],[247618.4295,1997039.5424],[247653.1632,1997021.589],[247648.4598,1996998.0723],[247627.7393,1996894.46990001],[247500.2003,1996766.93090001],[247494.9613,1996764.30270001],[247510.30710001,1996741.76010001],[247526.1822,1996712.44420002],[247529.49070001,1996704.5037],[247534.64880002,1996692.12420001],[247536.78910002,1996684.0429],[247538.1668,1996675.7974],[247538.77000001,1996667.4593],[247538.59340002,1996659.10130002],[247537.6386,1996650.79620001],[247536.59150001,1996637.53200001],[247534.4636,1996610.5794],[247531.10750001,1996582.90810001],[247527.98130002,1996557.13350001],[247523.4182,1996515.98930001],[247522.66620001,1996509.20890001],[247520.0438,1996485.56360002],[247513.8261,1996428.94260001],[247511.50330001,1996408.69270001],[247508.66670001,1996383.9634],[247505.49170001,1996368.6175],[247503.244,1996358.97810001],[247498.61250001,1996339.1164],[247488.3954,1996297.59580001],[247486.17710001,1996288.58090001],[247473.7491,1996247.45630001]]]]},"geometry_name":"geometry","properties":{"ogc_fid":2,"zoning":"UDb","zone_name":"Zone of Surroundings of Urban Area relevant to Ag*","h":20,"e":0.5,"cos":2}},{"type":"Feature","id":"glup2030_cdudcp_v1.3","geometry":{"type":"MultiPolygon","coordinates":[[[[245863.6396,1987910.9078],[245856.8374,1987913.4829],[245830.1608,1987922.5613],[245786.7681,1987937.3284],[245761.6062,1987942.4349],[245743.4028,1987948.2293],[245724.7496,1987954.9762],[245709.9329,1987960.5324],[245675.246,1987974.0262],[245624.3136,1987991.2241],[245576.027,1988006.9669],[245552.128,1988015.0612],[245523.6712,1988024.6993],[245510.3558,1988028.761],[245476.2473,1988039.1655],[245463.8223,1988042.9556],[245389.2097,1988065.9744],[245366.6475,1988071.6701],[245358.7863,1988073.6547],[245327.0589,1988081.6642],[245277.4494,1988091.5861],[245258.3982,1988095.7886],[245249.9515,1988097.2097],[245220.0356,1988102.2428],[245190.9305,1988105.4767],[245178.3031,1988107.2194],[245096.5071,1988118.5075],[245092.7874,1988118.7756],[245052.4539,1988121.6825],[245015.9414,1988126.445],[244963.8579,1988132.5449],[244938.0225,1988136.8211],[244919.818,1988139.9652],[244888.068,1988145.5215],[244847.5875,1988153.9696],[244842.4273,1988155.0465],[244798.7709,1988164.5715],[244720.1895,1988182.8278],[244684.162,1988190.7213],[244640.7703,1988197.6004],[244577.2701,1988206.5963],[244527.5284,1988212.9463],[244492.6033,1988216.6505],[244471.1191,1988217.4442],[244404.444,1988224.3234],[244367.5933,1988227.6735],[244363.698,1988228.0276],[244340.9438,1988233.8484],[244316.0729,1988237.5526],[244227.7019,1988244.4318],[244191.4716,1988246.5484],[244162.301,1988249.4502],[244090.4005,1988256.6026],[244005.3633,1988266.7627],[243928.634,1988273.1127],[243882.0672,1988276.2877],[243836.3178,1988277.2751],[243808.5129,1988277.8752],[243792.5935,1988278.3288],[243794.478,1988247.7674],[243750.2449,1988249.7333],[243615.8839,1988255.7049],[243542.7506,1988261.9863],[243487.0601,1988266.7696],[243400.248,1988274.2258],[243369.3502,1988276.5316],[243311.6125,1988280.8404],[243301.9395,1988281.8926],[243236.2061,1988289.0425],[243204.456,1988293.805],[243106.0308,1988314.4426],[242960.7743,1988344.6051],[242892.247,1988355.9822],[242787.4718,1988377.1489],[242672.1133,1988398.3156],[242571.5714,1988419.4824],[242483.7296,1988438.5324],[242394.7437,1988460.5396],[242385.3044,1988462.8741],[242319.6876,1988479.8075],[242242.4576,1988492.5377],[242223.379,1988495.6825],[242142.9455,1988514.7325],[241979.9619,1988549.6576],[241846.6116,1988580.3493],[241730.1947,1988600.4577],[241671.9863,1988618.4494],[241526.9943,1988651.2578],[241391.5274,1988684.0662],[241300.5105,1988712.6413],[241186.2103,1988744.3913],[241177.2393,1988746.8962],[241104.7185,1988767.1455],[241044.3933,1988787.2539],[241002.0885,1988802.8143],[240975.337,1988812.654],[240919.7743,1988830.1165],[240865.7992,1988845.9915],[240813.4116,1988855.5166],[240795.1553,1988861.0728],[240714.1927,1988890.4416],[240635.6113,1988918.2229],[240579.2549,1988939.6542],[240548.2986,1988947.1949],[240443.5234,1988977.3574],[240375.2607,1988995.6137],[240341.9232,1989000.3762],[240292.7106,1989015.4575],[240218.0979,1989036.8888],[240155.3916,1989055.1451],[240095.8602,1989071.0201],[240020.4538,1989091.6577],[239954.5724,1989107.5327],[239895.8348,1989125.789],[239854.8528,1989138.2757],[239794.2346,1989156.7453],[239771.8459,1989163.9036],[239677.5531,1989194.0516],[239577.5404,1989225.0079],[239491.0215,1989250.408],[239371.165,1989285.333],[239288.6148,1989309.1456],[239230.671,1989322.6394],[239160.0271,1989331.3706],[239075.8894,1989325.8144],[239033.8206,1989328.9894],[239021.9143,1989334.5456],[239003.658,1989342.4832],[238969.5267,1989344.8644],[238844.9077,1989348.8332],[238693.3011,1989355.1832],[238673.7282,1989355.8602],[238616.6004,1989357.8364],[238567.0946,1989359.5488],[238525.6987,1989360.1988],[238475.4278,1989358.2144],[238424.4954,1989355.5686],[238360.3338,1989350.2769],[238317.339,1989343.0008],[238228.7034,1989323.8185],[238155.9428,1989309.9278],[238108.9792,1989300.006],[238062.677,1989291.407],[238036.2186,1989286.1153],[238006.706,1989277.7924],[237943.9996,1989256.3611],[237902.7246,1989245.6455],[237864.6245,1989239.2954],[237790.0118,1989229.7704],[237740.0055,1989221.0392],[237702.6109,1989211.6905],[237689.2054,1989208.3391],[237655.8678,1989202.7829],[237618.5615,1989198.0204],[237543.1551,1989187.7016],[237474.8924,1989176.5891],[237399.486,1989163.889],[237297.8858,1989144.839],[237158.9793,1989122.614],[237038.3291,1989102.7702],[236884.3413,1989074.9889],[236843.0662,1989071.0201],[236797.8223,1989066.2576],[236760.28,1989062.3469],[236702.5722,1989057.5263],[236641.4533,1989055.1451],[236589.8594,1989055.1451],[236554.1406,1989059.1138],[236509.6905,1989067.8451],[236455.7154,1989075.7826],[236377.9278,1989082.9264],[236333.4777,1989086.8951],[236246.165,1989090.8639],[236155.6773,1989094.0389],[236089.7959,1989090.8639],[236036.6146,1989086.1014],[235979.4645,1989078.1639],[235977.1215,1989077.8089],[235953.2707,1989074.1951],[235931.0456,1989074.1951],[235899.2955,1989075.7826],[235825.4767,1989082.9264],[235783.4078,1989085.3076],[235736.5765,1989085.3076],[235673.0763,1989082.1326],[235582.5887,1989073.4014],[235479.401,1989061.4951],[235431.0106,1989053.2232],[235386.532,1989045.6201],[235316.6819,1989032.1263],[235280.1693,1989028.1575],[235242.863,1989028.9513],[235177.2471,1989030.1693],[235109.5136,1989033.3443],[235040.7218,1989034.4026],[234959.23,1989035.461],[234877.7381,1989035.461],[234738.0378,1989033.3443],[234576.9054,1989024.9825],[234531.8218,1989021.4954],[234433.2364,1989013.87],[234330.0487,1989011.4887],[234218.1297,1989011.4887],[234104.6232,1989015.4575],[234060.108,1989017.6981],[234022.6031,1989019.5859],[233962.041,1989024.7956],[233924.1779,1989028.0526],[233919.9445,1989153.5977],[233952.3561,1989158.2279],[233959.3838,1989160.3792],[233962.041,1989161.1927],[233984.7676,1989168.1498],[234031.0337,1989188.3532],[234095.8467,1989216.6556],[234156.6915,1989242.3079],[234193.5653,1989259.1172],[234254.0073,1989285.333],[234448.0341,1989368.3445],[234461.9,1989374.1865],[234623.0184,1989442.9518],[234680.1685,1989468.0873],[234737.6758,1989491.622],[234783.2371,1989508.6083],[234802.1284,1989515.9108],[234811.3558,1989517.4255],[234815.5181,1989518.0425],[234819.7246,1989517.9381],[234822.9188,1989517.3011],[234827.776,1989515.5982],[234831.3833,1989513.4319],[234834.5667,1989510.6802],[234837.2321,1989507.4243],[234844.6934,1989490.438],[234852.2075,1989461.0692],[234859.8276,1989432.0708],[234868.5059,1989406.8824],[234876.4963,1989385.7289],[234883.3226,1989371.2826],[234891.8951,1989356.5189],[234900.6264,1989345.2476],[234915.0727,1989330.3251],[234964.0207,1989290.7169],[235000.6391,1989264.4701],[235026.6741,1989248.5951],[235044.0308,1989241.1868],[235059.3267,1989236.6978],[235063.5042,1989235.4717],[235092.0263,1989229.3863],[235114.8549,1989226.4809],[235121.1306,1989225.6821],[235150.764,1989222.7717],[235177.2224,1989222.5071],[235235.1662,1989218.75],[235297.608,1989211.6063],[235336.2373,1989208.1667],[235424.8728,1989198.1125],[235487.3146,1989193.8792],[235502.9251,1989192.5562],[235556.371,1989187],[235575.7979,1989186.7205],[235593.1482,1989186.4708],[235604.5777,1989186.2411],[235645.8004,1989185.4125],[235684.9588,1989187],[235732.0547,1989188.5875],[235781.7965,1989188.0583],[235840.6664,1989187.5292],[235924.0103,1989187.2646],[235963.1687,1989185.4125],[236039.1704,1989181.7877],[236119.7362,1989178.2158],[236247.98,1989173.1887],[236262.4646,1989173.3177],[236343.0185,1989174.0354],[236460.335,1989175.8875],[236574.8998,1989177.2104],[236677.7789,1989178.7428],[236814.3041,1989181.124],[236825.1129,1989181.3064],[236903.0509,1989182.6216],[236919.7726,1989185.3732],[236939.8809,1989189.6066],[236964.4343,1989198.2849],[236992.586,1989210.7733],[237013.3744,1989222.6311],[237109.6168,1989289.1077],[237248.2477,1989385.2399],[237359.7036,1989462.2999],[237393.1074,1989481.4823],[237418.7725,1989491.3535],[237434.4338,1989496.5998],[237466.2648,1989505.2728],[237502.2482,1989511.8874],[237511.269,1989513.12],[237526.4212,1989515.1906],[237540.2889,1989515.6185],[237554.1245,1989516.0455],[237630.6158,1989515.4443],[237641.8936,1989515.3557],[237683.5652,1989516.7949],[237740.1553,1989518.7493],[237834.0206,1989521.991],[237841.8081,1989522.26],[237872.6795,1989522.5431],[237889.0818,1989522.6936],[237946.7852,1989523.2228],[237962.0278,1989523.3626],[237994.5947,1989523.6613],[238020.638,1989524.7314],[238089.5803,1989527.564],[238118.6968,1989527.0905],[238130.26,1989526.9025],[238134.6573,1989526.5435],[238146.4658,1989525.5796],[238169.6169,1989520.9494],[238206.9894,1989512.6811],[238211.6137,1989511.4032],[238233.8798,1989505.2499],[238253.4238,1989499.8488],[238322.0963,1989483.2303],[238336.578,1989479.7258],[238359.3685,1989474.2106],[238383.4985,1989468.2839],[238421.5986,1989460.4523],[238436.627,1989458.1239],[238452.0787,1989456.8539],[238480.6122,1989455.275],[238505.6305,1989453.8906],[238549.3353,1989452.7529],[238603.6804,1989452.0378],[238624.7417,1989451.7607],[238633.6496,1989451.2853],[238675.5361,1989449.0501],[238690.4379,1989448.2549],[238702.7411,1989447.9752],[238729.3131,1989447.3712],[238761.0739,1989446.6491],[238780.0524,1989446.2176],[238828.8886,1989447.7598],[238855.7234,1989449.6572],[238889.6367,1989455.1339],[238898.3214,1989456.5364],[238913.0508,1989458.6957],[238919.0295,1989459.5722],[238948.8569,1989463.9448],[238955.4488,1989464.8522],[238972.2242,1989467.1617],[238997.5353,1989470.6462],[239029.4492,1989475.0396],[239043.3532,1989476.7264],[239063.7761,1989479.2039],[239092.1823,1989482.6499],[239095.1003,1989483.0039],[239110.1473,1989484.8293],[239140.9421,1989487.8839],[239149.4468,1989488.7275],[239161.0029,1989489.2819],[239172.5705,1989489.081],[239184.1004,1989488.1257],[239195.5434,1989486.4201],[239201.8385,1989485.0568],[239206.8506,1989483.9713],[239217.974,1989480.7899],[239230.9386,1989476.0274],[239259.7783,1989465.9732],[239312.4304,1989447.9815],[239327.32,1989442.2118],[239339.5608,1989437.4685],[239344.1805,1989435.6784],[239353.731,1989432.7057],[239404.1087,1989417.0252],[239409.6207,1989415.1048],[239483.087,1989389.5085],[239609.3593,1989346.3217],[239667.2629,1989326.5179],[239691.3807,1989318.2693],[239726.8701,1989306.4527],[239786.1811,1989286.7044],[239870.8479,1989259.1877],[239910.8035,1989247.9627],[239979.8366,1989228.5688],[239988.7323,1989226.1631],[240071.1747,1989203.8684],[240115.8327,1989191.7916],[240202.1979,1989169.9356],[240250.7043,1989157.6603],[240346.4987,1989134.3574],[240348.5663,1989133.8544],[240382.692,1989125.553],[240503.9584,1989093.3835],[240506.0675,1989092.824],[240573.8274,1989073.7475],[240578.3883,1989072.3868],[240623.3116,1989058.9837],[240652.0305,1989051.2008],[240662.3642,1989048.4004],[240719.1792,1989033.2926],[240759.3328,1989022.585],[240762.8355,1989021.6509],[240838.6057,1989002.1599],[240857.7767,1988998.5547],[240882.9235,1988993.8255],[240904.6013,1988991.9175],[240934.9275,1988989.2482],[240956.354,1988990.0396],[240990.8076,1988991.312],[241017.0014,1988995.5983],[241036.2102,1988998.4558],[241057.9216,1989005.4459],[241075.739,1989011.1822],[241094.6093,1989017.0355],[241144.3191,1989032.4548],[241147.8045,1989033.5884],[241183.4375,1989045.1783],[241191.5341,1989047.8118],[241203.1527,1989051.5908],[241246.0423,1989065.4149],[241271.7328,1989074.9271],[241290.2753,1989081.5561],[241305.019,1989086.827],[241317.3211,1989092.2722],[241329.9154,1989097.8467],[241342.2444,1989103.3037],[241364.6943,1989095.2362],[241425.6415,1989073.3344],[241474.2781,1989055.8566],[241477.9129,1989054.5504],[241518.027,1989040.1351],[241543.5214,1989030.9735],[241556.9238,1989026.1573],[241649.5541,1988992.8699],[241742.2297,1988959.5664],[241789.561,1988942.5575],[241828.2516,1988928.6538],[241841.6289,1988923.8466],[241903.2621,1988901.6983],[241943.5201,1988887.2313],[241991.7522,1988869.9335],[242052.3111,1988848.2149],[242059.8686,1988845.5046],[242149.1196,1988813.4959],[242154.2774,1988811.6462],[242229.2039,1988784.7748],[242258.8198,1988774.1535],[242296.2938,1988760.7139],[242304.2106,1988757.8747],[242307.1879,1988756.8069],[242314.3114,1988754.4535],[242328.3151,1988749.8271],[242372.6989,1988735.164],[242480.1113,1988696.2217],[242559.6842,1988667.3727],[242626.8224,1988645.4431],[242682.9614,1988627.1063],[242714.7833,1988616.7122],[242850.8566,1988568.9658],[242860.4826,1988565.5869],[242920.8326,1988544.4028],[242953.4931,1988532.9383],[242962.4625,1988529.9957],[242982.809,1988523.3207],[242993.7435,1988519.9674],[242998.684,1988518.4524],[243005.6531,1988516.6343],[243008.4207,1988515.9123],[243021.1207,1988513.3723],[243044.6677,1988507.95],[243059.8509,1988506.0035],[243074.6945,1988503.2873],[243115.8638,1988500.3372],[243151.9793,1988498.991],[243173.7418,1988498.1799],[243193.1565,1988497.4562],[243268.0411,1988494.665],[243272.1477,1988494.5119],[243322.1959,1988492.7962],[243380.6333,1988490.793],[243389.8066,1988490.4785],[243419.7235,1988489.4529],[243435.1167,1988488.9252],[243477.7608,1988487.2369],[243538.7562,1988484.8221],[243548.4003,1988484.7824],[243585.9281,1988483.5965],[243678.1644,1988479.684],[243691.5578,1988479.1159],[243721.2388,1988477.9967],[243728.6204,1988477.7858],[243739.7597,1988477.4675],[243758.5981,1988476.9384],[243777.26,1988476.1552],[243813.7726,1988474.991],[243818.4277,1988474.8751],[243839.2785,1988474.356],[243863.1072,1988473.4123],[243870.7657,1988473.109],[243900.2668,1988471.786],[243938.7044,1988470.0182],[243944.1789,1988469.7664],[243957.5304,1988469.245],[243969.4732,1988468.7786],[244003.0224,1988467.1911],[244006.8995,1988467.04],[244024.2976,1988466.3622],[244037.1114,1988465.8629],[244043.1213,1988465.639],[244052.8151,1988465.2779],[244064.8133,1988464.831],[244100.6729,1988463.7095],[244104.8392,1988463.3308],[244112.9524,1988462.5933],[244142.4094,1988460.6389],[244161.5255,1988458.9853],[244175.4823,1988457.9269],[244183.6569,1988457.2237],[244198.2615,1988455.9672],[244212.4524,1988454.7464],[244226.2108,1988453.6881],[244247.8523,1988451.9504],[244264.377,1988450.4469],[244276.6445,1988449.1093],[244288.3509,1988447.8328],[244303.6452,1988446.249],[244309.1737,1988445.6765],[244319.4732,1988444.5831],[244338.661,1988442.5461],[244345.2784,1988441.9312],[244359.2407,1988439.4448],[244399.1796,1988435.4905],[244420.6297,1988433.3667],[244462.6403,1988428.6015],[244494.4962,1988425.109],[244513.9695,1988422.7807],[244522.8807,1988421.9975],[244544.4708,1988419.5634],[244561.9465,1988417.4996],[244565.9694,1988417.015],[244599.8438,1988412.9342],[244615.5442,1988411.4645],[244626.5029,1988410.4387],[244631.7326,1988409.6342],[244638.8778,1988408.535],[244643.3227,1988408.1076],[244654.099,1988407.0714],[244659.5154,1988406.5506],[244710.8628,1988401.1819],[244716.7225,1988400.5693],[244735.6339,1988398.074],[244753.8502,1988396.1708],[244762.8684,1988395.2286],[244796.3912,1988391.1805],[244809.4458,1988389.6282],[244821.3237,1988388.1275],[244838.9733,1988385.8976],[244861.7302,1988383.3576],[244880.6215,1988381.2938],[244901.7353,1988379.0713],[244913.8826,1988377.7554],[244920.7853,1988377.0076],[244950.088,1988373.7797],[244965.8043,1988371.8747],[244981.6337,1988370.3157],[244986.7593,1988369.8109],[244999.5652,1988368.2499],[245025.9177,1988365.3924],[245038.4057,1988363.8852],[245044.3327,1988363.1698],[245100.1618,1988356.4926],[245119.0816,1988354.2298],[245133.261,1988353.122],[245139.0217,1988352.1488],[245152.4170992,1988349.88589528],[245264.8431,1988330.8933],[245308.9406,1988322.1798],[245311.0395,1988321.7651],[245381.3333,1988308.39559998],[245399.9250982,1988304.85959051],[245449.7343,1988295.3861],[245520.4435,1988281.8694],[245582.6502,1988269.0722],[245635.81966407,1988259.76589247],[245651.0712,1988257.0964],[245717.5362,1988243.8443],[245723.825,1988242.5728],[245739.27720112,1988239.9142065],[245764.3198,1988235.6056],[245817.9774,1988225.2868],[245824.36697995,1988224.12204979],[245828.45089896,1988223.37759427],[245846.8097,1988220.0309],[245878.9375,1988214.1743],[245939.314,1988202.5758],[246021.0572,1988186.4891],[246044.196,1988179.8725],[246042.1267,1988169.5953],[246040.7041,1988162.5297],[246035.3066,1988145.2259],[246016.7731,1988089.5895],[246015.5182,1988085.8224],[246014.0755,1988081.4916],[246010.0066,1988068.8448],[246007.1858,1988061.745],[246001.498,1988049.206],[245997.5373,1988042.3154],[245986.315,1988027.0502],[245981.5509,1988021.5485],[245974.1679,1988015.1014],[245969.9169,1988011.8453],[245965.3401,1988008.8821],[245962.2616,1988007.1639],[245952.0751,1988001.2107],[245934.2157,1987991.1565],[245924.4261,1987984.9388],[245911.6722,1987976.4197],[245898.7298,1987965.7782],[245892.5278,1987960.0156],[245887.6733,1987954.6071],[245880.2683,1987944.4253],[245873.5863,1987932.8423],[245867.7757,1987920.5336],[245865.3245,1987914.8291],[245863.6396,1987910.9078]]]]},"geometry_name":"geometry","properties":{"ogc_fid":3,"zoning":"UCa","zone_name":"Mekong Riverbank Zone within Aircraft Flying Area","h":10,"e":0.5,"cos":1}},{"type":"Feature","id":"glup2030_cdudcp_v1.4","geometry":{"type":"MultiPolygon","coordinates":[[[[243794.478,1988247.7674],[243792.5935,1988278.3288],[243808.5129,1988277.8752],[243836.3178,1988277.2751],[243882.0672,1988276.2877],[243928.634,1988273.1127],[244005.3633,1988266.7627],[244090.4005,1988256.6026],[244162.301,1988249.4502],[244191.4716,1988246.5484],[244227.7019,1988244.4318],[244316.0729,1988237.5526],[244340.9438,1988233.8484],[244363.698,1988228.0276],[244367.5933,1988227.6735],[244404.444,1988224.3234],[244471.1191,1988217.4442],[244492.6033,1988216.6505],[244527.5284,1988212.9463],[244577.2701,1988206.5963],[244640.7703,1988197.6004],[244684.162,1988190.7213],[244720.1895,1988182.8278],[244798.7709,1988164.5715],[244842.4273,1988155.0465],[244847.5875,1988153.9696],[244888.068,1988145.5215],[244919.818,1988139.9652],[244938.0225,1988136.8211],[244963.8579,1988132.5449],[245015.9414,1988126.445],[245052.4539,1988121.6825],[245092.7874,1988118.7756],[245096.5071,1988118.5075],[245178.3031,1988107.2194],[245190.9305,1988105.4767],[245220.0356,1988102.2428],[245249.9515,1988097.2097],[245258.3982,1988095.7886],[245277.4494,1988091.5861],[245327.0589,1988081.6642],[245358.7863,1988073.6547],[245366.6475,1988071.6701],[245389.2097,1988065.9744],[245463.8223,1988042.9556],[245476.2473,1988039.1655],[245510.3558,1988028.761],[245523.6712,1988024.6993],[245552.128,1988015.0612],[245576.027,1988006.9669],[245624.3136,1987991.2241],[245675.246,1987974.0262],[245709.9329,1987960.5324],[245724.7496,1987954.9762],[245743.4028,1987948.2293],[245761.6062,1987942.4349],[245786.7681,1987937.3284],[245830.1608,1987922.5613],[245856.8374,1987913.4829],[245863.6396,1987910.9078],[245862.7777,1987904.1987],[245862.7067,1987901.2933],[245862.9864,1987899.03],[245864.195,1987895.6189],[245866.9026,1987891.6713],[245868.4864,1987890.0833],[245874.3161,1987885.7804],[245880.523,1987882.021],[245905.9087,1987868.5902],[245910.8038,1987866.0003],[245922.0993,1987860.0243],[246161.6848,1987741.3407],[246174.5379,1987734.9737],[246192.5922,1987726.0302],[246366.6658,1987639.5954],[246395.7981,1987625.13],[246458.1076,1987591.6601],[246516.0515,1987557.9257],[246567.6453,1987523.7944],[246643.1576,1987469.2372],[246723.591,1987403.6204],[246746.6062,1987380.8808],[246811.9621,1987316.3077],[246824.026,1987307.9171],[246837.0446,1987289.3202],[246881.0052,1987240.037],[246929.6225,1987180.1749],[246956.4116,1987143.1332],[247008.9425,1987068.2229],[247066.7444,1986969.2331],[247092.3703,1986925.3471],[247097.0049,1986917.4101],[247135.6341,1986857.6803],[247162.754,1986814.0239],[247173.2178,1986799.5096],[247183.2592,1986785.5812],[247193.8426,1986765.7374],[247205.0874,1986745.2321],[247227.577,1986708.1904],[247231.324,1986697.6307],[247242.2425,1986680.4954],[247248.9261,1986673.9924],[247259.3271,1986663.8726],[247266.6031,1986649.3205],[247277.8479,1986624.185],[247303.8653,1986570.1217],[247328.3394,1986517.8664],[247329.4667,1986515.7351],[247332.0625,1986510.8275],[247347.2924,1986482.0337],[247359.8094,1986458.369],[247375.5014,1986428.7016],[247393.2154,1986392.1553],[247398.7405,1986380.4217],[247404.5043,1986364.8194],[247413.9035,1986330.9518],[247423.6557,1986300.1139],[247436.9708,1986256.3027],[247437.8195,1986253.5103],[247441.8669,1986236.3644],[247443.2339,1986228.97],[247445.3849,1986217.3352],[247451.7016,1986183.1678],[247457.3746,1986136.6631],[247457.6404,1986134.4844],[247460.9477,1986079.9139],[247464.2337,1986018.2743],[247466.8788,1985968.6564],[247472.308,1985868.9614],[247472.5012,1985865.4136],[247477.1314,1985784.0541],[247478.7627,1985769.3721],[247480.7694,1985751.3118],[247486.0611,1985707.3247],[247490.0204,1985666.7588],[247494.5675,1985633.4507],[247502.505,1985598.5257],[247508.5904,1985568.6277],[247514.4113,1985545.8735],[247521.8196,1985522.5901],[247558.9981,1985411.434],[247562.2692,1985401.4019],[247597.9139,1985292.0846],[247599.6454,1985287.1567],[247602.7936,1985275.0944],[247603.2761,1985272.6819],[247604.5285,1985266.42],[247606.6452,1985250.8095],[247609.291,1985231.7595],[247610.614,1985213.8736],[247611.6723,1985204.3486],[247614.0535,1985189.7965],[247615.641,1985172.8631],[247617.5108,1985156.9176],[247618.622,1985146.9163],[247619.4158,1985137.3913],[247619.9183,1985134.9903],[247621.5044,1985130.4246],[247623.7367,1985126.1377],[247626.568,1985122.2205],[247575.5599,1985089.1339],[247575.126,1985096.1583],[247573.8821,1985113.5725],[247573.8821,1985129.5367],[247573.8821,1985153.4816],[247573.8821,1985155.6413],[247570.7071,1985190.9633],[247563.5633,1985238.5884],[247556.4196,1985279.8635],[247550.0695,1985308.4385],[247543.1291,1985333.5309],[247539.7508,1985345.7448],[247528.6383,1985380.6699],[247507.207,1985441.7888],[247488.9507,1985500.9233],[247478.6319,1985533.4671],[247474.6627,1985546.1684],[247466.7256,1985571.5672],[247456.4069,1985606.4922],[247451.6443,1985626.336],[247434.7119,1985682.5881],[247408.0887,1985752.5164],[247378.761,1985802.3735],[247337.2337,1985872.9699],[247269.9214,1985975.7097],[247227.8548,1986037.1917],[247131.7541,1986177.6465],[247085.6984,1986266.2153],[247033.5218,1986322.4055],[246947.531,1986415.0109],[246851.8768,1986510.6652],[246749.137,1986648.8325],[246681.6412,1986729.8274],[246660.5682,1986755.115],[246522.4009,1986886.1968],[246373.6053,1987042.0779],[246196.4677,1987166.0742],[246140.8592,1987207.0489],[246107.2119,1987231.8416],[246072.2758,1987257.5841],[245994.5309,1987314.8698],[245821.736,1987393.4284],[245687.1137,1987474.9103],[245668.5977,1987484.9219],[245572.9435,1987559.3196],[245510.796,1987596.0431],[245495.0029,1987605.3754],[245381.6349,1987633.7174],[245314.3226,1987594.7472],[245285.9806,1987591.2044],[245228.0103,1987609.6185],[245197.054,1987619.4517],[245066.5396,1987660.9092],[244984.8467,1987686.8587],[244910.9374,1987719.5251],[244856.6977,1987743.3377],[244787.9059,1987763.1815],[244734.9891,1987775.0878],[244691.3328,1987783.0253],[244634.1143,1987789.5985],[244467.605,1987807.3122],[244439.263,1987782.513],[244406.4112,1987759.1598],[244354.2369,1987725.829],[244272.7536,1987732.9145],[244159.3856,1987849.8253],[243960.9915,1987998.6208],[243883.0634,1988113.8092],[243866.131,1988138.8377],[243854.6856,1988156.2373],[243794.478,1988247.7674]]]]},"geometry_name":"geometry","properties":{"ogc_fid":4,"zoning":"NE","zone_name":"Preservation Zone for Public Use","h":0,"e":0,"cos":0}},{"type":"Feature","id":"glup2030_cdudcp_v1.5","geometry":{"type":"MultiPolygon","coordinates":[[[[245863.6396,1987910.9078],[245865.3245,1987914.8291],[245867.7757,1987920.5336],[245873.5863,1987932.8423],[245880.2683,1987944.4253],[245887.6733,1987954.6071],[245892.5278,1987960.0156],[245898.7298,1987965.7782],[245911.6722,1987976.4197],[245924.4261,1987984.9388],[245934.2157,1987991.1565],[245952.0751,1988001.2107],[245962.2616,1988007.1639],[245965.3401,1988008.8821],[245969.9169,1988011.8453],[245974.1679,1988015.1014],[245981.5509,1988021.5485],[245986.315,1988027.0502],[245997.5373,1988042.3154],[246001.498,1988049.206],[246007.1858,1988061.745],[246010.0066,1988068.8448],[246014.0755,1988081.4916],[246015.5182,1988085.8224],[246016.7731,1988089.5895],[246035.3066,1988145.2259],[246040.7041,1988162.5297],[246042.1267,1988169.5953],[246044.196,1988179.8725],[246060.9316,1988213.1883],[246066.4188,1988221.866],[246068.0741691,1988224.14772242],[246089.72749509,1988253.99420357],[246095.0206,1988261.2902],[246106.87279399,1988276.40740472],[246113.4533,1988284.8008],[246119.3179,1988292.2809],[246139.1014,1988317.5144],[246154.46450586,1988337.10969541],[246157.31679488,1988340.65740429],[246162.7763,1988347.1735],[246170.18102106,1988356.65808356],[246171.9844,1988358.968],[246188.4734,1988380.0885],[246193.2166,1988385.7102],[246229.5852,1988432.4687],[246233.6604,1988437.1144],[246244.7572,1988449.7648],[246263.2043,1988468.2119],[246267.2672,1988471.8689],[246273.4295,1988476.8455],[246283.3294,1988483.9499],[246288.8192,1988487.167],[246300.6592,1988492.3605],[246304.1594,1988493.7],[246307.6238,1988494.8287],[246309.9624,1988495.4849],[246312.7147,1988496.2572],[246314.758,1988496.8306],[246324.91529283,1988499.08773226],[246327.7801,1988499.8726],[246343.2864,1988504.2638],[246362.8127,1988509.1851],[246370.5915,1988510.9313],[246373.3434939,1988511.21056012],[246377.2685,1988511.6088],[246381.3268,1988511.5854],[246389.3636,1988510.1649],[246401.7461,1988506.99],[246414.2613,1988503.781],[246438.2161,1988497.7922],[246504.9847,1988482.3531],[246508.9744,1988481.4905],[246515.54079972,1988479.89509885],[246531.0866,1988476.118],[246572.02648577,1988466.51320509],[246578.90779953,1988464.89879797],[246601.1943,1988459.6702],[246662.3512,1988444.896],[246666.9169,1988443.793],[246700.7118,1988434.8471],[246754.0656,1988418.6564],[246771.3782,1988413.2148],[246788.3116,1988407.7115],[246810.82529014,1988398.8473826],[246814.7562,1988397.2997],[246855.14042652,1988382.631873],[246863.3492,1988379.3012],[246875.77217232,1988374.48253657],[246904.106,1988362.1174],[246930.3634,1988351.647],[246950.2294,1988343.7253],[246968.9871,1988336.4641],[246980.64981119,1988332.04032949],[246987.162,1988329.5702],[247002.3734,1988322.3249],[247118.78809849,1988258.05099726],[247150.4454,1988238.3227],[247155.2708,1988235.5653],[247139.498,1988171.0945],[247130.0728,1988137.6778],[247124.9319,1988111.1154],[247124.512409,1988103.6488995],[247124.33837799,1988100.55130124],[247124.1758,1988097.6576],[247126.0182,1988078.7716],[247129.98191169,1988068.86210468],[247133.3882,1988060.3462],[247134.37793536,1988058.60036335],[247140.1045,1988048.499],[247143.8453,1988043.3074],[247187.3889,1987996.9854],[247193.5801,1987990.4766],[247204.4606,1987978.2796],[247231.0749,1987945.7156],[247270.7624,1987903.2102],[247308.7038,1987866.6976],[247332.7598,1987842.0247],[247344.18942938,1987831.51193139],[247347.65421445,1987828.32508413],[247364.2802,1987813.0328],[247430.4739,1987751.6756],[247470.9454,1987717.1772],[247480.9718,1987708.6305],[247488.9634,1987701.8184],[247502.28009426,1987690.2328934],[247527.3361,1987668.4342],[247556.07393011,1987646.00073857],[247619.5101,1987596.4809],[247659.5912,1987563.7463],[247696.39360734,1987529.58330791],[247702.8771,1987523.5649],[247720.74438465,1987506.0737805],[247749.1264,1987478.2893],[247770.4722,1987456.163],[247773.62679068,1987452.61759171],[247784.3537,1987440.5617],[247826.8775,1987394.9564],[247844.6908,1987375.8523],[247847.3615,1987372.7225],[247851.48719569,1987367.88769632],[247857.84718916,1987360.43457215],[247861.6241,1987356.0085],[247864.93469006,1987351.29673253],[247895.6631,1987307.5628],[247915.454,1987282.437],[247917.1681,1987279.6926],[247924.5313,1987267.9036],[247926.1799,1987265.2641],[247931.041,1987257.4812],[247937.0409,1987249.9807],[248009.3395,1987138.2755],[248013.9317,1987131.1803],[248035.8154,1987087.4124],[248042.2071,1987076.3724],[248057.056,1987050.7247],[248071.7225,1987025.9954],[248081.7882,1987009.0236],[248086.6273,1987000.6529],[248091.696,1986991.8849],[248096.9221,1986979.4547],[248102.345,1986966.5563],[248125.0023,1986907.681],[248129.1892,1986896.8061],[248130.7296,1986892.8252],[248134.6576,1986879.9122],[248150.9989,1986814.3887],[248153.8512,1986796.4982],[248154.6045,1986792.5065],[248163.8673,1986743.4285],[248168.1254,1986723.8367],[248176.435,1986685.6037],[248183.1452,1986652.5305],[248186.4231,1986636.3745],[248199.3174,1986544.3054],[248201.9686,1986521.4506],[248203.6916,1986506.5979],[248214.7096,1986411.6172],[248214.9114,1986409.5946],[248215.7815,1986400.8753],[248225.3935,1986304.5559],[248229.2831,1986264.0469],[248234.4885,1986209.8349],[248235.3352,1986189.5149],[248234.6473,1986147.9355],[248233.7148,1986134.7957],[248232.901,1986123.3292],[248228.2973,1986090.1504],[248224.0728,1986068.7244],[248218.5246,1986046.8544],[248216.7967,1986040.0435],[248212.8535,1986027.3033],[248211.886,1986024.3314],[248202.1705,1985994.4857],[248182.2102,1985935.3007],[248170.8636,1985903.5168],[248159.8569,1985878.9634],[248147.3686,1985856.315],[248132.5519,1985833.0317],[248106.8925,1985798.9056],[248092.8167,1985783.6656],[248074.9308,1985766.4147],[248059.4527,1985753.1238],[248040.0851,1985738.0425],[248015.7963,1985722.485],[247995.3175,1985709.785],[247959.9294,1985689.2665],[247942.7844,1985678.3127],[247930.7194,1985668.7877],[247921.9881,1985659.5802],[247914.3681,1985648.1502],[247903.7318,1985623.405],[247893.5718,1985596.3116],[247880.6495,1985557.0791],[247875.0933,1985526.9165],[247871.6537,1985506.5436],[247870.0662,1985456.5372],[247868.6374,1985444.3134],[247867.0499,1985437.9634],[247864.3512,1985432.7247],[247859.7474,1985426.5334],[247853.7149,1985421.1359],[247844.1899,1985415.7384],[247832.4423,1985413.1984],[247820.6948,1985410.8171],[247801.3273,1985409.2296],[247777.8322,1985408.1184],[247750.3798,1985411.4537],[247754.1044,1985431.5543],[247755.1037,1985435.6765],[247762.571,1985466.4794],[247770.7731,1985494.2607],[247783.1689,1985532.374],[247789.5498,1985548.4851],[247790.5372,1985551.3365],[247806.6122,1985588.8256],[247819.7746,1985619.5222],[247838.89,1985663.6286],[247841.7763,1985670.2884],[247843.9484,1985675.3002],[247855.3398,1985701.5846],[247864.6958,1985723.1724],[247879.1166,1985756.4467],[247889.3508,1985780.0609],[247892.3643,1985786.7683],[247895.9125,1985794.6659],[247903.2256,1985811.4035],[247906.6123,1985822.6218],[247909.9989,1985835.3219],[247912.1156,1985845.4819],[247913.1739,1985854.3719],[247914.4439,1985867.9186],[247914.4439,1985879.3486],[247913.5317,1985891.5737],[247913.0946,1985897.4316],[247911.3483,1985909.9729],[247906.0458,1985934.8882],[247900.5797,1985963.8554],[247898.8876,1985972.8485],[247888.8058,1986026.4295],[247880.2642,1986072.9918],[247872.2672,1986113.794],[247871.419,1986118.1214],[247870.5213,1986122.7014],[247867.8534,1986136.3138],[247855.4544,1986203.9614],[247854.0559,1986211.1286],[247850.0338,1986231.7421],[247843.4746,1986269.3148],[247841.4638,1986279.1573],[247838.9238,1986294.2139],[247835.7488,1986310.7239],[247832.4679,1986327.869],[247819.0271,1986398.8127],[247816.6348,1986411.4753],[247813.5921,1986427.218],[247811.0785,1986440.1826],[247805.1254,1986471.2712],[247801.6956,1986486.8449],[247790.103,1986544.501],[247786.803,1986560.9266],[247782.628,1986579.517],[247776.1667,1986602.7636],[247774.9002,1986608.5146],[247764.5647,1986653.2785],[247763.142,1986669.3322],[247641.5456,1986626.8358],[247628.2106,1986655.6226],[247617.8524,1986675.5585],[247603.9609,1986700.9939],[247558.8601,1986783.5738],[247520.3652,1986851.2309],[247519.2629,1986853.2284],[247517.1985,1986856.5566],[247512.9975,1986863.3292],[247485.2656,1986904.7583],[247433.1616,1986964.7478],[247431.7571,1986966.3649],[247405.2387,1986996.0181],[247325.3749,1987087.4404],[247297.3668,1987119.502],[247288.7564,1987129.182],[247263.6516,1987157.4052],[247261.172,1987160.1928],[247223.8862,1987202.1102],[247201.2261,1987225.0988],[247110.5917,1987309.9347],[247022.3648,1987392.5171],[246971.8523,1987439.798],[246864.8401,1987531.5226],[246836.6575,1987555.679],[246834.8054,1987557.2665],[246832.7126,1987559.0604],[246821.1049,1987568.0759],[246790.0472,1987588.2712],[246785.3596,1987591.0227],[246713.985,1987631.537],[246706.8582,1987635.5824],[246703.91,1987637.2559],[246673.1679,1987653.3091],[246657.4516,1987660.2941],[246635.8616,1987667.2791],[246624.4295,1987671.0376],[246562.8364,1987689.6629],[246530.1732,1987698.4635],[246505.2,1987705.4572],[246458.5282,1987718.5277],[246391.806,1987738.0915],[246380.214,1987741.4905],[246329.9833,1987756.2188],[246232.5946,1987785.1963],[246195.6368,1987797.0358],[246185.3849,1987800.3201],[246100.223,1987827.6019],[246065.4197,1987839.0428],[246043.6509,1987846.1988],[246033.2339,1987849.6231],[245992.2694,1987862.1992],[245983.5198,1987864.8853],[245952.5105,1987876.3154],[245947.9863,1987878.014],[245923.1947,1987887.3221],[245895.3648,1987899.5455],[245883.5337,1987903.9396],[245877.9798,1987906.0023],[245866.1665,1987910.0267],[245863.6396,1987910.9078]]]]},"geometry_name":"geometry","properties":{"ogc_fid":5,"zoning":"Zpp-Ua","zone_name":"Historic-Town Conservation Zone","h":20,"e":0.75,"cos":2}},{"type":"Feature","id":"glup2030_cdudcp_v1.6","geometry":{"type":"MultiPolygon","coordinates":[[[[247575.5599,1985089.1339],[247626.568,1985122.2205],[247623.7367,1985126.1377],[247621.5044,1985130.4246],[247619.9183,1985134.9903],[247619.4158,1985137.3913],[247618.622,1985146.9163],[247617.5108,1985156.9176],[247615.641,1985172.8631],[247614.0535,1985189.7965],[247611.6723,1985204.3486],[247610.614,1985213.8736],[247609.291,1985231.7595],[247606.6452,1985250.8095],[247604.5285,1985266.42],[247603.2761,1985272.6819],[247602.7936,1985275.0944],[247599.6454,1985287.1567],[247597.9139,1985292.0846],[247562.2692,1985401.4019],[247558.9981,1985411.434],[247521.8196,1985522.5901],[247514.4113,1985545.8735],[247508.5904,1985568.6277],[247502.505,1985598.5257],[247494.5675,1985633.4507],[247490.0204,1985666.7588],[247486.0611,1985707.3247],[247480.7694,1985751.3118],[247478.7627,1985769.3721],[247477.1314,1985784.0541],[247472.5012,1985865.4136],[247472.308,1985868.9614],[247466.8788,1985968.6564],[247464.2337,1986018.2743],[247460.9477,1986079.9139],[247457.6404,1986134.4844],[247457.3746,1986136.6631],[247451.7016,1986183.1678],[247445.3849,1986217.3352],[247443.2339,1986228.97],[247441.8669,1986236.3644],[247437.8195,1986253.5103],[247436.9708,1986256.3027],[247423.6557,1986300.1139],[247413.9035,1986330.9518],[247404.5043,1986364.8194],[247398.7405,1986380.4217],[247393.2154,1986392.1553],[247375.5014,1986428.7016],[247359.8094,1986458.369],[247347.2924,1986482.0337],[247332.0625,1986510.8275],[247329.4667,1986515.7351],[247345.8026,1986521.7255],[247360.6191,1986526.9914],[247641.5456,1986626.8358],[247763.142,1986669.3322],[247764.5647,1986653.2785],[247774.9002,1986608.5146],[247776.1667,1986602.7636],[247782.628,1986579.517],[247786.803,1986560.9266],[247790.103,1986544.501],[247801.6956,1986486.8449],[247805.1254,1986471.2712],[247811.0785,1986440.1826],[247813.5921,1986427.218],[247816.6348,1986411.4753],[247819.0271,1986398.8127],[247832.4679,1986327.869],[247835.7488,1986310.7239],[247838.9238,1986294.2139],[247841.4638,1986279.1573],[247843.4746,1986269.3148],[247850.0338,1986231.7421],[247854.0559,1986211.1286],[247855.4544,1986203.9614],[247867.8534,1986136.3138],[247870.5213,1986122.7014],[247871.419,1986118.1214],[247872.2672,1986113.794],[247880.2642,1986072.9918],[247888.8058,1986026.4295],[247898.8876,1985972.8485],[247900.5797,1985963.8554],[247906.0458,1985934.8882],[247911.3483,1985909.9729],[247913.0946,1985897.4316],[247913.5317,1985891.5737],[247914.4439,1985879.3486],[247914.4439,1985867.9186],[247913.1739,1985854.3719],[247912.1156,1985845.4819],[247909.9989,1985835.3219],[247906.6123,1985822.6218],[247903.2256,1985811.4035],[247895.9125,1985794.6659],[247892.3643,1985786.7683],[247889.3508,1985780.0609],[247879.1166,1985756.4467],[247864.6958,1985723.1724],[247855.3398,1985701.5846],[247843.9484,1985675.3002],[247841.7763,1985670.2884],[247838.89,1985663.6286],[247819.7746,1985619.5222],[247806.6122,1985588.8256],[247790.5372,1985551.3365],[247789.5498,1985548.4851],[247783.1689,1985532.374],[247770.7731,1985494.2607],[247762.571,1985466.4794],[247755.1037,1985435.6765],[247754.1044,1985431.5543],[247750.3798,1985411.4537],[247748.6804,1985408.2974],[247746.8182,1985399.5451],[247744.4901,1985388.0812],[247731.9245,1985322.5669],[247715.5133,1985237.0016],[247712.1018,1985219.0792],[247707.5201,1985195.0092],[247704.9012,1985181.2509],[247700.0663,1985155.8508],[247699.0974,1985150.7603],[247692.0534,1985100.3766],[247691.4854,1985097.0783],[247690.8642,1985089.7592],[247690.2437,1985082.4485],[247689.7114,1985076.1775],[247683.2026,1985010.1903],[247678.7673,1984964.6426],[247676.3235,1984939.5464],[247668.9151,1984902.2401],[247663.664,1984881.0074],[247661.1235,1984873.6279],[247651.4287,1984842.5835],[247609.5917,1984708.6145],[247605.1023,1984695.593],[247604.297,1984693.2621],[247580.6991,1984624.9531],[247577.7591,1984616.6181],[247574.0299,1984606.0456],[247557.4898,1984559.1537],[247544.5781,1984521.477],[247540.9798,1984511.1053],[247538.4398,1984502.2153],[247536.4186,1984493.3956],[247535.9615,1984491.4009],[247531.7546,1984468.6996],[247526.9233,1984429.139],[247523.2409,1984393.8154],[247521.2083,1984374.3172],[247516.8277,1984335.3043],[247511.536,1984282.3876],[247509.8123,1984265.9166],[247508.9955,1984255.7365],[247508.4536,1984248.9838],[247507.6532,1984223.1737],[247508.7645,1984201.5836],[247511.4821,1984176.5212],[247519.5198,1984124.2259],[247521.8098,1984109.8214],[247523.7575,1984097.5691],[247526.5207,1984074.6588],[247528.3199,1984054.3388],[247528.4215,1984039.3069],[247528.3325,1984036.6712],[247527.3674,1984015.9212],[247526.3398,1984004.4609],[247521.753,1983953.3072],[247520.1965,1983939.9868],[247519.68,1983933.6217],[247518.4661,1983918.9713],[247518.0557,1983914.1456],[247517.6921,1983909.871],[247517.3635,1983906.0252],[247517.0598,1983902.4713],[247516.4043,1983894.8081],[247515.5598,1983884.9088],[247514.7832,1983875.8157],[247514.3332,1983870.5963],[247513.7709,1983864.8964],[247512.6535,1983854.3463],[247511.8325,1983846.7056],[247511.5749,1983844.3079],[247511.1301,1983840.1588],[247510.5516,1983834.7851],[247509.0676,1983821.0338],[247507.2658,1983802.8798],[247505.7239,1983784.1588],[247504.5656,1983766.6471],[247504.3688,1983762.1829],[247502.5752,1983741.8172],[247502.4851,1983736.2638],[247502.3526,1983728.098],[247502.3147,1983725.7658],[247502.1783,1983722.1057],[247502.7478,1983696.6065],[247502.9985,1983685.3814],[247507.912,1983643.508],[247508.1532,1983640.9507],[247514.9366,1983601.7579],[247517.7135,1983588.9412],[247523.1916,1983563.6578],[247536.8908,1983519.6149],[247541.2194,1983508.3377],[247553.2292,1983477.0489],[247575.5309,1983418.9468],[247576.505,1983416.4091],[247595.1462,1983367.8437],[247601.4811,1983351.3395],[247603.8186,1983345.2497],[247614.6056,1983317.1467],[247624.0104,1983292.6447],[247625.2225,1983289.4869],[247632.4685,1983270.6091],[247647.9135,1983230.3708],[247658.2261,1983203.5038],[247661.577,1983194.2448],[247676.7426,1983152.3401],[247688.5933,1983119.5951],[247695.3091,1983101.0382],[247699.6248,1983089.6605],[247707.7638,1983068.203],[247714.8394,1983049.5493],[247719.8897,1983036.2347],[247732.2594,1983002.7881],[247739.2068,1982984.2669],[247749.2515,1982957.4885],[247755.5692,1982940.6462],[247776.1009,1982886.2478],[247783.9472,1982865.3989],[247787.966,1982854.7204],[247790.9176,1982846.8777],[247795.1509,1982832.696],[247799.8076,1982816.8209],[247800.792,1982812.9303],[247802.0301,1982808.0368],[247803.5101,1982800.2004],[247804.676,1982794.027],[247809.2797,1982771.8814],[247815.1059,1982737.9564],[247818.6158,1982719.7455],[247821.5845,1982704.3431],[247825.1267,1982685.9647],[247828.7453,1982665.9348],[247830.4398,1982654.467],[247831.0046,1982649.6018],[247835.3858,1982613.7947],[247837.256,1982596.7399],[247839.6561,1982574.8529],[247840.2756,1982569.2038],[247842.0265,1982551.389],[247846.4394,1982506.4879],[247852.5112,1982441.1938],[247853.8587,1982426.6773],[247855.8162,1982407.3691],[247857.8497,1982387.4651],[247858.2787,1982383.299],[247865.6023,1982312.5716],[247867.5641,1982293.625],[247872.0303,1982252.1083],[247872.2995,1982249.4454],[247878.2368,1982190.5537],[247878.8621,1982184.5148],[247881.498,1982159.0593],[247882.2046,1982152.2346],[247884.6074,1982129.0301],[247885.5351,1982120.0705],[247890.3167,1982073.851],[247890.8699,1982068.6098],[247895.0445,1982029.0637],[247895.4003,1982025.3122],[247896.0837,1982018.1058],[247901.4265,1981966.4608],[247905.516,1981930.4939],[247905.7642,1981928.3106],[247908.3172,1981907.7888],[247909.3843,1981899.2106],[247909.8917,1981895.1318],[247916.9704,1981841.9556],[247919.6549,1981821.7892],[247921.2063,1981805.0414],[247922.8875,1981786.8924],[247923.3433,1981781.9719],[247927.327,1981765.0075],[247915.4021,1981752.3349],[247905.4974,1981738.0786],[247869.9013,1981696.8766],[247856.9994,1981681.9428],[247839.049,1981661.1654],[247809.1307,1981626.5353],[247806.6985,1981623.8065],[247789.6044,1981604.6278],[247766.1093,1981577.164],[247724.8516,1981527.4296],[247722.453,1981524.5382],[247678.337,1981470.5755],[247669.0058,1981459.1615],[247650.3804,1981436.3789],[247632.812,1981414.3655],[247620.747,1981397.0088],[247614.1853,1981386.4255],[247609.3169,1981377.3238],[247588.6,1981324.9838],[247560.197,1981247.5136],[247552.1348,1981223.1058],[247547.468,1981210.3469],[247546.4801,1981207.6459],[247544.8735,1981203.4354],[247521.786,1981142.9303],[247493.8029,1981065.6675],[247486.8039,1981046.343],[247481.3708,1981031.342],[247452.8099,1980953.3386],[247445.8731,1980934.3932],[247441.6833,1980922.9504],[247422.1305,1980869.549],[247408.4474,1980833.9382],[247406.2398,1980828.1927],[247403.9073,1980822.1223],[247374.3018,1980740.5343],[247352.0033,1980679.0834],[247341.5978,1980650.4074],[247329.7691,1980619.3149],[247307.3421,1980560.3638],[247299.9258,1980540.8697],[247292.4017,1980516.6197],[247284.5072,1980491.1756],[247261.6943,1980417.6498],[247259.5826,1980411.9591],[247255.7881,1980401.4494],[247231.1266,1980330.8877],[247227.0897,1980319.6842],[247203.2701,1980253.5793],[247192.5988,1980223.9638],[247191.8393,1980221.8561],[247190.4845,1980218.0337],[247188.0524,1980210.0097],[247183.4474,1980197.3243],[247165.4389,1980149.767],[247159.7642,1980133.7682],[247144.1558,1980089.7628],[247139.8095,1980077.5092],[247127.782,1980043.3448],[247111.2146,1979996.4038],[247110.3195,1979993.8676],[247100.0007,1979966.2186],[247089.9706,1979939.2362],[247081.2152,1979915.6831],[247069.4545,1979882.7622],[247044.6882,1979814.2412],[247036.5105,1979791.6159],[247023.2581,1979754.9506],[247009.7702,1979718.7215],[246992.2886,1979671.7654],[246984.0224,1979652.0558],[246958.6634,1979591.5905],[246955.5345,1979584.1301],[246953.2929,1979578.7853],[246949.3422,1979568.7012],[246948.0722,1979563.5418],[246945.9665,1979551.9212],[246944.6312,1979542.5987],[246938.7298,1979463.1111],[246934.6528,1979415.318],[246931.7893,1979381.7501],[246930.6193,1979364.0483],[246930.4036,1979360.7849],[246930.0726,1979356.393],[246926.1722,1979304.6384],[246925.9303,1979299.5586],[246925.7432,1979297.3129],[246925.1425,1979290.1044],[246921.2803,1979234.2006],[246917.2521,1979176.4687],[246915.9291,1979165.4885],[246914.4739,1979158.477],[246913.0187,1979151.7301],[246912.285,1979149.7584],[246910.902,1979146.0416],[246908.9177,1979140.6176],[246905.4781,1979133.8707],[246890.3968,1979103.9728],[246889.4486,1979102.0313],[246882.768,1979088.352],[246876.5061,1979075.53],[246866.2667,1979056.5064],[246827.3641,1978981.4616],[246819.7172,1978967.3408],[246815.7929,1978960.0941],[246791.8297,1978915.8433],[246789.9438,1978912.3608],[246772.2923,1978877.0577],[246769.2935,1978867.8109],[246767.5078,1978856.6181],[246766.607,1978831.7308],[246767.6715,1978813.7792],[246770.0312,1978799.6203],[246771.0967,1978795.9297],[246773.4222,1978787.8747],[246781.2414,1978767.3554],[246771.5723,1978732.3223],[246769.189,1978723.6873],[246766.6364,1978714.4386],[246731.2615,1978597.5454],[246712.3996,1978538.1091],[246697.506,1978474.6072],[246693.6658,1978458.2338],[246672.2285,1978374.8485],[246655.8443,1978299.6087],[246654.0383,1978292.4042],[246641.9402,1978241.0789],[246636.7318,1978215.4834],[246635.803,1978211.5234],[246630.5228,1978189.0102],[246622.5727,1978151.848],[246615.3121,1978122.6666],[246612.7985,1978111.9509],[246609.2266,1978101.6322],[246604.4641,1978089.4613],[246600.6121,1978080.4349],[246598.6244,1978075.7772],[246591.216,1978062.0189],[246580.5268,1978045.0855],[246576.9858,1978039.2769],[246568.4618,1978025.2946],[246553.6095,1978003.6979],[246542.9508,1977988.1992],[246532.6396,1977973.2616],[246523.9059,1977960.6092],[246516.6034,1977950.1316],[246513.2167,1977944.5225],[246500.4108,1977923.5674],[246478.9407,1977891.2649],[246463.9578,1977869.7395],[246409.5474,1977796.5681],[246387.7986,1977764.818],[246365.4449,1977733.6826],[246361.1285,1977727.6704],[246346.841,1977707.9854],[246320.9382,1977678.8283],[246303.1582,1977662.3182],[246279.6631,1977637.3415],[246255.0451,1977612.8351],[246242.4852,1977600.3323],[246211.7048,1977568.7085],[246136.264,1977493.4033],[246111.859,1977468.5686],[246100.9464,1977457.464],[246064.8307,1977421.3483],[246051.124,1977407.9757],[246016.7155,1977374.4063],[245948.5144,1977307.8682],[245926.2893,1977286.2782],[245904.4965,1977263.6827],[245873.4029,1977231.6833],[245842.2235,1977192.8283],[245823.6876,1977168.871],[245820.2138,1977163.7689],[245815.2209,1977156.4356],[245799.5046,1977130.4799],[245790.2971,1977111.4299],[245787.3337,1977104.6565],[245763.1243,1977053.8468],[245757.1844,1977040.5501],[245728.7899,1976983.5873],[245712.2721,1976950.4506],[245688.4455,1976902.6516],[245650.2366,1976825.1651],[245636.1948,1976796.6889],[245632.2261,1976789.5544],[245619.9494,1976762.2493],[245609.366,1976739.8126],[245594.2318,1976713.0896],[245589.8585,1976705.7743],[245585.5006,1976698.4846],[245578.5949,1976688.5627],[245572.6418,1976680.8633],[245555.8899,1976664.4951],[245551.5875,1976661.5416],[245535.2324,1976650.3135],[245506.9682,1976632.1268],[245479.0545,1976614.1657],[245457.6977,1976602.2674],[245443.1986,1976592.1073],[245429.9694,1976581.9473],[245422.561,1976575.9148],[245417.3752,1976570.729],[245411.4749,1976564.1673],[245404.9133,1976554.2189],[245396.8699,1976540.6722],[245380.4657,1976511.6033],[245378.3526,1976507.3364],[245373.5865,1976497.7126],[245363.4001,1976483.4251],[245346.4667,1976456.9336],[245337.2063,1976442.6461],[245335.55,1976439.5114],[245324.1527,1976417.9401],[245310.9874,1976390.3928],[245285.4858,1976337.0328],[245257.8307,1976279.1328],[245251.518,1976265.9162],[245238.049,1976237.7171],[245234.0274,1976227.9804],[245231.2757,1976218.8787],[245230.2174,1976212.952],[245229.8299,1976206.1077],[245229.5824,1976201.7337],[245229.3707,1976191.997],[245230.2174,1976180.9903],[245230.5878,1976169.2957],[245233.604,1976160.7232],[245236.779,1976152.1507],[245240.5891,1976144.6894],[245244.7166,1976137.8631],[245246.3019,1976135.8606],[245250.7491,1976130.2431],[245256.8874,1976123.3639],[245264.9308,1976115.5323],[245272.3391,1976107.9122],[245276.4369,1976105.1804],[245281.2291,1976101.9856],[245294.7758,1976093.9422],[245324.4092,1976079.3372],[245357.641,1976060.9222],[245377.9203,1976049.7386],[245397.99,1976038.6707],[245393.1981,1976030.3802],[245386.0543,1976018.1564],[245372.9839,1975991.9097],[245363.5594,1975976.3166],[245361.1262,1975972.2906],[245358.4317,1975967.8326],[245355.2752,1975963.5981],[245350.5131,1975957.21],[245311.3764,1975981.7725],[245296.8242,1975963.5824],[245245.8919,1975899.7515],[245224.7251,1975888.5067],[245194.298,1975898.0979],[245105.9458,1975936.3158],[245114.0988,1975950.3983],[245127.8572,1975983.2067],[245133.8322,1975999.5384],[245143.7322,1976026.5985],[245150.5095,1976052.2014],[245153.2573,1976062.5819],[245164.8989,1976104.9153],[245177.599,1976154.6571],[245184.863,1976187.6756],[245189.2407,1976207.5739],[245191.6445,1976219.593],[245196.649,1976244.6156],[245205.1157,1976276.3657],[245207.4085,1976280.808],[245213.5824,1976292.7699],[245240.0408,1976337.22],[245242.2185,1976340.9947],[245255.9158,1976364.7367],[245267.6676,1976386.1036],[245290.8409,1976428.2368],[245318.2772,1976479.1901],[245329.3793,1976501.9493],[245350.0244,1976530.6231],[245358.5743,1976543.5954],[245387.1494,1976587.5163],[245400.8569,1976601.2238],[245403.0244,1976603.3913],[245424.1911,1976623.4997],[245460.1745,1976658.4248],[245473.9329,1976671.1248],[245502.5079,1976708.1665],[245535.3163,1976754.7333],[245569.1831,1976806.5917],[245600.9331,1976859.5085],[245616.8082,1976887.5544],[245639.8975,1976933.7331],[245647.4999,1976948.9378],[245679.25,1977006.088],[245703.5917,1977053.7131],[245731.1084,1977106.6298],[245734.3964,1977113.6501],[245758.469,1977165.0484],[245770.2668,1977190.2383],[245786.1418,1977216.6967],[245809.7925,1977260.4942],[245814.7169,1977269.6135],[245833.7669,1977311.9469],[245860.2253,1977373.3304],[245874.0359,1977406.0153],[245876.1004,1977410.9013],[245882.4504,1977442.6513],[245887.7421,1977487.1014],[245893.0337,1977506.1515],[245908.9088,1977536.8432],[245931.5987,1977571.9094],[245941.9272,1977587.8716],[245943.8338,1977590.8183],[245959.7089,1977618.335],[245970.2922,1977637.3851],[245988.2839,1977677.6018],[246000.0851,1977706.318],[246008.7837,1977727.4847],[246020.034,1977754.8603],[246042.6561,1977811.887],[246044.4404,1977816.3849],[246045.434,1977818.8896],[246067.6591,1977866.5147],[246085.6508,1977903.5564],[246096.9069,1977931.9647],[246107.8758,1977959.6482],[246134.0455,1978031.6148],[246145.9759,1978064.4234],[246173.4926,1978144.8569],[246187.251,1978189.8362],[246195.2313,1978214.7159],[246205.2427,1978245.9279],[246231.7011,1978309.4281],[246251.8094,1978360.2282],[246264.2221,1978391.7372],[246274.992,1978419.0762],[246279.3262,1978430.0783],[246302.6095,1978489.3451],[246316.3679,1978518.9785],[246328.0096,1978549.141],[246334.8792,1978567.5417],[246357.643,1978628.5162],[246368.1194,1978652.5502],[246375.6347,1978669.7913],[246406.3264,1978722.7081],[246462.4182,1978837.0083],[246492.0516,1978901.0376],[246518.51,1978965.596],[246536.5017,1979003.6961],[246582.0101,1979097.888],[246609.5268,1979155.0381],[246626.4602,1979193.1382],[246638.1019,1979223.8299],[246653.9769,1979268.8092],[246669.852,1979334.4259],[246673.9362,1979348.1639],[246681.4936,1979373.5844],[246694.1937,1979412.7428],[246710.0687,1979448.7262],[246713.2435,1979454.7685],[246742.8771,1979511.168],[246783.0938,1979582.0764],[246800.0272,1979616.4723],[246829.6606,1979685.2642],[246847.6523,1979721.2476],[246864.5857,1979752.9976],[246874.717,1979769.6233],[246905.8608,1979820.7311],[246935.4941,1979868.3562],[246946.0775,1979888.4646],[246950.3108,1979906.4563],[246955.0733,1979928.8399],[246960.8942,1979956.198],[246972.5359,1980008.0565],[246977.8276,1980028.694],[246990.5276,1980054.0941],[247015.9276,1980095.3691],[247029.4214,1980121.5629],[247063.5527,1980190.6193],[247092.9215,1980246.1819],[247134.9904,1980318.0165],[247157.2154,1980356.1165],[247167.7324,1980375.648],[247179.4405,1980397.3916],[247204.0468,1980443.4292],[247223.8906,1980483.9105],[247241.3531,1980522.8044],[247266.7002,1980578.4728],[247283.369,1980620.5416],[247293.8655,1980649.0922],[247303.2128,1980674.5168],[247323.8503,1980733.2544],[247342.1066,1980792.7857],[247358.7754,1980852.3171],[247374.6504,1980907.086],[247384.9692,1980946.3767],[247389.5264,1980962.8965],[247391.3192,1980969.3955],[247404.0193,1981013.0518],[247415.9255,1981047.9769],[247426.2443,1981070.2019],[247446.0881,1981109.8895],[247456.4069,1981132.9083],[247465.1381,1981159.1021],[247472.2819,1981186.8834],[247473.8694,1981201.5678],[247477.0444,1981218.2366],[247491.3319,1981260.3054],[247499.2694,1981292.0555],[247503.2382,1981312.693],[247501.6507,1981332.5368],[247500.8569,1981358.7306],[247502.4444,1981384.9244],[247508.0007,1981419.0557],[247509.5882,1981441.6777],[247508.7945,1981474.2215],[247506.4132,1981517.8778],[247505.6195,1981575.0279],[247505.1761,1981593.4271],[247504.032,1981640.9093],[247504.032,1981701.2344],[247504.8257,1981759.1783],[247507.207,1981791.3252],[247508.0007,1981846.8878],[247508.0007,1981882.6067],[247505.6195,1981919.1192],[247499.2694,1981969.1256],[247494.5069,1982002.4632],[247493.6361,1982010.6486],[247490.5382,1982039.7695],[247487.3632,1982077.4727],[247484.1882,1982124.304],[247481.8069,1982163.1979],[247482.6007,1982195.7417],[247482.6007,1982237.8105],[247482.6007,1982279.0856],[247483.3944,1982340.2045],[247485.7757,1982396.1639],[247485.7757,1982431.089],[247486.5694,1982480.3016],[247484.9819,1982523.1642],[247484.1882,1982548.5643],[247481.0132,1982581.9018],[247477.0444,1982611.6675],[247477.0444,1982641.8301],[247477.8381,1982670.4051],[247477.8381,1982685.3375],[247477.8381,1982703.7427],[247475.4569,1982743.4303],[247471.4881,1982776.7678],[247466.7256,1982811.296],[247457.2006,1982854.9524],[247452.4381,1982877.9712],[247450.8506,1982897.0212],[247450.0568,1982955.7588],[247450.8506,1983011.3214],[247453.2319,1983059.7403],[247453.6891,1983071.6299],[247454.0256,1983080.3778],[247454.0256,1983101.0154],[247453.2319,1983123.2404],[247452.4381,1983137.5279],[247453.2319,1983151.8155],[247453.2319,1983170.8655],[247450.8506,1983189.9155],[247440.5318,1983233.175],[247433.3881,1983266.5126],[247430.2131,1983289.5314],[247427.8318,1983316.5189],[247427.038,1983363.3503],[247424.6568,1983405.4191],[247421.4818,1983439.5504],[247419.8943,1983459.7911],[247415.1318,1983488.3661],[247407.1943,1983502.6537],[247400.0505,1983527.26],[247397.6692,1983546.31],[247397.6692,1983589.9663],[247399.2567,1983622.5102],[247403.2255,1983632.8289],[247410.3693,1983652.6727],[247411.9568,1983687.5978],[247412.0574,1983689.9506],[247415.1318,1983761.8136],[247416.7193,1983834.0449],[247415.9255,1983858.6512],[247411.163,1983890.4013],[247411.163,1983905.4826],[247415.9255,1983918.1826],[247419.8943,1983933.2639],[247424.6568,1983959.4577],[247427.038,1983988.8265],[247428.6256,1984011.8453],[247408.7818,1984021.3703],[247411.2419,1984037.361],[247427.038,1984140.0362],[247426.2443,1984163.055],[247425.4505,1984184.4863],[247424.6568,1984210.6801],[247421.4818,1984232.1114],[247416.7193,1984262.2739],[247416.7193,1984276.5615],[247419.8943,1984305.9303],[247427.038,1984339.6647],[247430.2131,1984363.4773],[247430.2131,1984380.9398],[247428.6256,1984407.9273],[247425.4505,1984427.7711],[247425.4505,1984445.2337],[247427.038,1984462.6962],[247432.5943,1984481.7462],[247442.1193,1984516.6713],[247446.0881,1984547.6276],[247447.6756,1984582.5527],[247450.8506,1984608.3496],[247455.6131,1984636.9247],[247464.3444,1984670.2622],[247473.8694,1984703.5998],[247484.1882,1984722.6499],[247497.6819,1984749.6374],[247500.036,1984754.5137],[247508.7945,1984772.6562],[247519.907,1984801.2313],[247531.0195,1984829.8063],[247550.8633,1984875.8439],[247561.9758,1984898.4658],[247567.5321,1984917.5159],[247573.0883,1984938.1534],[247578.6446,1984971.491],[247581.8196,1984999.2723],[247581.0259,1985027.8473],[247578.6446,1985036.5786],[247577.0571,1985052.4536],[247576.5565,1985064.7179],[247576.3109,1985070.7351],[247575.5599,1985089.1339]]]]},"geometry_name":"geometry","properties":{"ogc_fid":6,"zoning":"UCb","zone_name":"Mekong Riverbank Zone","h":10,"e":0.5,"cos":1}},{"type":"Feature","id":"glup2030_cdudcp_v1.7","geometry":{"type":"MultiPolygon","coordinates":[[[[245863.6396,1987910.9078],[245866.1665,1987910.0267],[245877.9798,1987906.0023],[245883.5337,1987903.9396],[245895.3648,1987899.5455],[245923.1947,1987887.3221],[245947.9863,1987878.014],[245952.5105,1987876.3154],[245983.5198,1987864.8853],[245992.2694,1987862.1992],[246033.2339,1987849.6231],[246043.6509,1987846.1988],[246065.4197,1987839.0428],[246100.223,1987827.6019],[246185.3849,1987800.3201],[246195.6368,1987797.0358],[246232.5946,1987785.1963],[246329.9833,1987756.2188],[246380.214,1987741.4905],[246391.806,1987738.0915],[246458.5282,1987718.5277],[246505.2,1987705.4572],[246530.1732,1987698.4635],[246562.8364,1987689.6629],[246624.4295,1987671.0376],[246635.8616,1987667.2791],[246657.4516,1987660.2941],[246673.1679,1987653.3091],[246703.91,1987637.2559],[246706.8582,1987635.5824],[246713.985,1987631.537],[246785.3596,1987591.0227],[246790.0472,1987588.2712],[246821.1049,1987568.0759],[246832.7126,1987559.0604],[246834.8054,1987557.2665],[246836.6575,1987555.679],[246864.8401,1987531.5226],[246971.8523,1987439.798],[247022.3648,1987392.5171],[247110.5917,1987309.9347],[247201.2261,1987225.0988],[247223.8862,1987202.1102],[247261.172,1987160.1928],[247263.6516,1987157.4052],[247288.7564,1987129.182],[247297.3668,1987119.502],[247325.3749,1987087.4404],[247405.2387,1986996.0181],[247431.7571,1986966.3649],[247433.1616,1986964.7478],[247485.2656,1986904.7583],[247512.9975,1986863.3292],[247517.1985,1986856.5566],[247519.2629,1986853.2284],[247520.3652,1986851.2309],[247558.8601,1986783.5738],[247603.9609,1986700.9939],[247617.8524,1986675.5585],[247628.2106,1986655.6226],[247641.5456,1986626.8358],[247360.6191,1986526.9914],[247345.8026,1986521.7255],[247329.4667,1986515.7351],[247328.3394,1986517.8664],[247303.8653,1986570.1217],[247277.8479,1986624.185],[247266.6031,1986649.3205],[247259.3271,1986663.8726],[247248.9261,1986673.9924],[247242.2425,1986680.4954],[247231.324,1986697.6307],[247227.577,1986708.1904],[247205.0874,1986745.2321],[247193.8426,1986765.7374],[247183.2592,1986785.5812],[247173.2178,1986799.5096],[247162.754,1986814.0239],[247135.6341,1986857.6803],[247097.0049,1986917.4101],[247092.3703,1986925.3471],[247066.7444,1986969.2331],[247008.9425,1987068.2229],[246956.4116,1987143.1332],[246929.6225,1987180.1749],[246881.0052,1987240.037],[246837.0446,1987289.3202],[246824.026,1987307.9171],[246811.9621,1987316.3077],[246746.6062,1987380.8808],[246723.591,1987403.6204],[246643.1576,1987469.2372],[246567.6453,1987523.7944],[246516.0515,1987557.9257],[246458.1076,1987591.6601],[246395.7981,1987625.13],[246366.6658,1987639.5954],[246192.5922,1987726.0302],[246174.5379,1987734.9737],[246161.6848,1987741.3407],[245922.0993,1987860.0243],[245910.8038,1987866.0003],[245905.9087,1987868.5902],[245880.523,1987882.021],[245874.3161,1987885.7804],[245868.4864,1987890.0833],[245866.9026,1987891.6713],[245864.195,1987895.6189],[245862.9864,1987899.03],[245862.7067,1987901.2933],[245862.7777,1987904.1987],[245863.6396,1987910.9078]]]]},"geometry_name":"geometry","properties":{"ogc_fid":7,"zoning":"UCa","zone_name":"Mekong Riverbank Zone within Aircraft Flying Area","h":10,"e":0.5,"cos":1}},{"type":"Feature","id":"glup2030_cdudcp_v1.8","geometry":{"type":"MultiPolygon","coordinates":[[[[242860.4826,1988565.5869],[242850.8566,1988568.9658],[242714.7833,1988616.7122],[242682.9614,1988627.10630001],[242626.8224,1988645.4431],[242559.6842,1988667.3727],[242480.1113,1988696.2217],[242372.6989,1988735.164],[242328.3151,1988749.8271],[242314.3114,1988754.4535],[242307.1879,1988756.8069],[242304.2106,1988757.8747],[242296.2938,1988760.7139],[242299.2733,1988777.6558],[242308.6396,1988831.0792],[242328.2188,1988947.204],[242337.1126,1989001.8413],[242340.2177,1989020.917],[242341.1894,1989025.6565],[242341.4996,1989030.4847],[242341.1423,1989035.3096],[242340.1243,1989040.0394],[242338.465,1989044.5841],[242336.196,1989048.8571],[242320.6702,1989065.6952],[242300.5922,1989085.8533],[242262.1268,1989124.4723],[242241.929,1989144.7507],[242235.8172,1989150.9668],[242203.6278,1989183.7057],[242190.7849,1989196.7679],[242185.6891,1989202.5621],[242180.0885,1989207.8702],[242175.8453,1989211.2161],[242174.0294,1989212.6481],[242180.4714,1989216.9943],[241869.3208,1989538.0668],[241646.7121,1989768.8446],[241609.6704,1989804.2989],[241686.3997,1989882.6157],[241860.9589,1990050.4941],[241603.1219,1990318.3853],[241623.7595,1990339.0228],[241313.6672,1990661.8152],[241039.5583,1990944.3907],[240905.6789,1991079.8577],[240844.8246,1991146.5328],[240692.4243,1991306.8706],[240589.7657,1991410.5875],[240464.0884,1991543.9377],[240453.4507,1991532.0111],[240449.5852,1991536.0328],[240425.4824,1991561.1094],[240418.0329,1991569.3643],[240413.2454,1991574.6694],[240405.3079,1991585.5835],[240397.0396,1991598.8126],[240384.1412,1991621.9637],[240357.8481,1991674.1529],[240350.0623,1991690.2037],[240332.0512,1991727.3343],[240309.0324,1991772.1812],[240296.134,1991795.6763],[240292.9783,1991801.138],[240285.8152,1991813.5357],[240271.5277,1991841.317],[240261.6058,1991858.7795],[240248.5089,1991879.4171],[240238.587,1991894.4983],[240224.7625,1991915.5328],[240206.9031,1991941.6604],[240191.3588,1991963.8193],[240175.8145,1991988.624],[240160.6009,1992010.4522],[240140.4396,1992039.2963],[240128.3746,1992057.0763],[240126.164,1992062.2165],[240124.6274,1992067.5968],[240123.7897,1992073.1291],[240123.6647,1992078.7231],[240124.2544,1992084.2873],[240125.5492,1992089.7309],[240127.5279,1992094.9647],[240144.6332,1992144.7859],[240173.4332,1992224.5447],[240198.6692,1992296.9123],[240220.8215,1992360.6307],[240235.0208,1992399.9038],[240243.1435,1992423.7781],[240246.1863,1992432.377],[240246.4633,1992441.0589],[240246.5831,1992444.8125],[240246.0804,1992462.8571],[240244.1754,1992475.3455],[240242.0588,1992484.6588],[240237.4021,1992499.6872],[240232.9042,1992516.1972],[240228.6708,1992531.2785],[240226.1318,1992540.0674],[240225.2312,1992543.1848],[240215.2652,1992578.9036],[240205.211,1992615.6807],[240194.6277,1992654.0454],[240191.0677,1992666.0711],[240187.2511,1992678.9639],[240181.1127,1992700.1306],[240176.9323,1992713.8308],[240173.7939,1992725.1514],[240171.0056,1992735.2092],[240165.714,1992759.1275],[240164.8544,1992766.4835],[240164.6301,1992773.886],[240165.0427,1992781.2805],[240166.0891,1992788.6122],[240167.7617,1992795.8268],[240170.048,1992802.8711],[240172.9312,1992809.6928],[240176.3898,1992816.2416],[240180.3984,1992822.4689],[240192.1349,1992836.613],[240282.7962235,1992735.81204738],[240412.92355247,1992591.13118221],[240937.1908,1992008.2295],[241037.2035,1991905.0418],[241149.3871,1991787.0374],[241250.4581,1991681.733],[241385.925,1991542.5619],[241527.2128,1991397.57],[241667.4423,1991251.5197],[241831.4843,1991082.186],[241962.1887,1990946.1899],[242178.6183,1990722.8811],[242378.6437,1990517.564],[242589.7816,1990298.4886],[242699.8485,1990186.305],[242744.2986,1990126.5091],[242793.5112,1990058.7756],[242827.3779,1990024.3797],[242915.7489,1989945.5337],[243040.1034,1989830.7043],[243176.6286,1989691.5332],[243332.7331,1989870.3919],[243520.5876,1990089.9965],[243674.9767,1990258.1087],[243833.9916,1990117.0855],[243894.0522,1990063.9041],[243775.7832,1989920.2351],[243685.2955,1989815.4599],[243570.9953,1989661.4721],[243462.5159,1989511.453],[243407.747,1989437.6341],[243313.0348,1989184.5773],[243269.3785,1989069.4833],[243237.9592,1988978.2019],[243236.0831,1988972.4664],[243250.2373,1988951.1895],[243270.0799,1988921.0034],[243275.1082,1988913.354],[243291.7717,1988886.3043],[243185.8819,1988802.2687],[243127.2481,1988755.7361],[243099.5612,1988732.4792],[243096.2921,1988730.2235],[243070.7295,1988712.5857],[243058.4528,1988705.8124],[243025.781,1988693.6872],[242980.9356,1988681.4567],[242957.9405,1988673.7916],[242950.1057,1988670.6922],[242946.6132,1988668.7872],[242943.9144,1988667.1203],[242936.0166,1988661.2465],[242931.1482,1988657.4365],[242912.9602,1988636.0859],[242870.3579,1988579.5254],[242860.4826,1988565.5869]]]]},"geometry_name":"geometry","properties":{"ogc_fid":8,"zoning":"Ta","zone_name":"Transport Zone (airport)","h":0,"e":0,"cos":0}},{"type":"Feature","id":"glup2030_cdudcp_v1.9","geometry":{"type":"MultiPolygon","coordinates":[[[[241534.5003,1992033.3148],[241551.4337,1992020.21790001],[241584.7712,1991993.2303],[241608.0546,1991974.048],[241652.5819,1991937.5795],[241707.04210001,1991891.5772],[241740.7606,1991866.3147],[241781.9878,1991838.94470001],[241804.1285,1991824.24590001],[241858.6415,1991790.29980001],[241871.0425,1991782.5523],[241940.3014,1991739.2827],[242018.433,1991689.0548],[242104.3169,1991634.4447],[242222.5286,1991560.62140001],[242349.6623,1991480.5396],[242357.4664,1991475.62380001],[242440.68410001,1991422.57760001],[242450.5293,1991416.3019],[242512.1244,1991377.3552],[242596.9924,1991323.7134],[242641.86580001,1991294.2917],[242675.38860001,1991269.0901],[242700.85670001,1991249.03640001],[242737.9403,1991217.4574],[242742.2237,1991213.8099],[242748.2796,1991208.6529],[242778.0453,1991182.06220001],[242807.4141,1991155.8684],[242823.43050001,1991140.627],[242832.0204,1991132.4528],[242858.622,1991102.4791],[242860.1985,1991100.7027],[242869.01730001,1991091.1275],[242902.571,1991054.6957],[242939.1586,1991021.8196],[243003.8883,1990963.6562],[243107.36380001,1990870.3234],[243153.2586,1990828.9272],[243167.9991,1990815.63160001],[243197.2569,1990789.2417],[243290.8426,1990709.22470001],[243307.4423,1990695.03170001],[243371.207,1990638.1462],[243420.95010001,1990592.90170001],[243457.8053,1990559.3795],[243527.9024,1990492.8984],[243562.2983,1990458.23800001],[243612.6906,1990403.5974],[243753.90220001,1990250.48150001],[243809.8997,1990191.0584],[243811.4387,1990189.4253],[243818.6361,1990181.78760001],[243834.1067,1990165.37060001],[243859.1508,1990138.7944],[243894.4686,1990101.1155],[243976.3803,1990015.1155],[243998.1836,1989992.2241],[244007.5464,1989982.3939],[244074.0435,1989910.1418],[244081.8478,1989902.0996],[244123.2293,1989859.4563],[244138.7842,1989843.4271],[244146.0953,1989835.8931],[244179.946,1989798.7273],[244222.8246,1989751.6495],[244259.3462,1989711.8654],[244288.4054,1989683.5608],[244369.6945,1989621.3775],[244487.2145,1989531.4789],[244502.2736,1989520.7352],[244650.8811,1989409.1201],[244672.9293,1989392.5514],[244688.5654,1989380.7743],[244700.8649,1989371.5103],[244806.8644,1989291.6712],[244823.9125,1989279.517],[244891.625,1989228.2741],[244925.8497,1989203.8424],[244932.8365,1989199.836],[244947.3014,1989192.1822],[244979.316,1989178.953],[245097.0331,1989131.8457],[245204.2866,1989087.6391],[245321.9984,1989044.4661],[245341.8924,1989035.422],[245354.5122,1989030.0722],[245397.2751,1989013.3752],[245404.3898,1989009.4017],[245408.3983,1989006.7823],[245414.2283,1989002.8268],[245418.7025,1988999.7911],[245421.2969,1988998.1316],[245426.5437,1988993.8434],[245430.3018,1988990.0483],[245437.7525,1988980.8999],[245439.4631,1988979.0229],[245444.107,1988972.4578],[245446.1663,1988968.6761],[245461.0677,1988940.318],[245471.4393,1988919.2571],[245473.556,1988915.1296],[245476.8369,1988908.8854],[245484.224,1988890.0259],[245490.1507,1988868.2242],[245496.2891,1988849.1741],[245497.8959,1988841.4077],[245500.0982,1988832.4531],[245502.0244,1988821.2958],[245503.5122,1988804.1737],[245503.4924,1988796.5716],[245508.3429,1988739.9994],[245509.4147,1988724.1354],[245510.7241,1988704.7569],[245511.3823,1988682.9452],[245510.3239,1988663.4719],[245507.6847,1988649.2202],[245507.1489,1988646.3268],[245506.2279,1988642.3796],[245502.7039,1988627.2768],[245499.1056,1988613.3068],[245492.2264,1988595.5267],[245474.658,1988563.1417],[245470.3567,1988554.539],[245464.9213,1988543.6683],[245456.878,1988526.3116],[245453.00168361,1988514.77329791],[245450.6603,1988507.8039],[245448.5965,1988500.3427],[245447.2236,1988494.1646],[245446.5654,1988489.1218],[245446.374,1988485.1026],[245445.9779,1988478.3694],[245445.739,1988474.3076],[245447.009,1988458.2738],[245448.279,1988441.9226],[245459.7101,1988424.962],[245476.92259539,1988409.59582822],[245451.7137,1988405.4707],[245423.0225,1988400.5782],[245391.19419838,1988395.15060953],[245388.74869892,1988394.73360634],[245251.16509957,1988371.27210251],[245164.77290133,1988356.54009221],[245139.0217,1988352.1488],[245133.261,1988353.122],[245119.0816,1988354.2298],[245100.1618,1988356.4926],[245044.3327,1988363.1698],[245038.4057,1988363.8852],[245025.9177,1988365.3924],[244999.5652,1988368.2499],[244986.7593,1988369.8109],[244981.6337,1988370.3157],[244965.8043,1988371.8747],[244950.088,1988373.7797],[244920.7853,1988377.0076],[244913.8826,1988377.7554],[244901.7353,1988379.0713],[244880.6215,1988381.2938],[244861.7302,1988383.3576],[244838.9733,1988385.8976],[244821.3237,1988388.1275],[244809.4458,1988389.6282],[244796.3912,1988391.1805],[244762.8684,1988395.2286],[244753.8502,1988396.1708],[244735.6339,1988398.074],[244716.7225,1988400.5693],[244710.8628,1988401.1819],[244659.5154,1988406.5506],[244654.099,1988407.0714],[244643.3227,1988408.1076],[244638.8778,1988408.535],[244631.7326,1988409.6342],[244626.5029,1988410.4387],[244615.5442,1988411.4645],[244599.8438,1988412.9342],[244565.9694,1988417.015],[244561.9465,1988417.4996],[244544.4708,1988419.5634],[244522.8807,1988421.9975],[244513.9695,1988422.7807],[244494.4962,1988425.109],[244462.6403,1988428.6015],[244420.6297,1988433.3667],[244399.1796,1988435.4905],[244359.2407,1988439.4448],[244345.2784,1988441.9312],[244338.661,1988442.5461],[244319.4732,1988444.5831],[244309.1737,1988445.6765],[244303.6452,1988446.249],[244288.3509,1988447.8328],[244276.6445,1988449.1093],[244264.377,1988450.4469],[244247.8523,1988451.9504],[244226.2108,1988453.6881],[244212.4524,1988454.7464],[244198.2615,1988455.9672],[244183.6569,1988457.2237],[244175.4823,1988457.9269],[244161.5255,1988458.9853],[244142.4094,1988460.6389],[244112.9524,1988462.5933],[244104.8392,1988463.3308],[244100.6729,1988463.7095],[244064.8133,1988464.831],[244052.8151,1988465.2779],[244043.1213,1988465.639],[244037.1114,1988465.8629],[244024.2976,1988466.3622],[244006.8995,1988467.04],[244003.0224,1988467.1911],[243969.4732,1988468.7786],[243957.5304,1988469.245],[243944.1789,1988469.7664],[243938.7044,1988470.0182],[243900.2668,1988471.786],[243870.7657,1988473.109],[243863.1072,1988473.4123],[243839.2785,1988474.356],[243818.4277,1988474.8751],[243813.7726,1988474.991],[243777.26,1988476.1552],[243758.5981,1988476.9384],[243739.7597,1988477.4675],[243728.6204,1988477.7858],[243721.2388,1988477.9967],[243691.5578,1988479.1159],[243678.1644,1988479.684],[243585.9281,1988483.5965],[243548.4003,1988484.7824],[243538.7562,1988484.8221],[243477.7608,1988487.2369],[243435.1167,1988488.9252],[243419.7235,1988489.4529],[243389.8066,1988490.4785],[243380.6333,1988490.793],[243322.1959,1988492.7962],[243272.1477,1988494.5119],[243268.0411,1988494.665],[243193.1565,1988497.4562],[243173.7418,1988498.1799],[243151.9793,1988498.991],[243115.8638,1988500.3372],[243074.6945,1988503.2873],[243059.8509,1988506.0035],[243044.6677,1988507.95],[243021.1207,1988513.3723],[243008.4207,1988515.9123],[243005.6531,1988516.6343],[242998.684,1988518.4524],[242993.7435,1988519.9674],[242982.809,1988523.3207],[242962.4625,1988529.9957],[242953.4931,1988532.9383],[242920.8326,1988544.4028],[242860.4826,1988565.5869],[242870.3579,1988579.5254],[242912.9602,1988636.0859],[242931.1482,1988657.4365],[242936.0166,1988661.2465],[242943.9144,1988667.1203],[242946.6132,1988668.7872],[242950.1057,1988670.6922],[242957.9405,1988673.7916],[242980.9356,1988681.4567],[243025.781,1988693.6872],[243058.4528,1988705.8124],[243070.7295,1988712.5857],[243096.2921,1988730.2235],[243099.5612,1988732.4792],[243127.2481,1988755.7361],[243185.8819,1988802.2687],[243291.7717,1988886.3043],[243275.1082,1988913.354],[243270.0799,1988921.0034],[243250.2373,1988951.1895],[243236.0831,1988972.4664],[243237.9592,1988978.2019],[243269.3785,1989069.4833],[243313.0348,1989184.5773],[243407.747,1989437.6341],[243462.5159,1989511.453],[243570.9953,1989661.4721],[243685.2955,1989815.4599],[243775.7832,1989920.2351],[243894.0522,1990063.9041],[243833.9916,1990117.0855],[243674.9767,1990258.1087],[243520.5876,1990089.9965],[243332.7331,1989870.3919],[243176.6286,1989691.5332],[243040.1034,1989830.7043],[242915.7489,1989945.5337],[242827.3779,1990024.3797],[242793.5112,1990058.7756],[242744.2986,1990126.5091],[242699.8485,1990186.305],[242589.7816,1990298.4886],[242378.6437,1990517.564],[242178.6183,1990722.8811],[241962.1887,1990946.1899],[241831.4843,1991082.186],[241667.4423,1991251.5197],[241527.2128,1991397.57],[241385.925,1991542.5619],[241250.4581,1991681.733],[241149.3871,1991787.0374],[241037.2035,1991905.0418],[240937.1908,1992008.2295],[240412.92355247,1992591.13118221],[240282.7962235,1992735.81204738],[240192.1349,1992836.613],[240180.3984,1992822.4689],[240176.3898,1992816.2416],[240172.9312,1992809.6928],[240170.048,1992802.8711],[240167.7617,1992795.8268],[240166.0891,1992788.6122],[240165.0427,1992781.2805],[240164.6301,1992773.886],[240164.8544,1992766.4835],[240165.714,1992759.1275],[240171.0056,1992735.2092],[240173.7939,1992725.1514],[240176.9323,1992713.8308],[240181.1127,1992700.1306],[240187.2511,1992678.9639],[240191.0677,1992666.0711],[240194.6277,1992654.0454],[240205.211,1992615.6807],[240215.2652,1992578.9036],[240225.2312,1992543.1848],[240226.1318,1992540.0674],[240228.6708,1992531.2785],[240232.9042,1992516.1972],[240237.4021,1992499.6872],[240242.0588,1992484.6588],[240244.1754,1992475.3455],[240246.0804,1992462.8571],[240246.5831,1992444.8125],[240246.4633,1992441.0589],[240246.1863,1992432.377],[240243.1435,1992423.7781],[240235.0208,1992399.9038],[240220.8215,1992360.6307],[240198.6692,1992296.9123],[240173.4332,1992224.5447],[240144.6332,1992144.7859],[240127.5279,1992094.9647],[240125.5492,1992089.7309],[240124.2544,1992084.2873],[240123.6647,1992078.7231],[240123.7897,1992073.1291],[240124.6274,1992067.5968],[240126.164,1992062.2165],[240128.3746,1992057.0763],[240140.4396,1992039.2963],[240160.6009,1992010.4522],[240175.8145,1991988.624],[240191.3588,1991963.8193],[240206.9031,1991941.6604],[240224.7625,1991915.5328],[240238.587,1991894.4983],[240248.5089,1991879.4171],[240261.6058,1991858.7795],[240271.5277,1991841.317],[240285.8152,1991813.5357],[240292.9783,1991801.138],[240296.134,1991795.6763],[240309.0324,1991772.1812],[240332.0512,1991727.3343],[240350.0623,1991690.2037],[240357.8481,1991674.1529],[240384.1412,1991621.9637],[240397.0396,1991598.8126],[240405.3079,1991585.5835],[240413.2454,1991574.6694],[240418.0329,1991569.3643],[240425.4824,1991561.1094],[240449.5852,1991536.0328],[240453.4507,1991532.0111],[240464.0884,1991543.9377],[240589.7657,1991410.5875],[240692.4243,1991306.8706],[240844.8246,1991146.5328],[240905.6789,1991079.8577],[241039.5583,1990944.3907],[241313.6672,1990661.8152],[241623.7595,1990339.0228],[241603.1219,1990318.3853],[241860.9589,1990050.4941],[241686.3997,1989882.6157],[241609.6704,1989804.2989],[241646.7121,1989768.8446],[241869.3208,1989538.0668],[242180.4714,1989216.9943],[242174.0294,1989212.6481],[242175.8453,1989211.2161],[242180.0885,1989207.8702],[242185.6891,1989202.5621],[242190.7849,1989196.7679],[242203.6278,1989183.7057],[242235.8172,1989150.9668],[242241.929,1989144.7507],[242262.1268,1989124.4723],[242300.5922,1989085.8533],[242320.6702,1989065.6952],[242336.196,1989048.8571],[242338.465,1989044.5841],[242340.1243,1989040.0394],[242341.1423,1989035.3096],[242341.4996,1989030.4847],[242341.1894,1989025.6565],[242340.2177,1989020.917],[242337.1126,1989001.8413],[242328.2188,1988947.204],[242308.6396,1988831.0792],[242299.2733,1988777.6558],[242296.2938,1988760.7139],[242258.8198,1988774.1535],[242229.2039,1988784.7748],[242154.2774,1988811.6462],[242149.1196,1988813.4959],[242059.8686,1988845.5046],[242052.3111,1988848.2149],[241991.7522,1988869.9335],[241943.5201,1988887.2313],[241903.2621,1988901.6983],[241841.6289,1988923.8466],[241828.2516,1988928.6538],[241789.561,1988942.5575],[241742.2297,1988959.5664],[241649.5541,1988992.8699],[241556.9238,1989026.1573],[241543.5214,1989030.9735],[241518.027,1989040.1351],[241477.9129,1989054.5504],[241474.2781,1989055.8566],[241425.6415,1989073.3344],[241364.6943,1989095.2362],[241342.2444,1989103.30370001],[241338.6845,1989106.16100001],[241332.75140001,1989110.9231],[241323.7224,1989119.087],[241315.18870001,1989127.76740001],[241307.1797,1989136.93410001],[241304.12060001,1989140.88140001],[241302.7563,1989142.64180001],[241299.72320001,1989146.5556],[241292.8448,1989156.5986],[241291.3391,1989159.10070001],[241286.5685,1989167.02830001],[241273.3481,1989192.0415],[241232.05260001,1989280.65060001],[241221.57440001,1989303.13400001],[241187.70770001,1989372.13750001],[241184.25440001,1989379.1421],[241129.49920001,1989490.21060001],[241112.3657,1989525.1333],[241087.8503,1989575.10240001],[241083.22350001,1989584.5331],[241067.5211,1989618.10140001],[241057.1399,1989640.294],[241031.43390001,1989695.24770001],[241009.1155,1989740.7052],[240994.3694,1989770.7395],[240986.4547,1989786.8599],[240946.3544,1989873.347],[240924.34100001,1989920.3371],[240906.27050001,1989957.28400001],[240904.76180001,1989960.3687],[240891.10930001,1989991.96000001],[240877.8953,1990020.85640001],[240876.663,1990023.5513],[240865.04670001,1990048.23840001],[240852.68180001,1990074.51680001],[240822.8896,1990139.5515],[240787.7423,1990218.36040001],[240782.73550001,1990229.93460001],[240775.5185,1990246.61800001],[240755.68280001,1990291.80750001],[240735.4175,1990337.9755],[240708.0066,1990400.0469],[240673.16090001,1990481.1418],[240627.2292,1990579.71520001],[240593.1316,1990657.69650001],[240580.2126,1990687.24210001],[240523.99350001,1990811.82180001],[240478.85940001,1990916.2041],[240455.5495,1990971.1582],[240428.52490001,1991030.328],[240410.46560001,1991068.54060001],[240406.6174,1991076.68300001],[240403.5016,1991083.32190001],[240376.9238,1991139.95060001],[240373.7164,1991146.7845],[240344.15910001,1991210.69150001],[240303.7571,1991299.64460001],[240301.31920001,1991305.1501],[240277.27230001,1991359.45370001],[240252.7321,1991411.6429],[240237.10580001,1991447.88250001],[240233.64680001,1991455.90450001],[240206.1301,1991514.95960001],[240171.1521,1991591.19940001],[240167.44730001,1991599.28330001],[240139.0568,1991661.23070001],[240118.2353,1991706.66270001],[240107.34470001,1991730.18640001],[240098.5421,1991749.2],[240078.5477,1991792.38790001],[240064.7745,1991822.8825],[240057.42290001,1991839.1593],[240051.5584,1991852.14340001],[240031.8222,1991895.84020001],[240024.2622,1991912.61570001],[239996.65900001,1991973.86600001],[239989.7005,1991993.43200001],[239981.0221,1992022.43030001],[239976.5771,1992045.5021],[239972.96320001,1992062.15520001],[239971.9998,1992066.59470001],[239968.03110001,1992091.20100001],[239965.6498,1992118.98230001],[239964.7238,1992154.51590001],[239969.2217,1992194.46810001],[239976.84740001,1992237.67710001],[239979.02490001,1992250.01550001],[239979.6066,1992253.3115],[239988.7083,1992307.71],[239994.1875,1992340.0589],[239997.4009,1992359.0303],[240000.4646,1992377.1178],[240007.5745,1992419.0943],[240009.0812,1992427.9898],[240027.8667,1992539.9511],[240041.2381,1992617.623],[240044.0956,1992637.308],[240046.0721,1992652.1311],[240053.3594,1992706.7844],[240066.7208,1992792.245],[240085.2417,1992917.0404],[240091.0094,1992955.8695],[240096.2908,1992991.425],[240115.7041,1993122.1194],[240125.7942,1993189.3148],[240131.2716,1993225.79240001],[240155.6159,1993219.77250001],[240176.25340001,1993210.24750001],[240246.89730001,1993174.5287],[240355.9059,1993119.2307],[240397.4272,1993097.1197],[240404.99500001,1993093.0898],[240414.3139,1993088.40850001],[240450.08010001,1993070.44140001],[240492.6252,1993047.58140001],[240512.9452,1993035.9397],[240529.0319,1993025.77960001],[240547.4575,1993011.4286],[240571.58760001,1992991.74360001],[240602.27930001,1992964.01520001],[240626.39500001,1992940.24900001],[240631.4894,1992935.22850001],[240681.9852,1992883.3833],[240758.7211,1992806.6109],[240799.2025,1992765.9709],[240877.78130001,1992688.0751],[240909.37520001,1992656.75590001],[240971.55240001,1992592.72660001],[241018.3132,1992548.2413],[241042.65490001,1992523.05290001],[241073.3466,1992493.20780001],[241075.0961,1992491.4583],[241097.90000001,1992468.65440001],[241149.33510001,1992417.9126],[241203.83940001,1992363.6729],[241210.75920001,1992356.8264],[241240.4272,1992327.4728],[241262.10070001,1992306.02890001],[241286.0007,1992281.99490001],[241309.3131,1992258.5519],[241351.0644,1992215.53060001],[241375.4603,1992191.3036],[241402.65830001,1992164.29390001],[241406.90550001,1992159.99120001],[241436.14010001,1992130.37460001],[241470.8643,1992095.19660001],[241476.62530001,1992089.36030001],[241509.8042,1992057.61020001],[241534.5003,1992033.3148]]]]},"geometry_name":"geometry","properties":{"ogc_fid":9,"zoning":"UBa","zone_name":"Zone of Surroundings of Central Urban Area within*","h":20,"e":0.6,"cos":1.5}},{"type":"Feature","id":"glup2030_cdudcp_v1.10","geometry":{"type":"MultiPolygon","coordinates":[[[[247630.2551,1991111.5025],[247643.7287,1991110.9385],[247649.3948,1991111.2194],[247653.34769681,1991111.89581871],[247659.9219,1991113.0208],[247664.1912,1991113.4932],[247670.5371,1991114.1954],[247673.02013441,1991114.32194854],[247681.2033,1991114.739],[247691.883,1991114.6498],[247702.5386,1991113.928],[247713.1328,1991112.5762],[247723.6283,1991110.5991],[247733.9881,1991108.0037],[247744.1761,1991104.799],[247777.5952,1991092.0424],[247787.8559,1991088.5696],[247797.1023,1991085.4402],[247817.2299,1991078.628],[247854.65439559,1991065.31138761],[247897.6104,1991050.0265],[247920.3779,1991042.2874],[247929.5501,1991050.6218],[247933.2158,1991053.2942],[247937.2489,1991055.3711],[247941.5534,1991056.803],[247946.0269,1991057.5559],[247950.5629,1991057.6119],[247955.0537,1991056.9696],[247959.3922,1991055.6443],[247963.6641,1991053.3985],[247992.42045313,1991036.9205189],[248005.96015372,1991029.16199231],[248008.45092135,1991027.73473128],[248015.5584,1991023.662],[248077.56618824,1990988.20157944],[248099.48,1990975.6697],[248115.2158096,1990966.67081679],[248133.0634,1990956.4643],[248163.1512,1990949.0504],[248178.72519723,1990933.79129025],[248284.6916,1990884.1305],[248363.10500935,1990841.61730687],[248372.532,1990836.50630001],[248391.06275751,1990827.78595161],[248426.5062,1990811.10670001],[248536.5712,1990785.1779],[248621.7658,1990762.4241],[248681.27157228,1990744.57236832],[248775.2218,1990716.3873],[248978.4188,1990657.1216],[249073.94895196,1990627.60388577],[249166.7993,1990598.9142],[249372.6421,1990540.1776],[249551.4978,1990485.1452],[249664.0993,1990449.8609],[249591.2688,1990328.1174],[249585.27226654,1990319.63347201],[249592.6881086,1990315.58596333],[249633.8639722,1990296.80050909],[249689.45747684,1990273.91637913],[249733.66308222,1990255.682067],[249749.09244918,1990249.31762766],[249767.82364,1990241.30251772],[249826.37698851,1990216.24743547],[249841.34666841,1990207.99051029],[249845.68584376,1990205.6621723],[249851.40085519,1990202.06383177],[249856.90419953,1990197.51298933],[249864.20671413,1990190.95130955],[249872.12020438,1990181.98048834],[249880.57916355,1990171.28743688],[249883.58498089,1990165.72110849],[249886.29417498,1990160.70408239],[249890.42168323,1990151.49656396],[249897.1808107,1990131.85898731],[249911.94846987,1990092.37439049],[249915.69545942,1990083.46112656],[249919.89839333,1990073.4632713],[249931.54654038,1990045.7548917],[249948.5259823,1990005.36453431],[249959.86995093,1989978.37972826],[249979.38415404,1989931.95973158],[250001.10679983,1989880.28633555],[250012.72485323,1989852.64954213],[250017.44556991,1989841.41999555],[250037.43681902,1989793.86521137],[250199.53519074,1989408.2688416],[250165.49063821,1989400.84091929],[250069.41477562,1989378.38738681],[250056.73658721,1989375.0383489],[250015.80720812,1989364.87040134],[249930.51419096,1989343.68134483],[249929.50445826,1989343.40763217],[249888.36994205,1989332.25711869],[249886.28420683,1989331.69172931],[249885.3969305,1989337.74807871],[249883.70844441,1989345.29616078],[249882.95790865,1989349.06825594],[249878.79705499,1989369.98016555],[249874.9777868,1989389.83183632],[249874.68371532,1989397.15590571],[249874.76305828,1989397.48964638],[249874.78420142,1989397.83203667],[249874.40010609,1989413.70534034],[249872.53810181,1989435.6648021],[249871.85912286,1989443.17301994],[249869.52771841,1989468.95392576],[249855.77348302,1989494.58679624],[249842.12945867,1989520.01427357],[249840.42398439,1989523.19265463],[249804.07979456,1989562.10153515],[249791.3164566,1989575.76554016],[249787.97794127,1989579.3396436],[249763.68493465,1989627.05100134],[249758.23622521,1989688.24999389],[249728.62352466,1989687.98559477],[249717.30458952,1989687.72834625],[249707.52795748,1989685.50638442],[249705.79982071,1989685.11362607],[249694.08939496,1989683.75194866],[249674.17952784,1989683.75194866],[249670.8004259,1989684.10620935],[249641.24096437,1989687.20518515],[249613.69768853,1989689.61187916],[249599.28285607,1989694.04721222],[249594.68584571,1989696.82181208],[249594.22397142,1989697.04900649],[249593.73005813,1989697.19390236],[249593.21864582,1989697.25223418],[249592.70478963,1989697.22228478],[249592.20361663,1989697.10493581],[249591.72988054,1989696.90364183],[249591.29752736,1989696.6243286],[249590.91928486,1989696.27521865],[249586.29796822,1989690.6182004],[249582.32026086,1989684.49151557],[249579.03348663,1989677.96805498],[249578.87622692,1989677.54717906],[249576.47674918,1989671.12543001],[249574.68046669,1989664.04504922],[249573.66601004,1989656.81114982],[249573.44544848,1989649.50979546],[249574.0214061,1989642.22785234],[249574.86211669,1989637.81020134],[249572.01997965,1989637.42815206],[249570.94019705,1989640.36011895],[249564.59018435,1989639.09011641],[249546.17514751,1989637.50261324],[249537.92712657,1989637.04842499],[249534.60754105,1989636.86562759],[249525.92919036,1989634.96062378],[249519.15584347,1989631.78561743],[249512.3824966,1989626.28227309],[249504.33914718,1989615.2755844],[249499.6824712,1989608.71390462],[249494.60246104,1989604.69222991],[249490.38142402,1989603.60598778],[249469.41407733,1989599.18888556],[249443.28709741,1989590.29278391],[249403.80228002,1989577.16994553],[249401.52994331,1989577.02436814],[249399.26458362,1989577.25426468],[249397.06782108,1989577.85338174],[249394.99940988,1989578.80542271],[249393.11561293,1989580.0844911],[249391.46767143,1989581.65579494],[249390.68195779,1989586.03674377],[249387.1020377,1989605.99751029],[249377.69001802,1989646.20819401],[249364.46082489,1989699.42923796],[249357.22946444,1989727.40318493],[249354.46556226,1989738.09512233],[249348.37412605,1989761.65936242],[249345.64249707,1989770.97173394],[249341.97119658,1989783.48753108],[249330.32950662,1989830.47762505],[249328.00116863,1989835.7693023],[249323.55615974,1989841.27264664],[249313.18447234,1989850.16266443],[249301.57094524,1989859.16360904],[249273.63002037,1989880.81891797],[249266.063,1989870.4773],[249262.0813,1989865.2599],[249256.3337,1989857.7286],[249217.2111,1989798.4549],[249205.834,1989780.4632],[249200.35309765,1989769.97570123],[249150.8005,1989675.1588],[249159.803,1989633.2024],[249162.1181,1989609.7206],[249156.8564,1989555.569],[249155.6174,1989548.0739],[249154.6043,1989541.945],[249148.5708,1989473.524],[249148.2504,1989469.7088],[249143.1839,1989409.3778],[249136.2351,1989326.6326],[249133.4594,1989298.9331],[249127.2392,1989236.8593],[249123.7828,1989210.8604],[249122.4763,1989201.0324],[249109.5951,1989089.9553],[249108.8436,1989083.4745],[249105.5363,1989049.0786],[249103.0537,1989022.8788],[249101.7395,1989010.0393],[249095.8128,1988959.0275],[249088.356,1988902.9026],[249078.6979,1988817.825],[249076.1096,1988808.4002],[249074.8966,1988803.983],[249072.9625,1988793.3166],[249072.7036,1988790.6199],[249071.1823,1988784.0714],[249069.1979,1988777.0599],[249065.6921,1988770.7761],[249059.4287,1988760.9155],[249069.3854,1988767.7476],[249080.9399,1988775.676],[249091.2489,1988781.9137],[249143.1377,1988813.3106],[249158.1524,1988822.2628],[249170.1128,1988829.3939],[249182.3439,1988834.341],[249223.1301,1988850.8379],[249255.7193,1988861.7008],[249265.8901,1988867.8033],[249269.6838,1988870.0795],[249295.2218,1988885.4024],[249326.8236,1988912.0667],[249342.0985,1988925.1065],[249361.8686,1988941.984],[249370.0215,1988949.0216],[249380.6781,1988952.8436],[249387.942,1988954.5521],[249445.3982,1988968.0656],[249450.0416,1988969.1577],[249483.7671,1988976.0016],[249488.3632,1988976.7962],[249490.6332,1988977.1886],[249506.1499,1988979.8713],[249572.4606,1988991.3356],[249585.6405,1988993.6143],[249611.613,1988998.1046],[249632.1183,1989001.6497],[249652.8203,1989005.7491],[249705.3115,1989016.4854],[249747.4326,1989025.1006],[249794.7795,1989037.3436],[249828.3688,1989046.0291],[249901.4967,1989062.4915],[249916.9092,1989065.9611],[249928.3248,1989068.4508],[249930.97027204,1989069.02778074],[249921.73512639,1989129.76065091],[249913.76554277,1989163.53211711],[249905.03434186,1989203.70750867],[249984.42167527,1989211.6903127],[250015.30095602,1989215.85505843],[250064.04530697,1989223.46938418],[250098.48999706,1989228.50745912],[250161.2364957,1989239.90086751],[250216.42178274,1989245.02108183],[250239.27214105,1989247.14118917],[250241.82752201,1989204.06165362],[250243.17102943,1989181.41232],[250245.89129962,1989128.16362265],[250250.55004986,1989124.35067384],[250247.88778187,1989124.48546145],[250247.1359,1989033.5067],[250246.713,1988982.3333],[250246.6468,1988974.3315],[250246.4071,1988945.3294],[250245.9462,1988889.5494],[250245.88265636,1988887.13529853],[250245.1258,1988858.3771],[250245.5574,1988849.5741],[250246.774,1988824.7535],[250248.9965,1988795.7022],[250249.4254,1988790.934],[250249.65963354,1988788.32970303],[250253.1256,1988749.7947],[250253.3357,1988747.4586],[250254.53051979,1988726.50984118],[250255.717,1988705.7073],[250255.928,1988701.2937],[250257.17260932,1988675.26930046],[250257.7607,1988662.9728],[250259.4402,1988627.8528],[250259.7628,1988621.1078],[250261.2204,1988558.6724],[250261.9246,1988528.5094],[250262.42330102,1988514.39320004],[250262.5268,1988511.4636],[250264.457,1988456.8221],[250264.65700059,1988445.21230002],[250265.0632,1988421.6262],[250265.81721453,1988377.84313136],[250266.07185694,1988363.05650099],[250266.86159067,1988317.1986059],[250267.6991,1988281.1752],[250271.3649,1988175.161],[250271.93611915,1988154.15180052],[250273.033,1988113.8115],[250273.3148,1988103.4482],[250276.26918866,1988038.93599948],[250277.8961,1988003.4102],[250278.85546429,1987971.96749892],[250280.62207046,1987915.3115987],[250286.3028,1987786.8439],[250288.33356798,1987712.39079913],[250289.5826,1987666.5958],[250290.7505,1987638.5695],[250291.10637892,1987634.65179808],[250292.1334,1987623.3447],[250293.1829,1987611.7911],[250294.0904,1987601.7993],[250295.8102,1987592.0096],[250299.5638,1987574.0409],[250303.7971,1987557.425],[250306.7809,1987548.0851],[250314.03487467,1987525.37869191],[250317.68559257,1987513.95109763],[250319.0084,1987509.8104],[250319.76334539,1987507.57198664],[250322.9713,1987498.0604],[250323.6878,1987483.2722],[250324.8596,1987471.2135],[250328.0346,1987456.926],[250330.7274,1987444.1979],[250342.8278,1987374.7437],[250351.6649,1987324.6051],[250353.73082253,1987309.24124942],[250358.9939,1987270.1008],[250359.2075,1987266.8588],[250362.16980823,1987221.90100055],[250362.5922,1987215.4907],[250364.6725,1987192.6074],[250366.8255,1987168.9239],[250370.8472,1987118.7588],[250372.5758,1987085.8799],[250373.4289,1987059.5556],[250305.3414,1987062.5123],[250177.7167,1987065.7695],[250163.1047,1987066.1631],[250159.0864,1987066.2713],[250076.4803,1987065.1874],[250069.2731,1987064.9348],[250016.7266,1987063.0932],[249948.1438,1987060.6895],[249896.8675,1987060.372],[249888.6549,1987060.5295],[249866.0792,1987060.9623],[249839.3106,1987060.4718],[249834.4895,1987060.4978],[249824.6988,1987060.5505],[249805.9624,1987060.6515],[249785.4844,1987061.2414],[249747.3744,1987062.3394],[249683.155,1987067.2207],[249593.3215,1987072.1585],[249548.0911,1987072.5565],[249496.7068,1987067.8524],[249496.5259,1987065.7843],[249495.9886,1987063.779],[249495.1112,1987061.8974],[249493.9204,1987060.1968],[249492.4525,1987058.7289],[249490.7519,1987057.5381],[249488.8703,1987056.6607],[249486.865,1987056.1234],[249484.7969,1987055.9425],[249482.7287,1987056.1234],[249480.7234,1987056.6607],[249472.6621,1987072.2713],[249457.6417,1987075.4968],[249436.1756,1987078.6861],[249383.5552,1987084.8456],[249321.0037,1987090.3607],[249270.0963,1987095.9652],[249219.2181,1987107.0459],[249205.5577,1987110.7223],[249179.5756,1987117.9455],[249153.4982,1987125.6925],[249117.409,1987137.8633],[249068.9372,1987155.5375],[249051.7922,1987160.6175],[249027.0271,1987166.6501],[248997.8904,1987172.1118],[248980.1418,1987175.1213],[248975.9999,1987175.656],[248962.2155,1987177.9213],[248938.1185,1987181.4403],[248912.5597,1987185.2503],[248892.0999,1987188.1357],[248884.5316,1987189.6172],[248863.5059,1987195.2516],[248810.2033,1987210.4672],[248773.8546,1987223.9943],[248766.3087,1987226.2459],[248752.0211,1987230.4528],[248741.1635,1987233.075],[248733.0296,1987234.2648],[248690.17764652,1987235.08335881],[248685.11525034,1987235.18006079],[248527.8628,1987238.1839],[248474.81219992,1987236.75240286],[248438.2011,1987235.7033],[248430.68060125,1987234.8032896],[248428.5259,1987234.5454],[248421.1791,1987232.9984],[248413.1267,1987230.5583],[248406.1266,1987228.4371],[248382.9728,1987221.1332],[248351.81020186,1987211.30299412],[248344.73880438,1987209.07228612],[248342.5246,1987208.3738],[248335.7336,1987206.2316],[248327.5743,1987205.9828],[248324.0484,1987198.6825],[248323.4604,1987195.7028],[248322.9129,1987189.0918],[248322.404,1987177.8781],[248323.2304,1987162.6334],[248323.0716,1987147.2346],[248322.88431482,1987143.66319923],[248322.22319453,1987131.05330029],[248321.9604,1987126.0414],[248320.6374,1987121.0143],[248318.1239,1987114.9289],[248315.2135,1987109.2403],[248313.68510491,1987106.94779673],[248309.6572,1987100.906],[248298.59910888,1987086.875993],[248296.47565933,1987084.18183765],[248293.1524,1987079.9654],[248282.694,1987068.4609],[248274.73553666,1987060.84859319],[248269.7547,1987056.0844],[248265.113,1987052.5872],[248263.0711,1987051.3538],[248260.9515,1987050.0734],[248251.4013,1987046.4353],[248245.4072,1987044.8888],[248229.8443,1987042.059],[248223.9187,1987040.9816],[248198.94319335,1987036.44056321],[248193.45110143,1987035.44199212],[248178.3605,1987032.6982],[248173.08059721,1987031.34101088],[248166.82700071,1987029.73359725],[248151.13286753,1987025.69950409],[248148.51336237,1987025.02617349],[248145.2016,1987024.1749],[248136.338,1987021.529],[248113.8299,1987013.0069],[248105.5923,1987009.1597],[248096.3988,1987004.8661],[248091.51305,1987002.7595],[248086.6273,1987000.6529],[248081.7882,1987009.0236],[248071.7225,1987025.9954],[248057.056,1987050.7247],[248042.2071,1987076.3724],[248035.8154,1987087.4124],[248013.9317,1987131.1803],[248009.3395,1987138.2755],[247937.0409,1987249.9807],[247931.041,1987257.4812],[247926.1799,1987265.2641],[247924.5313,1987267.9036],[247917.1681,1987279.6926],[247915.454,1987282.437],[247895.6631,1987307.5628],[247864.93469006,1987351.29673253],[247861.6241,1987356.0085],[247857.84718916,1987360.43457215],[247851.48719569,1987367.88769632],[247847.3615,1987372.7225],[247844.6908,1987375.8523],[247826.8775,1987394.9564],[247784.3537,1987440.5617],[247773.62679068,1987452.61759171],[247770.4722,1987456.163],[247749.1264,1987478.2893],[247720.74438465,1987506.0737805],[247702.8771,1987523.5649],[247696.39360734,1987529.58330791],[247659.5912,1987563.7463],[247619.5101,1987596.4809],[247556.07393011,1987646.00073857],[247527.3361,1987668.4342],[247502.28009426,1987690.2328934],[247488.9634,1987701.8184],[247480.9718,1987708.6305],[247470.9454,1987717.1772],[247430.4739,1987751.6756],[247364.2802,1987813.0328],[247347.65421445,1987828.32508413],[247344.18942938,1987831.51193139],[247332.7598,1987842.0247],[247308.7038,1987866.6976],[247270.7624,1987903.2102],[247231.0749,1987945.7156],[247204.4606,1987978.2796],[247193.5801,1987990.4766],[247187.3889,1987996.9854],[247143.8453,1988043.3074],[247140.1045,1988048.499],[247134.37793536,1988058.60036335],[247133.3882,1988060.3462],[247129.98191169,1988068.86210468],[247126.0182,1988078.7716],[247124.1758,1988097.6576],[247124.33837799,1988100.55130124],[247124.512409,1988103.6488995],[247124.9319,1988111.1154],[247130.0728,1988137.6778],[247139.498,1988171.0945],[247155.2708,1988235.5653],[247150.4454,1988238.3227],[247118.78809849,1988258.05099726],[247002.3734,1988322.3249],[246987.162,1988329.5702],[246980.64981119,1988332.04032949],[246968.9871,1988336.4641],[246950.2294,1988343.7253],[246930.3634,1988351.647],[246904.106,1988362.1174],[246875.77217232,1988374.48253657],[246863.3492,1988379.3012],[246855.14042652,1988382.631873],[246814.7562,1988397.2997],[246810.82529014,1988398.8473826],[246788.3116,1988407.7115],[246771.3782,1988413.2148],[246754.0656,1988418.6564],[246700.7118,1988434.8471],[246666.9169,1988443.793],[246662.3512,1988444.896],[246601.1943,1988459.6702],[246578.90779953,1988464.89879797],[246572.02648577,1988466.51320509],[246531.0866,1988476.118],[246515.54079972,1988479.89509885],[246508.9744,1988481.4905],[246504.9847,1988482.3531],[246438.2161,1988497.7922],[246414.2613,1988503.781],[246401.7461,1988506.99],[246389.3636,1988510.1649],[246381.3268,1988511.5854],[246377.2685,1988511.6088],[246373.3434939,1988511.21056012],[246370.5915,1988510.9313],[246362.8127,1988509.1851],[246343.2864,1988504.2638],[246327.7801,1988499.8726],[246324.91529283,1988499.08773226],[246314.758,1988496.8306],[246312.7147,1988496.2572],[246309.9624,1988495.4849],[246307.6238,1988494.8287],[246304.1594,1988493.7],[246300.6592,1988492.3605],[246288.8192,1988487.167],[246283.3294,1988483.9499],[246273.4295,1988476.8455],[246267.2672,1988471.8689],[246263.2043,1988468.2119],[246244.7572,1988449.7648],[246233.6604,1988437.1144],[246229.5852,1988432.4687],[246193.2166,1988385.7102],[246188.4734,1988380.0885],[246171.9844,1988358.968],[246170.18102106,1988356.65808356],[246162.7763,1988347.1735],[246157.31679488,1988340.65740429],[246154.46450586,1988337.10969541],[246139.1014,1988317.5144],[246119.3179,1988292.2809],[246113.4533,1988284.8008],[246106.87279399,1988276.40740472],[246095.0206,1988261.2902],[246089.72749509,1988253.99420357],[246068.0741691,1988224.14772242],[246066.4188,1988221.866],[246060.9316,1988213.1883],[246044.196,1988179.8725],[246021.0572,1988186.4891],[245939.314,1988202.5758],[245878.9375,1988214.1743],[245846.8097,1988220.0309],[245828.45089896,1988223.37759427],[245824.36697995,1988224.12204979],[245817.9774,1988225.2868],[245764.3198,1988235.6056],[245739.27720112,1988239.9142065],[245723.825,1988242.5728],[245717.5362,1988243.8443],[245651.0712,1988257.0964],[245635.81966407,1988259.76589247],[245582.6502,1988269.0722],[245520.4435,1988281.8694],[245449.7343,1988295.3861],[245399.9250982,1988304.85959051],[245381.3333,1988308.39559998],[245311.0395,1988321.7651],[245308.9406,1988322.1798],[245264.8431,1988330.8933],[245152.4170992,1988349.88589528],[245139.0217,1988352.1488],[245164.77290133,1988356.54009221],[245251.16509957,1988371.27210251],[245388.74869892,1988394.73360634],[245391.19419838,1988395.15060953],[245423.0225,1988400.5782],[245451.7137,1988405.4707],[245476.92259539,1988409.59582822],[245459.7101,1988424.962],[245448.279,1988441.9226],[245447.009,1988458.2738],[245445.739,1988474.3076],[245445.9779,1988478.3694],[245446.374,1988485.1026],[245446.5654,1988489.1218],[245447.2236,1988494.1646],[245448.5965,1988500.3427],[245450.6603,1988507.8039],[245453.00168361,1988514.77329791],[245456.878,1988526.3116],[245464.9213,1988543.6683],[245470.3567,1988554.539],[245474.658,1988563.1417],[245492.2264,1988595.5267],[245499.1056,1988613.3068],[245502.7039,1988627.2768],[245506.2279,1988642.3796],[245507.1489,1988646.3268],[245507.6847,1988649.2202],[245510.3239,1988663.4719],[245511.3823,1988682.9452],[245510.7241,1988704.7569],[245509.4147,1988724.1354],[245508.3429,1988739.9994],[245503.4924,1988796.5716],[245557.9583,1988798.1423],[245567.5133,1988798.6238],[245621.3843,1988801.3385],[245635.3543,1988801.656],[245645.3027,1988802.0793],[245651.7585,1988802.1851],[245683.5792,1988803.1906],[245687.1515,1988803.3875],[245703.7404,1988804.3018],[245723.2622933,1988805.00080558],[245758.6372,1988806.5905],[245760.933,1988806.6998],[245830.8686,1988810.0301],[245926.009,1988817.216],[245934.47340232,1988818.03367598],[245959.8091,1988820.4811],[245966.4237,1988820.7457],[245976.4779,1988821.2749],[245984.7474,1988821.6112],[245993.1731,1988821.954],[246006.27,1988822.3508],[246012.1465,1988822.8437],[246028.6304,1988824.1154],[246045.402,1988824.5204],[246073.7164,1988826.0737],[246076.0851,1988826.3483],[246146.4427,1988828.7973],[246149.99058083,1988829.09297202],[246153.72270032,1988829.40399618],[246164.2228,1988830.279],[246180.0978,1988831.3373],[246183.6411,1988831.6326],[246190.2578,1988832.184],[246199.9945,1988833.2423],[246207.6145,1988835.1473],[246216.5045,1988838.1107],[246223.21372175,1988841.71464591],[246226.95892142,1988843.9806664],[246233.3922,1988847.8731],[246242.5726,1988853.817],[246252.0977,1988862.072],[246262.7339,1988873.6608],[246288.4515,1988905.8871],[246308.8022,1988931.4797],[246315.40841189,1988939.79395802],[246329.6406,1988957.7059],[246344.02879803,1988976.25320153],[246349.9606,1988983.8997],[246362.1844,1988998.6635],[246368.5344,1989005.6485],[246373.6144,1989010.411],[246377.2657,1989014.221],[246384.4094,1989019.6185],[246388.8545,1989022.9523],[246395.3632,1989026.6035],[246401.872,1989029.6198],[246416.6803,1989034.1697],[246430.3192,1989038.3603],[246440.2206,1989040.2823],[246475.2985,1989047.0916],[246553.992,1989058.6882],[246559.08989764,1989059.42731631],[246575.13931851,1989120.5854785],[246580.03899317,1989139.25625695],[246645.6074,1989389.1123],[246662.65063133,1989451.99438243],[246671.45115826,1989484.46448443],[246678.5204,1989510.5469],[246695.0489,1989568.1407],[246697.3884,1989569.4994],[246712.6819,1989576.2896],[246725.11076702,1989580.09035295],[246738.3748,1989584.1465],[246777.0415,1989596.7991],[246820.4725,1989611.9654],[246842.294,1989621.015],[246850.2269,1989624.7328],[246953.4675,1989680.4752],[246975.8637,1989707.9092],[246983.37280162,1989717.10741265],[246986.2206,1989720.5958],[247031.3547,1989814.1384],[247038.4986,1989828.9443],[247041.89103544,1989835.97528421],[247080.8983,1989916.8197],[247083.1411,1989921.468],[247084.0956,1989923.3876],[247106.3242,1989968.0929],[247139.6814,1990035.1795],[247154.4157,1990064.8127],[247158.6919,1990073.3601],[247177.1964,1990110.3476],[247209.5815,1990176.3878],[247212.51052147,1990182.24584293],[247227.3615,1990211.9478],[247239.8499,1990236.7658],[247254.6666,1990263.2242],[247259.95825,1990272.48465],[247265.2499,1990281.7451],[247278.7437,1990305.5576],[247281.4803,1990310.384],[247293.2958,1990331.2222],[247301.7625,1990347.891],[247308.1125,1990363.2369],[247312.0813,1990375.1432],[247315.856,1990389.9246],[247317.7081,1990401.0371],[247318.2932,1990405.2997],[247319.5602,1990414.5309],[247321.4769,1990434.3288],[247327.1638,1990475.1136],[247328.2496,1990482.9007],[247330.98560143,1990502.92148429],[247331.33637179,1990507.68399381],[247334.8134,1990554.8926],[247336.6327,1990571.1863],[247344.1027,1990647.667],[247345.7884,1990664.9251],[247349.7427,1990701.0415],[247354.435,1990738.4724],[247358.7036,1990772.5243],[247360.7585,1990788.0818],[247362.7489,1990799.1781],[247366.9381,1990822.5321],[247371.79281997,1990845.8556529],[247375.9148,1990865.6589],[247384.5137,1990906.934],[247384.99808449,1990909.32229709],[247398.9997,1990978.3584],[247400.7605127,1990987.36417023],[247403.90213349,1991003.43215693],[247409.60863783,1991032.61837701],[247416.3244,1991066.9665],[247419.5656,1991081.254],[247426.5936,1991113.9334],[247443.66119958,1991115.57280443],[247473.6849,1991118.4567],[247508.5465,1991121.0805],[247529.4757,1991120.8371],[247535.8515,1991120.763],[247558.8101,1991119.6951],[247569.0244,1991118.7698],[247593.63659827,1991115.73648591],[247611.8433,1991113.4926],[247630.2551,1991111.5025]]]]},"geometry_name":"geometry","properties":{"ogc_fid":10,"zoning":"UAa","zone_name":"Administration and Trade Center Zone","h":26,"e":0.6,"cos":4}},{"type":"Feature","id":"glup2030_cdudcp_v1.11","geometry":{"type":"MultiPolygon","coordinates":[[[[245503.4924,1988796.5716],[245503.5122,1988804.1737],[245502.0244,1988821.2958],[245500.0982,1988832.4531],[245497.8959,1988841.4077],[245496.2891,1988849.1741],[245490.1507,1988868.2242],[245484.224,1988890.0259],[245476.8369,1988908.8854],[245473.556,1988915.1296],[245471.4393,1988919.2571],[245461.0677,1988940.318],[245446.1663,1988968.6761],[245444.107,1988972.4578],[245439.4631,1988979.0229],[245437.7525,1988980.8999],[245430.3018,1988990.0483],[245426.5437,1988993.8434],[245421.2969,1988998.1316],[245418.7025,1988999.7911],[245414.2283,1989002.8268],[245408.3983,1989006.7823],[245404.3898,1989009.4017],[245397.2751,1989013.3752],[245354.5122,1989030.0722],[245341.8924,1989035.422],[245321.9984,1989044.4661],[245204.2866,1989087.6391],[245097.0331,1989131.8457],[244979.316,1989178.953],[244947.3014,1989192.1822],[244932.8365,1989199.836],[244925.8497,1989203.8424],[244891.625,1989228.2741],[244823.9125,1989279.517],[244806.8644,1989291.6712],[244700.8649,1989371.5103],[244688.5654,1989380.7743],[244672.9293,1989392.5514],[244650.8811,1989409.1201],[244502.2736,1989520.7352],[244487.2145,1989531.4789],[244369.6945,1989621.3775],[244288.4054,1989683.5608],[244259.3462,1989711.8654],[244222.8246,1989751.6495],[244179.946,1989798.7273],[244146.0953,1989835.8931],[244138.7842,1989843.4271],[244123.2293,1989859.4563],[244081.8478,1989902.0996],[244074.0435,1989910.1418],[244007.5464,1989982.3939],[243998.1836,1989992.2241],[243976.3803,1990015.1155],[243894.4686,1990101.1155],[243859.1508,1990138.7944],[243834.1067,1990165.3706],[243842.6802,1990181.2191],[243875.3828,1990254.5618],[243895.6632,1990297.2259],[243924.7674,1990358.874],[243933.7632,1990378.4532],[243946.6749,1990404.2766],[243960.01,1990436.45],[243967.4183,1990452.7483],[243984.9867,1990489.5784],[243997.1575,1990516.1029],[244005.2009,1990534.7296],[244013.0326,1990552.7213],[244022.3459,1990567.1147],[244030.0718,1990583.812],[244033.26,1990590.7024],[244037.705,1990602.2911],[244046.6347,1990619.7404],[244052.191,1990632.758],[244056.3185,1990641.4892],[244059.176,1990647.2042],[244065.3673,1990652.6018],[244068.8598,1990658.9518],[244075.1033,1990667.9701],[244077.4323,1990671.3343],[244090.7673,1990688.6381],[244103.9171,1990703.9244],[244112.3838,1990713.5817],[244117.4109,1990719.7994],[244121.9088,1990722.7099],[244125.2161,1990724.2974],[244143.1445,1990743.4244],[244165.3695,1990760.7811],[244188.6529,1990775.1745],[244211.7246,1990787.8745],[244245.803,1990800.1512],[244282.4214,1990811.3695],[244314.1715,1990821.5296],[244326.555,1990824.4183],[244355.2271,1990835.2111],[244367.0804,1990838.3861],[244384.6488,1990842.1961],[244400.3885,1990843.4068],[244406.6622,1990843.8894],[244425.0772,1990848.1228],[244442.8572,1990853.6261],[244455.5573,1990854.8961],[244469.3156,1990858.2828],[244482.6506,1990863.1511],[244512.2311,1990869.0514],[244517.7874,1990869.8451],[244521.9594,1990869.7488],[244520.6365,1990841.3061],[244516.6677,1990775.4908],[244514.0633,1990724.397],[244510.8634,1990661.6205],[244511.128,1990648.1268],[244514.8325,1990648.5523],[244631.4943,1990661.9546],[244690.2319,1990667.7754],[244720.3412,1990670.7894],[244724.7689,1990671.2326],[244751.6924,1990673.282],[244786.347,1990675.9199],[244858.0149,1990682.5603],[244860.7431,1990682.7808],[244899.1932,1990685.8886],[244926.564,1990688.101],[244944.7175,1990689.5683],[244985.8338,1990693.6958],[245021.7114,1990695.9183],[245089.9905,1990702.4965],[245147.4052,1990708.582],[245166.2552,1990710.6198],[245186.5636,1990712.8153],[245216.5145,1990716.075],[245229.6862,1990717.5427],[245246.1479,1990719.377],[245261.5996,1990721.917],[245272.3946,1990722.7637],[245283.8247,1990722.7637],[245296.7364,1990722.1287],[245306.6847,1990721.4937],[245296.3813,1990755.5358],[245292.2042,1990769.5786],[245288.5,1990781.7495],[245286.1187,1990792.2005],[245284.6635,1990799.212],[245283.7375,1990804.636],[245283.076,1990810.4568],[245281.2901,1990825.2956],[245278.1151,1990848.9758],[245277.4046,1990855.1043],[245298.6722,1990858.7435],[245322.8022,1990862.3947],[245344.8685,1990864.4585],[245363.4423,1990868.2685],[245376.3011,1990873.1898],[245386.7786,1990876.9998],[245388.8698,1990874.1706],[245390.7219,1990872.0539],[245393.5,1990866.2331],[245396.5163,1990860.0683],[245397.8159,1990858.4687],[245415.1206,1990879.8625],[245442.0023,1990914.1525],[245482.6424,1990946.3259],[245502.1157,1990956.4859],[245533.4425,1990966.8576],[245549.5292,1990969.186],[245605.1976,1990969.186],[245618.5326,1990970.0326],[245623.16096065,1990971.29432146],[245627.58402743,1990973.15177769],[245631.72549094,1990975.57292274],[245635.51390018,1990978.51598556],[245638.88389525,1990981.93019069],[245641.77733497,1990985.75663419],[245644.1443,1990989.9293],[245703.6228,1991087.9312],[245731.7745,1991127.7246],[245736.20653628,1991130.55758448],[245741.01508194,1991132.68986857],[245746.09017314,1991134.07269029],[245751.31575062,1991134.67442672],[245756.5723137,1991134.4813171],[245761.73965311,1991133.49777753],[245766.6996,1991131.7463],[245831.8931,1991095.3396],[245893.2765,1991057.0278],[245900.34945588,1991053.51859502],[245907.71875042,1991050.68403642],[245915.32020035,1991048.54881196],[245923.08760041,1991047.13151849],[245930.9533,1991046.4445],[246005.8834,1991041.7878],[246143.8903,1991033.9561],[246229.6155,1991029.5111],[246238.44520243,1991030.35518827],[246247.17707457,1991031.91420686],[246255.75332694,1991034.17783784],[246264.1172,1991037.1311],[246282.744,1991046.2328],[246303.9107,1991059.1445],[246318.7274,1991067.1878],[246347.9374,1991078.6179],[246389.2125,1991092.7996],[246424.1376,1991100.6312],[246473.456,1991113.7546],[246521.7161,1991116.0829],[246543.5178,1991108.6746],[246565.9545,1991103.8062],[246607.8646,1991100.8429],[246614.8816615,1991099.81861606],[246621.76735081,1991098.12285886],[246628.45756888,1991095.77141424],[246634.89003634,1991092.78617184],[246641.00487319,1991089.19492137],[246646.74515628,1991085.03109384],[246652.0574492,1991080.33345042],[246656.89229968,1991075.14572158],[246661.2047,1991069.5162],[246680.4664,1991030.3578],[246692.7431,1991013.2127],[246710.1782,1991002.8764],[246718.6375,1991014.6895],[246721.5376,1991018.9386],[246722.7944,1991022.1798],[246723.3897,1991027.7361],[246723.7865,1991035.2106],[246720.3934,1991067.5927],[246711.7656,1991115.7499],[246710.284,1991126.3332],[246710.0061,1991135.3626],[246709.8606,1991140.0916],[246710.4956,1991154.0616],[246711.9773,1991169.725],[246715.1523,1991195.125],[246715.5721,1991197.6569],[246718.588,1991215.8481],[246721.5465,1991233.6926],[246722.8565,1991241.5939],[246727.7433,1991271.0691],[246729.7738,1991283.3164],[246733.2375,1991283.0382],[246745.7368,1991282.0346],[246788.5024,1991278.6006],[246819.0931,1991274.3042],[246830.7282,1991272.67],[246835.5983,1991271.986],[246856.2358,1991265.636],[246869.7561,1991264.3881],[246884.6229,1991268.092],[246957.7888,1991261.4145],[246982.7513,1991258.7389],[247036.7967,1991252.946],[247098.6869,1991250.9236],[247102.4248,1991247.3611],[247106.7904,1991245.2179],[247117.5061,1991240.6142],[247126.4755,1991237.3598],[247131.8067,1991235.7578],[247160.8845,1991228.21],[247180.1298,1991220.6998],[247184.1135,1991219.6374],[247192.3951,1991217.4287],[247220.2802,1991211.6137],[247249.9195,1991204.8772],[247275.1385,1991196.2699],[247281.019,1991194.402],[247285.4455,1991192.4971],[247287.8793,1991191.4497],[247313.7113,1991177.9113],[247338.7411,1991164.0675],[247353.527,1991155.5544],[247357.8095,1991153.0888],[247417.7278,1991114.8456],[247420.1223,1991114.125],[247426.5936,1991113.9334],[247419.5656,1991081.254],[247416.3244,1991066.9665],[247409.60863783,1991032.61837701],[247403.90213349,1991003.43215693],[247400.7605127,1990987.36417023],[247398.9997,1990978.3584],[247384.99808449,1990909.32229709],[247384.5137,1990906.934],[247375.9148,1990865.6589],[247371.79281997,1990845.8556529],[247366.9381,1990822.5321],[247362.7489,1990799.1781],[247360.7585,1990788.0818],[247358.7036,1990772.5243],[247354.435,1990738.4724],[247349.7427,1990701.0415],[247345.7884,1990664.9251],[247344.1027,1990647.667],[247336.6327,1990571.1863],[247334.8134,1990554.8926],[247331.33637179,1990507.68399381],[247330.98560143,1990502.92148429],[247328.2496,1990482.9007],[247327.1638,1990475.1136],[247321.4769,1990434.3288],[247319.5602,1990414.5309],[247318.2932,1990405.2997],[247317.7081,1990401.0371],[247315.856,1990389.9246],[247312.0813,1990375.1432],[247308.1125,1990363.2369],[247301.7625,1990347.891],[247293.2958,1990331.2222],[247281.4803,1990310.384],[247278.7437,1990305.5576],[247265.2499,1990281.7451],[247259.95825,1990272.48465],[247254.6666,1990263.2242],[247239.8499,1990236.7658],[247227.3615,1990211.9478],[247212.51052147,1990182.24584293],[247209.5815,1990176.3878],[247177.1964,1990110.3476],[247158.6919,1990073.3601],[247154.4157,1990064.8127],[247139.6814,1990035.1795],[247106.3242,1989968.0929],[247084.0956,1989923.3876],[247083.1411,1989921.468],[247080.8983,1989916.8197],[247041.89103544,1989835.97528421],[247038.4986,1989828.9443],[247031.3547,1989814.1384],[246986.2206,1989720.5958],[246983.37280162,1989717.10741265],[246975.8637,1989707.9092],[246953.4675,1989680.4752],[246850.2269,1989624.7328],[246842.294,1989621.015],[246820.4725,1989611.9654],[246777.0415,1989596.7991],[246738.3748,1989584.1465],[246725.11076702,1989580.09035295],[246712.6819,1989576.2896],[246697.3884,1989569.4994],[246695.0489,1989568.1407],[246678.5204,1989510.5469],[246671.45115826,1989484.46448443],[246662.65063133,1989451.99438243],[246645.6074,1989389.1123],[246580.03899317,1989139.25625695],[246575.13931851,1989120.5854785],[246559.08989764,1989059.42731631],[246553.992,1989058.6882],[246475.2985,1989047.0916],[246440.2206,1989040.2823],[246430.3192,1989038.3603],[246416.6803,1989034.1697],[246401.872,1989029.6198],[246395.3632,1989026.6035],[246388.8545,1989022.9523],[246384.4094,1989019.6185],[246377.2657,1989014.221],[246373.6144,1989010.411],[246368.5344,1989005.6485],[246362.1844,1988998.6635],[246349.9606,1988983.8997],[246344.02879803,1988976.25320153],[246329.6406,1988957.7059],[246315.40841189,1988939.79395802],[246308.8022,1988931.4797],[246288.4515,1988905.8871],[246262.7339,1988873.6608],[246252.0977,1988862.072],[246242.5726,1988853.817],[246233.3922,1988847.8731],[246226.95892142,1988843.9806664],[246223.21372175,1988841.71464591],[246216.5045,1988838.1107],[246207.6145,1988835.1473],[246199.9945,1988833.2423],[246190.2578,1988832.184],[246183.6411,1988831.6326],[246180.0978,1988831.3373],[246164.2228,1988830.279],[246153.72270032,1988829.40399618],[246149.99058083,1988829.09297202],[246146.4427,1988828.7973],[246076.0851,1988826.3483],[246073.7164,1988826.0737],[246045.402,1988824.5204],[246028.6304,1988824.1154],[246012.1465,1988822.8437],[246006.27,1988822.3508],[245993.1731,1988821.954],[245984.7474,1988821.6112],[245976.4779,1988821.2749],[245966.4237,1988820.7457],[245959.8091,1988820.4811],[245934.47340232,1988818.03367598],[245926.009,1988817.216],[245830.8686,1988810.0301],[245760.933,1988806.6998],[245758.6372,1988806.5905],[245723.2622933,1988805.00080558],[245703.7404,1988804.3018],[245687.1515,1988803.3875],[245683.5792,1988803.1906],[245651.7585,1988802.1851],[245645.3027,1988802.0793],[245635.3543,1988801.656],[245621.3843,1988801.3385],[245567.5133,1988798.6238],[245557.9583,1988798.1423],[245503.4924,1988796.5716]]]]},"geometry_name":"geometry","properties":{"ogc_fid":11,"zoning":"UBb","zone_name":"Zone of Surroundings of Central Urban Area","h":20,"e":0.6,"cos":3}},{"type":"Feature","id":"glup2030_cdudcp_v1.12","geometry":{"type":"MultiPolygon","coordinates":[[[[239979.0249,1992250.0155],[239974.2441,1992250.1432],[239965.6206,1992250.3735],[239962.4388,1992250.4585],[239946.5638,1992250.776],[239931.0817,1992250.7185],[239922.0715,1992250.6849],[239914.3617,1992250.6563],[239905.3032,1992250.6226],[239881.1732,1992251.0459],[239863.9745,1992252.9201],[239848.1531,1992254.6442],[239822.7134,1992258.9702],[239802.8167,1992260.6635],[239791.3866,1992258.5469],[239774.8766,1992253.6785],[239764.0816,1992250.7152],[239756.8849,1992246.6935],[239748.289,1992251.4397],[239737.9536,1992255.1186],[239739.8794,1992263.1146],[239743.5306,1992277.2433],[239745.2769,1992289.4671],[239745.4356,1992303.1196],[239744.8006,1992312.4859],[239745.9119,1992317.0897],[239747.6581,1992322.9634],[239748.2931,1992329.7897],[239748.6106,1992340.426],[239747.7507,1992351.3698],[239746.1632,1992357.5611],[239743.6232,1992365.8161],[239741.0832,1992373.9124],[239740.2895,1992378.5161],[239739.7841,1992382.7615],[239734.5858,1992388.4463],[239713.7676,1992409.8592],[239709.514,1992414.2343],[239694.5835,1992429.5913],[239657.4341,1992467.8019],[239628.0706,1992499.363],[239578.0855,1992553.0891],[239530.0856,1992614.3121],[239519.2668,1992628.1114],[239512.9566,1992636.8052],[239491.1317,1992666.8745],[239474.8721,1992689.2761],[239459.3141,1992710.7111],[239427.1675,1992753.7409],[239403.6455,1992785.2261],[239392.3993,1992800.2797],[239376.649,1992821.3622],[239408.5112,1993196.2095],[239415.6566,1993193.5772],[239423.1057,1993190.8331],[239441.5207,1993186.3881],[239472.0937,1993183.1625],[239476.1283,1993182.7368],[239487.9702,1993179.7534],[239496.887,1993178.6019],[239508.3017,1993177.1277],[239553.2311,1993175.1496],[239558.6341,1993191.1495],[239570.6992,1993218.2958],[239582.6054,1993244.6484],[239589.7798,1993258.3614],[239595.1467,1993268.6197],[239613.0855,1993303.0685],[240131.2716,1993225.7924],[240125.7942,1993189.3148],[240115.7041,1993122.1194],[240096.2908,1992991.425],[240091.0094,1992955.8695],[240085.2417,1992917.0404],[240066.7208,1992792.245],[240053.3594,1992706.7844],[240046.0721,1992652.1311],[240044.0956,1992637.308],[240041.2381,1992617.623],[240027.8667,1992539.9511],[240009.0812,1992427.9898],[240007.5745,1992419.0943],[240000.4646,1992377.1178],[239997.4009,1992359.0303],[239994.1875,1992340.0589],[239988.7083,1992307.71],[239979.6066,1992253.3115],[239979.0249,1992250.0155]]]]},"geometry_name":"geometry","properties":{"ogc_fid":12,"zoning":"UDa","zone_name":"Zone of Surroundings of Urban Area within Aircraf*","h":7,"e":0.4,"cos":0.7}},{"type":"Feature","id":"glup2030_cdudcp_v1.13","geometry":{"type":"MultiPolygon","coordinates":[[[[263538.45132666,1983234.01361028],[263578.2429,1983193.4418],[263622.5069,1983148.3099],[263655.4609,1983128.4215],[263660.3077,1983125.4964],[263755.2247,1983078.3362],[263764.0855,1983074.0432],[263938.3216,1982989.6279],[263974.2156,1982972.2948],[263968.5868,1982964.4952],[263963.8885,1982957.701],[263958.2221,1982949.3291],[263951.5956,1982938.8549],[263943.6646,1982926.3189],[263934.6453,1982912.0626],[263905.2765,1982864.4375],[263877.0984,1982814.4312],[263832.6483,1982744.9779],[263818.9578,1982722.0674],[263813.2013,1982712.4341],[263789.7857,1982675.5246],[263758.4325,1982623.9308],[263734.6199,1982587.0213],[263726.7386,1982573.1611],[263723.1105,1982566.7807],[263702.473,1982524.7118],[263686.2011,1982496.9305],[263667.9448,1982467.9586],[263648.101,1982433.8273],[263627.4635,1982393.7428],[263608.8103,1982363.5802],[263582.6165,1982323.0989],[263561.1408,1982293.8854],[263361.3285,1981925.8877],[263342.9791,1981938.7323],[263265.1915,1981984.7699],[263178.6449,1982032.6064],[263147.0321,1981959.456],[263117.6633,1981890.3996],[263070.0382,1981795.9431],[263046.6225,1981736.8086],[263020.9377,1981677.4481],[263018.0475,1981670.7685],[262998.0714,1981632.4303],[262982.5528,1981599.6025],[262963.6755,1981559.6697],[262941.1859,1981519.9822],[262859.8263,1981394.3048],[262824.7687,1981341.0692],[262770.5293,1981258.7056],[262720.3532,1981186.8637],[262652.28,1981089.3969],[262557.7604,1980940.9749],[262497.8336,1980846.8735],[262428.5149,1980738.0239],[262416.126,1980720.8831],[262399.5429,1980697.9394],[262369.0822,1980654.3252],[262364.6179,1980647.9331],[262318.1834,1980582.8454],[262301.9919,1980563.1073],[262299.4312,1980559.9857],[262276.5115,1980532.0453],[262262.4204,1980516.1306],[262221.9141,1980470.3817],[262216.7155,1980464.5103],[262191.3154,1980436.729],[262167.2383,1980412.1227],[262140.2508,1980389.6331],[262104.7304,1980358.7429],[262102.2587,1980356.689],[262084.9658,1980342.3188],[262068.2366,1980328.4171],[261978.5644,1980254.2056],[261918.3418,1980204.3662],[261897.0602,1980187.1995],[261888.5654,1980180.3472],[261850.6637,1980147.4242],[261778.6395,1980087.4971],[261748.2698,1980062.2282],[261659.8101,1979986.3311],[261593.0142,1979929.0212],[261565.1359,1979904.7531],[261547.0427,1979889.0029],[261511.6546,1979860.8909],[261502.5111,1979854.8695],[261498.0947,1979851.9612],[261483.8733,1979844.3544],[261462.3759,1979834.1018],[261440.217,1979824.5106],[261415.0815,1979811.6121],[261349.3545,1979778.0276],[261141.8877,1979672.1279],[261085.9282,1979643.5529],[261078.6241,1979639.8607],[260975.6833,1979587.8245],[260971.4758,1979584.9211],[260888.1517,1979541.8424],[260820.0214,1979508.4387],[260732.7087,1979463.4595],[260720.4717,1979457.5063],[260679.4612,1979438.324],[260633.2139,1979421.5983],[260620.6905,1979417.0691],[260567.2446,1979398.8128],[260510.359,1979381.6149],[260438.5258,1979359.2478],[260412.1661,1979352.0334],[260384.9242,1979344.5775],[260258.2168,1979324.7298],[260174.42727448,1979308.97836649],[260120.3602,1979298.8144],[260002.8188,1979280.6375],[259968.6768,1979274.5571],[259899.565,1979262.249],[259814.3603,1979248.6812],[259674.881,1979227.5481],[259659.67,1979225.2434],[259551.94620031,1979209.72319783],[259480.7023,1979199.4588],[259319.7824,1979174.8745],[259238.8303,1979163.1115],[259238.306,1979166.3795],[259235.3794,1979184.6221],[259227.971,1979219.018],[259224.278,1979235.4871],[259223.4215,1979239.3066],[259218.8179,1979259.836],[259218.1814,1979262.6743],[259214.5562,1979279.0522],[259209.0744,1979303.8174],[259208.15760657,1979310.25597556],[259219.15353588,1979311.8228801],[259226.95246831,1979312.95659597],[259297.66630891,1979323.23613159],[259458.68018126,1979347.83478807],[259530.5559539,1979358.19022218],[259637.73916979,1979373.6325404],[259652.41016418,1979375.85542126],[259791.33040316,1979396.90381555],[259819.19600882,1979401.34107036],[259874.61884659,1979410.16647527],[259942.3771481,1979422.23353113],[259978.20369451,1979428.61393452],[260095.0352161,1979446.68105713],[260232.74788828,1979472.56940041],[260334.85185093,1979488.56316889],[260353.42051404,1979491.47180133],[260372.56854319,1979496.71247069],[260396.41720883,1979503.23962439],[260466.35686407,1979525.01712091],[260521.28243781,1979541.62245731],[260570.93551944,1979558.58318871],[260582.19887066,1979562.65668076],[260622.05999488,1979577.07277003],[260655.88137361,1979592.89242191],[260665.54296554,1979597.59270703],[260712.23425912,1979621.64576039],[260752.65109921,1979642.46652454],[260820.68295752,1979675.82195942],[260894.12423714,1979713.79122464],[260898.89722541,1979717.08484179],[261010.95407455,1979773.72917148],[261017.98464813,1979777.28310472],[261073.68160521,1979805.72404055],[261281.13079252,1979911.61475029],[261346.71399819,1979945.12577576],[261376.1145712,1979960.212935],[261400.27795175,1979970.67174909],[261416.17790576,1979978.25479953],[261421.31259331,1979981.0012752],[261423.5798403,1979982.49437183],[261451.09956175,1980004.35580009],[261466.64863704,1980017.89132977],[261494.93239703,1980042.51238327],[261562.13611959,1980100.17218903],[261651.45735685,1980176.80847512],[261682.69966634,1980202.80342384],[261753.49926553,1980261.71160555],[261792.26149155,1980295.38209439],[261802.88355192,1980303.95034135],[261823.43219602,1980320.52580601],[261841.73229736,1980335.67071956],[261882.92923504,1980369.76474167],[261972.48510371,1980443.87996743],[261989.09817703,1980457.685168],[262007.56891634,1980473.03411307],[262043.01014549,1980503.85546239],[262065.35579522,1980522.47685097],[262069.46002592,1980526.67129016],[262082.32570561,1980539.81974966],[262105.20371893,1980564.84252325],[262109.6089486,1980569.81787535],[262150.11492869,1980615.56641404],[262162.33210172,1980629.36467277],[262183.45847871,1980655.11891143],[262186.75673347,1980659.13951394],[262199.00701203,1980674.0731887],[262242.07134548,1980734.43689277],[262246.1055617,1980740.21318771],[262277.26163962,1980784.82304282],[262294.55593804,1980808.75072791],[262304.36136785,1980822.31713909],[262352.53048968,1980897.9560308],[262372.25983082,1980928.93656781],[262431.23803498,1981021.54841394],[262527.4742549,1981172.66598356],[262589.73465492,1981261.81005136],[262597.37745742,1981272.7529702],[262646.3804261,1981342.91518639],[262656.07610644,1981357.63826846],[262658.68967662,1981361.60702639],[262699.4930396,1981423.56773886],[262701.37803296,1981426.43013537],[262712.35563915,1981443.09982902],[262734.22769987,1981476.31294901],[262750.07385652,1981500.79074596],[262754.90184496,1981508.24861245],[262812.86384148,1981597.78338181],[262830.4327168,1981628.78670186],[262847.40305491,1981664.68483532],[262863.702877,1981699.16522012],[262883.27209466,1981737.01471066],[262905.53542441,1981788.46780298],[262908.02355504,1981794.21815644],[262921.91156447,1981829.2912268],[262933.0599105,1981857.44549373],[262950.656063,1981892.34454863],[262981.53325415,1981953.58434456],[263009.16718864,1982018.56146427],[263041.09293335,1982092.4350679],[263069.43180972,1982158.01071071],[263097.40817879,1982227.77456778],[263098.96292769,1982231.65159981],[263104.9517892,1982244.58499221],[263127.06077099,1982292.3309848],[263137.41133327,1982314.68379483],[263140.2725476,1982321.13220326],[263163.29936406,1982373.02846124],[263192.92951149,1982441.09771886],[263228.02581008,1982518.36856112],[263239.30724447,1982543.20667717],[263252.5109032,1982575.96512162],[263269.92284411,1982619.16436741],[263326.49467394,1982752.9546803],[263329.74773524,1982759.54640977],[263356.30134067,1982813.35239973],[263372.21232347,1982845.5930754],[263428.87985761,1982974.45349549],[263434.44631484,1982987.04760499],[263437.81938627,1982994.67917909],[263459.09138283,1983042.8070713],[263489.8775453,1983123.7194214],[263511.291529,1983173.01619638],[263517.88056753,1983188.18475067],[263530.31437091,1983216.80836049],[263538.45132666,1983234.01361028]]]]},"geometry_name":"geometry","properties":{"ogc_fid":13,"zoning":"UF","zone_name":"Zone of Villages surrounded by Rice Field","h":10,"e":0.4,"cos":1}},{"type":"Feature","id":"glup2030_cdudcp_v1.14","geometry":{"type":"MultiPolygon","coordinates":[[[[261741.33406104,1988506.94263134],[261728.4451,1988491.4596],[261717.2003,1988482.8606],[261703.9711,1988475.5845],[261695.3722,1988468.9699],[261676.1898,1988443.8345],[261665.6065,1988428.6209],[261650.3929,1988402.1625],[261639.1481,1988381.6573],[261633.195,1988362.4749],[261638.4866,1988363.1364],[261644.4398,1988357.8447],[261646.4242,1988349.9072],[261653.7002,1988344.6155],[261658.3304,1988336.678],[261662.9606,1988320.1415],[261666.9294,1988304.9279],[261675.5284,1988293.0217],[261685.4503,1988289.7144],[261696.0336,1988289.7144],[261705.9555,1988289.0529],[261719.8462,1988286.4071],[261745.6431,1988275.8237],[261753.5806,1988265.9018],[261762.1796,1988248.7039],[261765.4869,1988240.1049],[261769.4556,1988236.7976],[261777.3932,1988234.1518],[261784.0078,1988237.4591],[261804.513,1988244.0736],[261813.112,1988243.4122],[261823.0339,1988236.1361],[261834.9402,1988223.5684],[261840.8933,1988208.3548],[261842.2162,1988195.1256],[261852.1381,1988179.9121],[261866.8314,1988155.2653],[261872.6434,1988145.5162],[261879.258,1988138.2401],[261888.5184,1988134.9328],[261901.0861,1988134.9328],[261934.1591,1988140.2245],[261972.5238,1988144.8547],[262005.5967,1988146.1776],[262018.8259,1988144.8547],[262028.0864,1988138.9016],[262041.3156,1988125.6724],[262058.5135,1988099.214],[262063.1437,1988084.0004],[262071.7427,1988054.2347],[262076.3729,1988033.7295],[262077.6958,1988015.2086],[262082.3261,1987984.7815],[262086.2948,1987974.1981],[262088.9407,1987969.5679],[262097.5396,1987972.2137],[262114.0761,1987984.7815],[262133.9199,1987999.995],[262143.8418,1988003.9638],[262153.1022,1988003.9638],[262168.9773,1987999.3336],[262200.0659,1987984.12],[262223.7791,1987977.0246],[262245.3677,1987972.3984],[262261.5592,1987965.8447],[262276.2087,1987962.7607],[262292.4002,1987957.3635],[262303.58,1987958.1345],[262313.2178,1987960.8331],[262327.4817,1987966.6158],[262339.4326,1987970.8564],[262354.082,1987973.555],[262363.3343,1987978.5666],[262381.0678,1987987.0479],[262387.236,1987995.5291],[262392.6331,1987996.6857],[262408.4391,1987988.2044],[262416.9204,1987983.1928],[262426.1726,1987980.8797],[262435.8104,1987974.7115],[262445.4482,1987971.6274],[262458.1701,1987972.0129],[262483.6139,1987968.9288],[262494.4082,1987967.7723],[262530.3236,1987925.5516],[262538.9943,1987918.3614],[262513.8588,1987885.9499],[262495.4738,1987868.4969],[262474.8362,1987851.8281],[262435.9424,1987825.6343],[262364.5048,1987780.3904],[262320.8484,1987752.6091],[262296.2421,1987739.9091],[262212.1044,1987697.0465],[262176.3856,1987677.9965],[262114.473,1987640.6901],[262053.3541,1987604.1776],[262029.5416,1987590.6838],[262012.079,1987582.7463],[261992.2353,1987575.6025],[261973.979,1987566.0775],[261956.5164,1987553.3775],[261938.2602,1987536.7087],[261919.2101,1987512.1024],[261901.7476,1987497.0211],[261885.8725,1987489.0836],[261873.1725,1987484.3211],[261838.3409,1987476.9826],[261826.9507,1987447.768],[261800.5168,1987379.9678],[261749.1469,1987296.7132],[261729.3579,1987274.5359],[261647.359,1987182.6405],[261584.409,1987112.4901],[261549.8754,1987059.3557],[261548.5281,1987057.2827],[261572.6496,1986986.2946],[261580.6255,1986963.4547],[261586.9755,1986945.9921],[261589.0255,1986942.1483],[261593.3255,1986934.0859],[261601.263,1986916.6233],[261612.3755,1986890.4295],[261626.663,1986853.917],[261632.2193,1986835.6607],[261639.4275,1986811.2636],[261642.5381,1986800.7356],[261651.2693,1986772.9543],[261664.7631,1986734.8542],[261667.5198,1986728.6952],[261679.4475,1986702.0458],[261688.0465,1986692.1239],[261690.7929,1986691.2566],[261697.6801,1986689.0817],[261700.6142,1986688.1552],[261704.2148,1986689.7154],[261720.458,1986696.7541],[261733.6872,1986704.6917],[261736.8529,1986705.4831],[261746.9164,1986707.999],[261759.4841,1986706.0146],[261781.9738,1986703.3687],[261791.8957,1986706.676],[261795.203,1986709.9833],[261787.9269,1986718.5823],[261795.2284,1986720.4753],[261798.848,1986721.4137],[261805.7863,1986723.2125],[261808.1268,1986724.4385],[261819.677,1986730.4886],[261833.5306,1986740.3841],[261845.4739,1986755.6241],[261851.5947,1986761.7448],[261856.0573,1986766.2074],[261875.901,1986778.1137],[261886.4844,1986789.3585],[261889.579,1986796.4318],[261891.1146,1986799.9419],[261893.099,1986811.1867],[261897.7292,1986815.8169],[261902.3594,1986829.7075],[261905.6667,1986837.6451],[261910.9584,1986848.2284],[261916.2501,1986860.7961],[261921.3976,1986863.8241],[261925.2168,1986866.0707],[261927.4949,1986867.4107],[261934.6596,1986869.7219],[261948.0001,1986874.0253],[261957.922,1986873.3639],[261964.5366,1986869.3951],[261969.1669,1986860.1347],[261972.3608,1986856.6504],[261976.1504,1986852.5162],[261992.3179,1986844.9211],[262012.8232,1986836.9836],[262014.7928,1986835.8018],[262029.3597,1986827.0617],[262035.028,1986822.3381],[262045.2347,1986813.8325],[262056.4795,1986797.296],[262062.1557,1986784.3956],[262063.7556,1986780.7595],[262064.5446,1986777.9418],[262065.9963,1986772.7571],[262068.3858,1986764.223],[262070.4745,1986759.0014],[262073.6775,1986750.9938],[262074.6174,1986745.9807],[262075.1349,1986743.221],[262075.6619,1986740.4105],[262071.888,1986736.3347],[262059.1254,1986722.5511],[262053.1667,1986718.0821],[262035.3128,1986704.6917],[262023.9259,1986695.6607],[262016.1305,1986689.4781],[262004.2242,1986680.8791],[261992.3179,1986678.2333],[261990.995,1986668.3114],[261992.145,1986661.4118],[261993.8063,1986659.5234],[261995.7328,1986658.4225],[261998.2894,1986656.9616],[262001.2778,1986655.2539],[262005.3028,1986650.2405],[262008.193,1986646.4832],[262010.8388,1986637.2228],[262013.4847,1986624.655],[262015.0903,1986620.2395],[262016.1305,1986617.379],[262019.0826,1986613.246],[262021.5681,1986609.7663],[262022.7451,1986608.1186],[262028.6982,1986597.5352],[262035.9743,1986587.6133],[262038.6597,1986582.2424],[262041.266,1986577.0299],[262044.9384,1986562.3401],[262049.2035,1986545.9413],[262052.5108,1986534.0351],[262058.4639,1986524.1132],[262059.7868,1986516.8371],[262057.141,1986505.5923],[262055.8181,1986494.3475],[262055.6262,1986489.7427],[262055.3577,1986483.2991],[262055.1566,1986478.4725],[262055.8181,1986461.936],[262064.417,1986433.1625],[262066.6909,1986423.3093],[262068.3858,1986415.9645],[262083.5994,1986410.0114],[262090.3863,1986405.9392],[262093.5213,1986404.0582],[262097.49,1986396.1207],[262100.7973,1986381.5686],[262103.4432,1986359.7405],[262104.4769,1986356.3808],[262106.089,1986351.1415],[262112.0421,1986347.8342],[262119.3182,1986347.1727],[262140.1473,1986349.1255],[262145.1151,1986346.5113],[262149.0839,1986341.881],[262153.0526,1986329.3133],[262155.2799,1986310.6047],[262156.0208,1986304.3807],[262156.3599,1986301.532],[262160.3287,1986289.6257],[262166.2818,1986279.7038],[262169.5891,1986273.0892],[262172.235,1986258.5371],[262172.8964,1986247.623],[262177.5266,1986241.6699],[262181.9377,1986237.5739],[262186.7871,1986233.0709],[262192.7402,1986225.7949],[262199.3548,1986220.5032],[262204.99,1986218.1191],[262216.5528,1986213.2271],[262218.9628,1986213.2271],[262226.4747,1986213.2271],[262233.7507,1986212.5657],[262244.9955,1986208.5969],[262254.256,1986205.2896],[262260.8706,1986205.2896],[262269.4695,1986208.5969],[262271.8816,1986209.9752],[262278.73,1986213.8886],[262285.3446,1986220.5032],[262293.9435,1986224.472],[262297.9123,1986229.1022],[262306.5113,1986241.6699],[262317.0946,1986250.9303],[262326.3551,1986254.2376],[262340.9072,1986260.1908],[262350.9214,1986265.7542],[262352.8135,1986266.8054],[262359.4281,1986251.5918],[262368.027,1986238.3626],[262377.2875,1986220.5032],[262385.1705,1986204.1741],[262386.5479,1986201.3209],[262391.8396,1986187.4302],[262394.4854,1986178.8312],[262399.1156,1986170.2323],[262408.3761,1986158.326],[262411.6834,1986153.0343],[262412.8836,1986147.4332],[262413.6677,1986143.7739],[262411.6834,1986125.253],[262407.7146,1986110.0394],[262400.4386,1986101.4405],[262388.5323,1986090.1956],[262382.5791,1986088.2113],[262377.9489,1986090.1956],[262374.8065,1986092.6398],[262372.821,1986094.184],[262366.7041,1986094.8259],[262362.5833,1986088.939],[262361.505,1986087.0024],[262359.6315,1986083.0211],[262356.7822,1986076.9664],[262350.1676,1986069.0289],[262341.5686,1986061.7529],[262343.553,1986053.1539],[262348.1832,1986039.2632],[262349.4721,1986029.382],[262350.1676,1986024.0497],[262350.1676,1986007.5132],[262350.8291,1985999.5757],[262354.7978,1985995.6069],[262360.4398,1985989.4007],[262366.0426,1985980.0626],[262368.6885,1985971.4636],[262371.3343,1985963.5261],[262371.3343,1985958.605],[262371.3343,1985955.5886],[262370.0114,1985941.6979],[262372.6572,1985935.7448],[262381.2562,1985919.8698],[262394.4854,1985901.3489],[262398.1441,1985894.9461],[262405.0688,1985882.828],[262413.0063,1985872.9061],[262418.298,1985864.3072],[262420.2823,1985855.0467],[262422.2667,1985845.1248],[262425.574,1985835.8644],[262431.5272,1985823.2967],[262441.449,1985810.7289],[262444.0949,1985804.1143],[262446.7407,1985787.5778],[262449.3866,1985780.9633],[262454.5684,1985771.2473],[262456.2339,1985768.1245],[262459.9699,1985761.1195],[262466.6631,1985750.8009],[262467.9074,1985748.8825],[262475.1835,1985728.3772],[262483.121,1985705.8876],[262468.5689,1985704.5647],[262459.3085,1985701.9188],[262450.6451,1985696.3495],[262445.1255,1985693.1158],[262437.4803,1985688.6896],[262421.6053,1985681.4136],[262416.975,1985675.4604],[262418.2475,1985671.2188],[262424.0138,1985666.5509],[262432.2098,1985660.8494],[262436.8423,1985657.2859],[262440.1261,1985652.9708],[262440.1261,1985648.3406],[262432.1886,1985645.0333],[262423.5189,1985642.2156],[262407.67,1985637.0647],[262405.7302,1985636.4343],[262385.225,1985626.5124],[262371.9958,1985617.252],[262363.3968,1985611.2989],[262348.1832,1985604.6843],[262336.9384,1985595.4238],[262333.9905,1985592.2917],[262326.3551,1985584.179],[262311.803,1985574.2571],[262297.9123,1985566.3196],[262292.6206,1985559.0435],[262291.2977,1985551.7675],[262292.6206,1985543.83],[262293.9435,1985531.593],[262293.9435,1985524.3169],[262291.2977,1985517.0408],[262287.9904,1985512.4106],[262282.0373,1985509.1033],[262276.6738,1985507.6919],[262269.4695,1985505.796],[262245.657,1985502.4887],[262237.058,1985499.8429],[262225.1517,1985496.5356],[262207.9538,1985489.921],[262191.4173,1985486.6137],[262172.235,1985484.6293],[262162.9745,1985481.322],[262154.3756,1985477.3533],[262144.4537,1985470.0772],[262135.6515,1985466.2263],[262106.089,1985448.9105],[262090.214,1985437.6657],[262082.2765,1985431.0511],[262080.6129,1985428.3478],[262076.9848,1985422.4521],[262073.016,1985412.5302],[262066.4014,1985399.301],[262059.7868,1985388.7177],[262044.1486,1985386.8993],[262037.7922,1985386.1602],[262031.3441,1985385.4104],[262012.1617,1985381.4416],[261997.6096,1985376.1499],[261986.0933,1985370.1176],[261983.719,1985368.8739],[261969.8283,1985361.5978],[261975.7815,1985336.7931],[261978.0178,1985325.6113],[261982.396,1985303.7201],[261989.0106,1985262.7096],[261989.9877,1985255.4791],[261992.1313,1985239.6165],[261995.6252,1985213.7616],[262001.5784,1985168.7823],[262004.8857,1985129.7562],[262008.8544,1985078.1624],[262010.8388,1985011.0242],[262011.5003,1984975.3054],[262012.8232,1984959.4304],[262014.1461,1984935.6178],[262014.1461,1984926.3972],[262014.1461,1984913.1282],[262011.5003,1984867.4875],[262008.193,1984824.4926],[262006.2086,1984810.2712],[262006.2086,1984802.0428],[262006.2086,1984798.3649],[262007.4793,1984788.6229],[262008.193,1984783.1514],[262011.0578,1984771.6918],[262012.1617,1984767.2763],[262013.5681,1984763.9009],[262018.7763,1984751.4013],[262030.0211,1984724.9429],[262039.943,1984707.0835],[262047.2102,1984696.1828],[262050.5264,1984691.2085],[262070.6695,1984665.3101],[262073.6775,1984661.4428],[262097.49,1984631.0156],[262125.9328,1984598.6041],[262130.3829,1984593.5243],[262160.9902,1984558.5858],[262162.4011,1984556.9984],[262180.7338,1984536.3742],[262187.4485,1984528.8201],[262207.2923,1984507.6534],[262229.782,1984485.8252],[262235.7115,1984480.2824],[262260.2091,1984457.3825],[262317.031,1984402.2926],[262320.8615,1984398.5789],[262333.0262,1984386.7849],[262358.0542,1984362.2575],[262384.9237,1984335.9254],[262421.9264,1984300.0014],[262441.7834,1984280.696],[262460.0265,1984262.9597],[262469.19,1984254.4336],[262510.0499,1984216.4161],[262532.2055,1984195.8018],[262607.9879,1984131.9027],[262676.6466,1984066.2701],[262723.7904,1984021.2041],[262868.2921,1983882.9892],[262883.8072,1983868.1456],[262991.5892,1983765.0285],[263043.7779,1983715.0927],[263057.977,1983701.2751],[263197.8799,1983565.1308],[263254.842,1983509.6991],[263296.32,1983469.3355],[263341.766,1983425.1104],[263359.4155,1983408.9247],[263386.7874,1983384.499],[263419.4208,1983355.3781],[263453.4322,1983320.6998],[263538.45132666,1983234.01361028],[263530.31437091,1983216.80836049],[263517.88056753,1983188.18475067],[263511.291529,1983173.01619638],[263489.8775453,1983123.7194214],[263459.09138283,1983042.8070713],[263437.81938627,1982994.67917909],[263434.44631484,1982987.04760499],[263428.87985761,1982974.45349549],[263372.21232347,1982845.5930754],[263356.30134067,1982813.35239973],[263329.74773524,1982759.54640977],[263326.49467394,1982752.9546803],[263269.92284411,1982619.16436741],[263252.5109032,1982575.96512162],[263239.30724447,1982543.20667717],[263228.02581008,1982518.36856112],[263192.92951149,1982441.09771886],[263163.29936406,1982373.02846124],[263140.2725476,1982321.13220326],[263137.41133327,1982314.68379483],[263127.06077099,1982292.3309848],[263104.9517892,1982244.58499221],[263098.96292769,1982231.65159981],[263097.40817879,1982227.77456778],[263069.43180972,1982158.01071071],[263041.09293335,1982092.4350679],[263009.16718864,1982018.56146427],[262981.53325415,1981953.58434456],[262950.656063,1981892.34454863],[262933.0599105,1981857.44549373],[262921.91156447,1981829.2912268],[262908.02355504,1981794.21815644],[262905.53542441,1981788.46780298],[262883.27209466,1981737.01471066],[262863.702877,1981699.16522012],[262847.40305491,1981664.68483532],[262830.4327168,1981628.78670186],[262812.86384148,1981597.78338181],[262754.90184496,1981508.24861245],[262750.07385652,1981500.79074596],[262734.22769987,1981476.31294901],[262712.35563915,1981443.09982902],[262701.37803296,1981426.43013537],[262699.4930396,1981423.56773886],[262658.68967662,1981361.60702639],[262656.07610644,1981357.63826846],[262646.3804261,1981342.91518639],[262597.37745742,1981272.7529702],[262589.73465492,1981261.81005136],[262527.4742549,1981172.66598356],[262431.23803498,1981021.54841394],[262372.25983082,1980928.93656781],[262352.53048968,1980897.9560308],[262304.36136785,1980822.31713909],[262294.55593804,1980808.75072791],[262277.26163962,1980784.82304282],[262246.1055617,1980740.21318771],[262242.07134548,1980734.43689277],[262199.00701203,1980674.0731887],[262186.75673347,1980659.13951394],[262183.45847871,1980655.11891143],[262162.33210172,1980629.36467277],[262150.11492869,1980615.56641404],[262109.6089486,1980569.81787535],[262105.20371893,1980564.84252325],[262082.32570561,1980539.81974966],[262069.46002592,1980526.67129016],[262065.35579522,1980522.47685097],[262043.01014549,1980503.85546239],[262007.56891634,1980473.03411307],[261989.09817703,1980457.685168],[261972.48510371,1980443.87996743],[261882.92923504,1980369.76474167],[261841.73229736,1980335.67071956],[261823.43219602,1980320.52580601],[261802.88355192,1980303.95034135],[261792.26149155,1980295.38209439],[261753.49926553,1980261.71160555],[261682.69966634,1980202.80342384],[261651.45735685,1980176.80847512],[261562.13611959,1980100.17218903],[261494.93239703,1980042.51238327],[261466.64863704,1980017.89132977],[261451.09956175,1980004.35580009],[261423.5798403,1979982.49437183],[261421.31259331,1979981.0012752],[261416.17790576,1979978.25479953],[261400.27795175,1979970.67174909],[261376.1145712,1979960.212935],[261346.71399819,1979945.12577576],[261281.13079252,1979911.61475029],[261073.68160521,1979805.72404055],[261017.98464813,1979777.28310472],[261010.95407455,1979773.72917148],[260898.89722541,1979717.08484179],[260894.12423714,1979713.79122464],[260820.68295752,1979675.82195942],[260752.65109921,1979642.46652454],[260712.23425912,1979621.64576039],[260665.54296554,1979597.59270703],[260655.88137361,1979592.89242191],[260622.05999488,1979577.07277003],[260582.19887066,1979562.65668076],[260570.93551944,1979558.58318871],[260521.28243781,1979541.62245731],[260466.35686407,1979525.01712091],[260396.41720883,1979503.23962439],[260372.56854319,1979496.71247069],[260353.42051404,1979491.47180133],[260334.85185093,1979488.56316889],[260232.74788828,1979472.56940041],[260095.0352161,1979446.68105713],[259978.20369451,1979428.61393452],[259942.3771481,1979422.23353113],[259874.61884659,1979410.16647527],[259819.19600882,1979401.34107036],[259791.33040316,1979396.90381555],[259652.41016418,1979375.85542126],[259637.73916979,1979373.6325404],[259530.5559539,1979358.19022218],[259458.68018126,1979347.83478807],[259297.66630891,1979323.23613159],[259226.95246831,1979312.95659597],[259219.15353588,1979311.8228801],[259208.15760657,1979310.25597556],[259205.8783,1979323.7932],[259204.966,1979338.6935],[259204.6083,1979344.5366],[259205.8803,1979362.8929],[259206.847,1979376.8424],[259208.1733,1979405.2379],[259208.4073,1979410.4021],[259208.4073,1979416.8979],[259210.2344,1979448.0104],[259210.3612,1979450.1699],[259211.1498,1979458.9583],[259211.6112,1979461.3425],[259212.187,1979463.9813],[259214.0918,1979472.7125],[259214.3282,1979476.6563],[259215.9716,1979504.0726],[259215.4215,1979512.675],[259214.0203,1979534.589],[259213.9517,1979538.8789],[259213.597,1979561.0474],[259212.7503,1979586.2358],[259212.327,1979596.8191],[259212.7503,1979606.1325],[259214.232,1979611.6358],[259215.6917,1979615.5979],[259223.122,1979620.5258],[259238.653,1979626.9023],[259250.0302,1979630.6065],[259262.4656,1979633.7815],[259269.7247,1979635.1216],[259279.6635,1979636.9565],[259292.6282,1979638.0148],[259297.382,1979638.6185],[259303.0832,1979639.3425],[259309.2969,1979640.1315],[259313.8036,1979640.4074],[259322.2615,1979640.9253],[259332.0512,1979643.0419],[259339.1949,1979644.6294],[259344.7512,1979646.7461],[259348.9845,1979649.3919],[259351.0355,1979651.8274],[259353.2179,1979654.419],[259356.5252,1979659.4461],[259355.996,1979668.7066],[259357.0543,1979688.1535],[259358.7741,1979708.9233],[259361.4729,1979723.2108],[259362.7429,1979730.8309],[259365.2829,1979738.1334],[259368.9341,1979749.2459],[259372.2679,1979757.5009],[259374.4904,1979764.0097],[259376.1672,1979770.2505],[259377.4372,1979776.6006],[259377.6426,1979779.1684],[259378.0722,1979784.5381],[259378.2102,1979786.6272],[259379.1835,1979801.3656],[259380.2947,1979812.4781],[259381.5647,1979821.0506],[259384.8985,1979830.5757],[259390.296,1979844.0694],[259396.011,1979854.2295],[259403.9485,1979868.517],[259408.8698,1979876.2428],[259410.2985,1979879.7353],[259414.1085,1979892.1179],[259419.8235,1979912.2792],[259425.5386,1979934.3455],[259432.7617,1979968.1725],[259436.995,1979995.2659],[259437.8417,1980009.0243],[259436.36,1980025.9576],[259434.7117,1980031.8439],[259431.763,1980042.3742],[259429.2956,1980051.1857],[259427.2475,1980054.9785],[259420.3659,1980067.7222],[259407.1367,1980087.8967],[259396.2227,1980104.5655],[259388.2851,1980121.7634],[259381.3398,1980137.3077],[259376.3789,1980154.175],[259404.2483,1980167.5759],[259452.2702,1980193.3728],[259467.3515,1980200.9134],[259483.2266,1980207.6603],[259496.7203,1980215.3068],[259503.0703,1980219.7518],[259510.6904,1980223.3501],[259521.9087,1980229.7001],[259528.4704,1980232.8752],[259540.3238,1980236.8968],[259553.2354,1980240.7068],[259565.5121,1980244.0935],[259573.0729,1980245.2575],[259575.7383,1980245.6678],[259606.1654,1980254.399],[259659.0822,1980268.6866],[259693.4781,1980277.6824],[259756.5373,1980294.1748],[259788.2873,1980303.1707],[259810.777,1980307.404],[259831.1499,1980311.9019],[259853.2802,1980316.2078],[259854.3804,1980312.484],[259855.5975,1980303.8586],[259854.9625,1980284.8086],[259855.5975,1980263.2185],[259856.2325,1980250.836],[259858.2962,1980244.3272],[259861.6226,1980238.7377],[259872.9603,1980243.41],[259893.9154,1980252.0883],[259912.9654,1980259.0734],[259923.3371,1980262.8834],[259931.2191,1980265.6249],[259937.9421,1980267.9634],[259939.8158,1980268.8119],[259949.1605,1980273.0434],[259968.2105,1980287.6484],[260002.8181,1980316.9246],[260021.6565,1980331.5297],[260036.7407,1980343.0413],[260053.8299,1980356.083],[260062.9605,1980361.9882],[260077.4678,1980371.3707],[260098.8991,1980387.2457],[260115.171,1980402.327],[260136.9992,1980420.9802],[260152.8742,1980436.8552],[260161.288,1980446.2303],[260168.0613,1980454.697],[260178.0097,1980462.317],[260189.6514,1980470.9953],[260203.4097,1980479.2504],[260219.7081,1980487.2937],[260237.4881,1980495.5487],[260266.4865,1980508.2487],[260299.7182,1980526.4521],[260316.9056,1980534.6595],[260356.699,1980554.7679],[260375.1141,1980564.7162],[260393.8434,1980572.7279],[260412.4733,1980580.6971],[260436.0213,1980592.3388],[260438.9441,1980593.8543],[261027.0608,1980887.4578],[261008.2338,1980906.3789],[260989.755,1980924.9501],[260976.3975,1980938.3744],[260941.4195,1980972.1088],[260919.7237,1980996.9797],[260899.3507,1981020.5277],[260895.1543,1981026.3324],[260891.9664,1981030.742],[260875.1127,1981054.0548],[260871.4234,1981058.2685],[260818.184,1981136.5459],[260816.9489,1981138.2586],[260814.9606,1981141.0157],[260811.5027,1981147.6893],[260808.8303,1981152.8467],[260863.3627,1981209.6512],[260868.0591,1981214.5433],[260871.8855,1981218.5292],[260939.3544,1981305.8419],[260946.9051,1981315.3796],[260989.6253,1981369.342],[261023.0609,1981426.3792],[261034.6046,1981446.0713],[261041.185,1981459.635],[261164.2507,1981713.301],[261230.5685,1981868.6244],[261363.2522,1982179.3835],[261365.3344,1982184.2603],[261449.0271,1982379.0067],[261552.2717,1982619.2488],[261563.6945,1982645.829],[261573.3511,1982668.2992],[261623.1628,1982784.2072],[261633.3049,1982807.807],[261634.9957,1982811.7414],[261640.4236,1982824.3717],[261633.0714,1982830.8366],[261624.7145,1982838.1848],[261619.2735,1982844.1524],[261612.0256,1982852.1017],[261604.2093,1982860.6744],[261591.3108,1982880.5182],[261589.4354,1982884.0528],[261580.1657,1982901.5226],[261574.1129,1982912.9298],[261558.051,1982935.9203],[261540.3784,1982960.2241],[261531.0299,1982971.5435],[261528.7764,1982980.5328],[261519.1604,1982996.4003],[261517.8061,1982998.6163],[261508.801,1983011.65],[261507.003,1983014.2524],[261505.2384,1983016.8065],[261497.6046,1983024.6312],[261492.0092,1983030.3664],[261474.8112,1983045.58],[261460.6249,1983061.2441],[261458.9362,1983063.1087],[261440.5972,1983084.9537],[261436.4466,1983089.8978],[261429.5013,1983101.8041],[261425.2789,1983116.914],[261422.1039,1983131.519],[261420.6146,1983139.6609],[261418.9289,1983148.8757],[261416.6006,1983167.5024],[261416.5046,1983176.0297],[261416.1878,1983204.1632],[261416.9688,1983227.3981],[261417.1837,1983233.7895],[261417.7753,1983251.3914],[261418.4507,1983260.5088],[261418.997,1983267.8841],[261419.2096,1983270.7537],[261419.9853,1983281.2258],[261420.1566,1983283.5383],[261425.1883,1983308.6967],[261408.3334,1983308.1318],[261316.3335,1983297.1794],[261314.2907,1983297.1156],[261302.6025,1983296.7503],[261231.6667,1983294.5336],[261167.136,1983300.5364],[261117.8956,1983305.1169],[260985.6037,1983313.0544],[260792.4574,1983289.2419],[260678.9783,1983278.3603],[260599.3112,1983270.721],[260427.3317,1983262.7835],[260263.2897,1983276.0127],[260168.0395,1983310.4086],[260070.1435,1983371.2629],[259914.039,1983500.909],[259832.018,1983580.2841],[259773.8096,1983675.5343],[259673.2677,1983863.3889],[259659.2442,1983901.8237],[259601.8301,1984059.1809],[259597.2456,1984072.3788],[259557.2141,1984187.6207],[259514.5174,1984310.5356],[259564.7883,1984323.7648],[259610.7794,1984336.3898],[259699.7261,1984360.8065],[259782.8075,1984392.9061],[259816.143,1984405.7858],[259927.2682,1984474.5776],[259988.1225,1984548.6611],[260078.081,1984717.9947],[260154.8103,1984911.141],[260247.4147,1985120.1622],[260253.4391,1985142.6169],[260276.5189,1985228.6416],[260302.6983,1985363.2787],[260303.6983,1985368.4211],[260313.5607,1985419.142],[260319.3177,1985501.1795],[260324.144,1985569.9548],[260345.3107,1985609.6423],[260371.7691,1985628.1632],[260524.2492,1985639.1859],[260551.8055,1985641.1779],[260591.3737,1985644.0383],[260599.3112,1985691.6633],[260609.8946,1985757.8093],[260610.5591,1985760.1349],[260618.2611,1985787.092],[260624.2836,1985808.171],[260628.3294,1985822.3312],[260636.353,1985850.4137],[260667.6851,1985922.6139],[260697.2073,1985990.6431],[260721.3088,1986054.9138],[260736.8948,1986096.4767],[260742.1232,1986126.5397],[260747.4782,1986157.3309],[260749.1477,1986174.5826],[260808.1495,1986338.4926],[260812.7797,1986355.8229],[260820.3916,1986382.4549],[260851.3581,1986484.9318],[260859.1893,1986479.531],[260870.8149,1986472.5896],[260876.3151,1986485.3808],[260888.7505,1986498.3454],[260893.7776,1986509.4579],[260894.5714,1986516.3371],[260897.4818,1986526.6559],[260901.186,1986536.71],[260901.9797,1986543.0601],[260899.3339,1986550.4684],[260896.7082,1986557.868],[260893.7776,1986564.7559],[260892.9437,1986569.9679],[260893.5131,1986581.4247],[260896.0905,1986588.8992],[260899.4327,1986593.4627],[260901.8651,1986598.2116],[260910.711,1986621.1123],[260914.6798,1986640.9561],[260914.6798,1986648.8757],[260914.6798,1986656.0374],[260916.135,1986669.928],[260922.0881,1986681.4374],[260924.669,1986685.1796],[260930.0256,1986692.9468],[260936.3756,1986704.0593],[260940.9,1986711.4317],[260936.5434,1986715.5731],[260931.6751,1986724.2515],[260929.9817,1986732.2948],[260925.7484,1986739.9148],[260923.7872,1986741.0044],[260920.0334,1986743.0899],[260912.8623,1986745.032],[260909.8734,1986745.8415],[260897.1733,1986752.1915],[260880.0283,1986757.9065],[260868.175,1986767.0082],[260851.6649,1986775.8982],[260840.0232,1986783.5183],[260835.8008,1986788.6643],[260833.2499,1986791.7733],[260824.9671,1986796.7896],[260818.2215,1986800.875],[260810.4308,1986807.6918],[260806.3682,1986811.2467],[260802.7698,1986818.02],[260799.5948,1986825.64],[260801.5981,1986831.8501],[260803.1932,1986841.7267],[260802.8193,1986844.7172],[260802.3465,1986848.5001],[260801.0765,1986855.0617],[260793.2448,1986864.3751],[260779.9098,1986879.8268],[260769.9614,1986891.8918],[260763.9681,1986893.9585],[260758.1081,1986894.6435],[260755.1969,1986893.9585],[260750.9114,1986892.9501],[260726.1463,1986890.6218],[260710.9063,1986885.3301],[260692.7029,1986880.0385],[260683.8129,1986878.9801],[260667.7262,1986881.0968],[260658.457,1986879.8812],[260654.8145,1986879.4035],[260643.4286,1986879.4035],[260633.2245,1986879.4035],[260603.5911,1986880.8851],[260591.0184,1986879.9741],[260583.9654,1986879.248],[260579.2344,1986879.1201],[260540.8897,1986878.0838],[260533.9526,1986878.5568],[260527.6026,1986879.6151],[260520.8293,1986879.6151],[260506.4359,1986877.7101],[260502.8817,1986877.93],[260485.9042,1986878.9801],[260448.4391,1986880.6735],[260424.7324,1986880.4618],[260411.8207,1986883.2135],[260392.3473,1986885.7535],[260379.0123,1986883.4251],[260373.5534,1986881.4258],[260370.2372,1986880.2112],[260366.3544,1986878.7891],[260360.7276,1986881.1583],[260350.8057,1986882.1505],[260333.2771,1986880.8276],[260321.7015,1986877.1896],[260305.4958,1986872.8901],[260269.7769,1986874.213],[260256.5936,1986877.3527],[260252.076,1986878.4286],[260244.0462,1986886.8557],[260237.561,1986893.9585],[260229.1633,1986898.1005],[260212.6268,1986900.4156],[260204.0279,1986898.762],[260192.4523,1986897.1083],[260181.2075,1986898.762],[260176.908,1986900.0849],[260169.3012,1986898.762],[260163.9921,1986893.9585],[260162.3559,1986892.4781],[260150.4226,1986882.0322],[260142.1814,1986877.926],[260122.3376,1986877.2645],[260116.1452,1986876.7762],[260099.2692,1986875.4455],[260043.8681,1986875.7695],[259986.1596,1986876.107],[259908.6823,1986877.3175],[259886.9836,1986877.6566],[259859.1593,1986878.0913],[259834.6308,1986878.0913],[259824.102,1986878.0913],[259815.5281,1986876.3766],[259800.9509,1986873.4611],[259758.6467,1986873.4611],[259751.3414,1986873.4611],[259689.4341,1986873.1483],[259672.8041,1986873.0642],[259592.8998,1986874.1226],[259505.5871,1986872.5351],[259443.2114,1986875.3794],[259360.8597,1986877.3637],[259267.9215,1986885.0729],[259265.1686,1986885.3013],[259220.52,1986889.27],[259159.0704,1986893.5034],[259139.9565,1986893.9585],[259092.3953,1986895.0909],[259010.3743,1986899.8534],[258976.5326,1986901.4981],[258883.7538,1986906.0074],[258891.3853,1987260.4071],[258891.9516,1987286.7072],[258896.3862,1987378.9346],[258847.8789,1987373.2833],[258809.8051,1987410.0469],[258634.2999,1987302.0422],[258594.9883,1987279.0034],[258576.3556,1987273.0564],[258567.7566,1987267.7647],[258556.7202,1987260.4071],[258533.3607,1987242.2985],[258485.0741,1987207.5057],[258455.7053,1987186.0745],[258426.3365,1987163.4525],[258398.5552,1987144.7994],[258381.0927,1987132.8931],[258363.6301,1987119.7962],[258351.7239,1987108.2868],[258340.2145,1987094.3961],[258318.3863,1987076.9336],[258239.8049,1987015.4179],[258181.0673,1986969.3803],[258157.6516,1986951.124],[258146.5391,1986941.599],[258137.8078,1986934.0583],[258127.8859,1986915.6036],[258121.5727,1986893.9585],[258119.5515,1986887.0285],[258109.2248,1986853.1138],[258099.3108,1986820.7503],[258094.1515,1986806.0659],[258088.9921,1986794.9534],[258086.6108,1986783.444],[258085.8537,1986780.8186],[258068.2222,1986719.6793],[258032.1727,1986605.1144],[258024.8966,1986585.2706],[258022.2508,1986576.6717],[258018.9435,1986560.7966],[257994.7561,1986485.9194],[257957.5556,1986365.0046],[257930.1276,1986275.8635],[257922.6306,1986251.4981],[257887.2425,1986134.7505],[257883.7183,1986122.9664],[257866.0758,1986063.9743],[257852.8466,1986022.3023],[257831.5458,1985954.8731],[257820.1158,1985917.7256],[257805.8944,1985868.9231],[257792.9827,1985824.8963],[257779.2243,1985781.9279],[257771.5779,1985765.1709],[257751.8353,1985699.3624],[257749.7497,1985692.4104],[257727.2072,1985618.221],[257719.5871,1985588.2172],[257715.4596,1985572.6597],[257715.4596,1985566.3097],[257715.6184,1985559.1659],[257717.2676,1985548.9927],[257742.0724,1985469.9482],[257750.935,1985443.6732],[257752.5036,1985439.0226],[257770.1844,1985386.6043],[257779.4448,1985355.185],[257779.933,1985352.7442],[257780.437,1985350.224],[257783.2751,1985337.8396],[257784.0751,1985334.349],[257787.7131,1985320.1276],[257792.674,1985307.5599],[257797.9657,1985299.2917],[257798.9579,1985292.6771],[257798.9579,1985284.7395],[257798.9579,1985265.2265],[257801.6037,1985242.0754],[257802.9267,1985196.9032],[257805.2418,1985177.7209],[257805.5725,1985155.562],[257807.5569,1985134.726],[257808.8798,1985111.2442],[257808.8798,1985073.2557],[257811.1122,1985036.7164],[257811.5918,1985028.8759],[257814.8359,1984988.1155],[257719.5805,1984981.388],[257447.8959,1984986.9713],[256789.65964272,1985000.49836692],[256626.854,1985003.8441],[256628.9241,1985012.3544],[256630.5975,1985019.2338],[256639.0641,1985044.1047],[256647.0016,1985068.9756],[256655.4683,1985098.609],[256660.4418,1985114.0672],[256667.9917,1985137.5328],[256675.0475,1985159.4633],[256695.0236,1985155.9428],[256787.0987,1985139.0094],[256833.6655,1985307.2848],[256854.3916,1985396.1108],[256807.3605,1985411.3357],[256838.846,1985538.3359],[256800.0027,1985546.0053],[256801.1521,1985549.755],[256802.8995,1985555.4556],[256812.626,1985587.1863],[256823.8674,1985623.8588],[256829.8291,1985643.3078],[256856.7396,1985726.0181],[256845.9246,1985730.178],[256734.1379,1985748.6989],[256767.2109,1985853.2095],[256800.2838,1985851.2251],[256869.0756,1985951.767],[256888.258,1986022.5432],[256935.6136,1986016.4515],[256943.4943,1986046.3792],[256946.6693,1986056.1688],[256949.3416,1986062.6644],[256949.3416,1986068.1677],[256951.4198,1986076.9819],[256955.48,1986094.2028],[256958.4433,1986118.1212],[256957.5966,1986123.4128],[256961.2831,1986155.3643],[256993.0332,1986156.9518],[256995.3268,1986190.3731],[256954.1516,1986190.7865],[256954.2866,1986224.9074],[256954.5247,1986227.6856],[256954.5247,1986233.7974],[256953.3341,1986243.5606],[256952.9586,1986260.7071],[256952.8578,1986265.3094],[256952.2228,1986288.6457],[256951.337,1986316.993],[256951.2703,1986319.1257],[256949.5506,1986384.2927],[256949.2059,1986404.5079],[256948.6907,1986434.7224],[256946.6724,1986477.3308],[256945.7591,1986496.61],[256943.1785,1986582.4484],[256941.4005,1986624.3571],[256940.8634,1986637.0188],[256939.306,1986674.8225],[256938.0191,1986706.062],[256937.0956,1986737.1522],[256937.6467,1986752.5219],[256936.9729,1986766.9227],[256936.2927,1986781.4618],[256935.446,1986797.7602],[256935.446,1986805.1685],[256935.6577,1986812.3652],[256937.986,1986822.3135],[256831.1079,1986836.9323],[256844.2547,1987127.8473],[256856.5079,1987228.5164],[256836.3995,1987623.2755],[256637.625,1987803.5438],[256572.7334,1987763.887],[256508.2411,1987831.6866],[256567.5103,1987873.6586],[256513.2706,1987927.8983],[256441.7312,1987999.0875],[256508.1568,1988045.8159],[256460.5317,1988090.7952],[256320.623,1988160.5775],[256246.2188,1988163.5558],[256029.26,1988118.5765],[255996.187,1988037.8784],[255906.2285,1988066.9827],[255916.572,1988163.076],[255813.3843,1988214.6699],[255587.405,1988318.3373],[255534.4882,1988379.1916],[255526.5507,1988463.8585],[255576.8216,1988486.3481],[255558.3007,1988586.8899],[255501.4152,1988719.1819],[255370.4462,1989043.2971],[255320.1753,1989254.9642],[255360.6802,1989268.2544],[255317.3632,1989517.2801],[255243.5227,1989716.3163],[255202.3742,1990026.942],[254913.012,1989993.1877],[254905.4714,1990004.6971],[254882.0557,1990053.5128],[254878.464,1990085.5692],[254862.7575,1990085.1268],[254852.9679,1990084.333],[254843.7074,1990081.6872],[254825.9803,1990080.0997],[254807.1948,1990078.7768],[254772.9048,1990076.2368],[254750.521,1990076.2368],[254741.3135,1990075.2843],[254732.634,1990071.9836],[254720.8589,1990063.8316],[254715.4361,1990060.0773],[254699.9454,1990053.3838],[254688.6469,1990048.5018],[254659.8734,1990036.5955],[254651.7805,1990031.2877],[254646.2915,1990027.6878],[254623.8018,1990020.081],[254593.7054,1990012.4743],[254571.8773,1990006.5211],[254550.0491,1989999.5758],[254516.9761,1989988.0003],[254496.359,1989980.5871],[254493.0722,1989979.4052],[254466.7052,1989966.8335],[254431.9896,1989952.718],[254449.3897,1989926.7239],[254457.4289,1989914.714],[254475.3813,1989887.8949],[254492.5648,1989864.6861],[254495.7543,1989860.3782],[254499.4962,1989854.7932],[254531.9419,1989806.3669],[254545.8602,1989785.5932],[254548.9356,1989781.0031],[254553.6102,1989775.032],[254533.8621,1989770.4534],[254509.3881,1989765.1618],[254472.6771,1989759.8701],[254438.2812,1989756.2321],[254411.5758,1989754.3888],[254369.507,1989754.1242],[254350.1924,1989753.0659],[254336.6457,1989750.6185],[254329.3432,1989749.9835],[254323.1519,1989750.1422],[254320.2944,1989751.4122],[254314.7381,1989752.5235],[254307.9119,1989752.3647],[254292.6718,1989750.6185],[254288.9038,1989750.1998],[254271.2405,1989748.2372],[254255.683,1989744.2685],[254239.808,1989738.871],[254231.553,1989734.4259],[254224.4092,1989728.5522],[254219.1175,1989723.6442],[254208.3149,1989709.8056],[254178.6362,1989671.7857],[254176.0097,1989667.6142],[254170.1066,1989658.2388],[254165.1424,1989650.3544],[254157.9986,1989641.094],[254137.5969,1989613.1968],[254131.6595,1989616.9249],[254118.5362,1989627.5083],[254112.1862,1989633.2233],[254108.7995,1989642.7483],[254106.2595,1989658.4117],[254105.5906,1989665.2712],[254102.931,1989670.4396],[254090.231,1989681.023],[254076.4726,1989691.3418],[254065.3601,1989701.9251],[254053.1893,1989717.8002],[254043.9288,1989729.1773],[254038.3726,1989733.6752],[254030.1705,1989744.5231],[254025.4787,1989748.1632],[253990.4413,1989614.1881],[253900.3411,1989657.3917],[253832.2108,1989571.402],[253754.82,1989616.3812],[253714.8837,1989552.1396],[253696.0907,1989504.5698],[253613.5474,1989553.2234],[253636.6985,1989586.9579],[253626.1151,1989602.8329],[253651.8187,1989698.1554],[253682.3392,1989797.302],[253634.0526,1989825.0833],[253659.8496,1989915.0419],[253727.3185,1989901.1512],[253850.35,1990040.7192],[253961.4752,1990161.1049],[253946.2616,1990288.1051],[253972.72,1990376.0792],[254011.8043,1990376.3385],[254030.267,1990378.7251],[254081.8608,1990530.1993],[254045.4806,1990539.4598],[254084.5067,1990682.9965],[254163.2204,1990824.5489],[254280.2582,1991104.2758],[254310.9499,1991166.7176],[254116.2162,1991397.4347],[254067.5327,1991457.7598],[254064.3577,1991620.7435],[254087.6411,1991987.9859],[254078.1161,1992058.8943],[254044.2494,1992229.2863],[254018.8493,1992417.6701],[253986.0409,1992523.5036],[253960.6409,1992578.537],[253897.27484769,1992691.58921703],[253851.09617095,1992764.15570907],[253950.5265,1992718.0657],[253979.4509,1992698.6652],[253992.1708,1992684.5066],[254015.5374,1992574.6834],[254020.06205287,1992567.18541513],[254049.17399775,1992518.94283646],[254082.9157,1992463.0281],[254145.6804,1992395.6143],[254163.885,1992349.6237],[254231.35429447,1992226.95236233],[254255.754,1992182.5893],[254286.28302388,1992180.62038103],[254319.4753,1992178.4797],[254352.15199891,1992121.98751496],[254366.0996,1992097.8746],[254375.938331,1992084.58444993],[254415.11642118,1992031.66271665],[254562.6123,1991832.4254],[254570.23605452,1991824.23392923],[254610.5357,1991780.9333],[254625.7618,1991716.0995],[254652.7781,1991628.6519],[254669.30857866,1991584.4756726],[254695.7157,1991513.905],[254767.3026,1991399.697],[254802.14552023,1991330.7079988],[254803.94439291,1991327.1462299],[254805.18006584,1991324.69959683],[254810.9788,1991313.2181],[254815.62064099,1991283.04613357],[254823.4242,1991232.323],[254850.4297,1991144.1996],[254951.266,1991003.7653],[254948.0736,1991001.6574],[254928.71378754,1990987.91811573],[254901.1315,1990968.3435],[254855.96612062,1990936.29048668],[254832.4932,1990919.6322],[254833.82639251,1990917.11712242],[254868.61476147,1990851.48860574],[254902.92928622,1990786.75399966],[255045.1644,1990518.4264],[255131.88699494,1990406.77123277],[255196.7745,1990323.2287],[255218.51844624,1990240.46138669],[255229.704,1990197.8841],[255300.4615,1990107.472],[255342.30807118,1990015.96740096],[255358.7181,1989980.0841],[255388.1301,1989869.2234],[255503.90006955,1989650.85335636],[255607.788,1989454.8957],[255792.2869,1989181.4818],[255889.45705536,1989043.48399273],[255977.6867,1988918.1832],[256005.16808644,1988872.83896141],[256050.5429,1988797.9706],[256347.4893,1988483.7601],[256461.1609,1988378.2081],[256634.07791429,1988323.22939833],[256810.8663,1988267.0198],[257347.9558,1988028.1354],[257707.18612786,1987931.88884263],[258018.3806829,1987848.51223918],[258245.1982,1987787.7423],[258416.2174425,1987794.86813246],[258454.2061,1987796.451],[258612.7419,1987777.1287],[258649.8212,1987779.2159],[258892.19715858,1987776.98041787],[258943.4286,1987776.5079],[259011.1055,1988095.4579],[259096.8794,1988250.7428],[259247.10814035,1988319.47945999],[259342.5798,1988363.1622],[259392.0524,1988395.1133],[259401.437,1988394.8153],[259513.6675,1988366.4493],[259587.2604,1988359.1809],[259735.0281,1988276.2038],[259829.7624,1988245.3121],[259991.19935385,1988207.97984069],[260005.0603,1988204.7745],[260056.6126,1988168.8078],[260069.6978,1988154.5414],[260116.662,1987991.4028],[260212.0839,1987866.0725],[260269.46018506,1987834.07417977],[260346.1214,1987791.3208],[260523.0077,1987754.6085],[260726.7927,1987758.0051],[260974.2297,1987863.7642],[261084.5606,1988037.1414],[261184.0603,1988166.8713],[261094.2284,1988289.3285],[261110.4433,1988330.3839],[261215.4664,1988371.1246],[261307.7866,1988380.3566],[261392.875,1988431.8054],[261482.5811,1988540.9659],[261491.8933,1988556.8512],[261538.5834,1988602.4829],[261552.7396,1988612.1506],[261593.4989,1988595.5183],[261728.7897,1988505.324],[261741.33406104,1988506.94263134]]]]},"geometry_name":"geometry","properties":{"ogc_fid":14,"zoning":"N","zone_name":"Agriculture Zone","h":10,"e":0,"cos":0}},{"type":"Feature","id":"glup2030_cdudcp_v1.15","geometry":{"type":"MultiPolygon","coordinates":[[[[258809.8051,1987410.04690001],[258847.87890001,1987373.2833],[258896.38620001,1987378.93460001],[258891.9516,1987286.70720001],[258891.3853,1987260.40710001],[258883.7538,1986906.0074],[258976.53260001,1986901.49810001],[259010.3743,1986899.85340001],[259092.3953,1986895.09090001],[259139.9565,1986893.9585],[259159.0704,1986893.5034],[259220.52,1986889.27],[259265.1686,1986885.3013],[259267.9215,1986885.0729],[259360.8597,1986877.3637],[259443.21140001,1986875.37940001],[259505.58710001,1986872.53510001],[259592.89980001,1986874.12260001],[259672.8041,1986873.0642],[259689.4341,1986873.14830002],[259751.3414,1986873.4611],[259758.6467,1986873.4611],[259800.95090001,1986873.4611],[259815.5281,1986876.3766],[259824.102,1986878.0913],[259834.6308,1986878.0913],[259859.15930001,1986878.09130001],[259886.9836,1986877.6566],[259908.68230001,1986877.3175],[259986.1596,1986876.107],[260043.8681,1986875.76950001],[260099.26920001,1986875.44550001],[260116.1452,1986876.7762],[260122.33760001,1986877.2645],[260142.1814,1986877.926],[260150.4226,1986882.0322],[260162.3559,1986892.47810001],[260163.9921,1986893.95850001],[260169.30120001,1986898.76200001],[260176.90800001,1986900.0849],[260181.2075,1986898.76199999],[260192.45230001,1986897.10830001],[260204.0279,1986898.762],[260212.6268,1986900.4156],[260229.16330001,1986898.10050001],[260237.561,1986893.95850001],[260244.0462,1986886.8557],[260252.076,1986878.42860001],[260256.5936,1986877.35270001],[260269.77690001,1986874.21300001],[260305.49580001,1986872.89010001],[260321.70150001,1986877.18960001],[260333.2771,1986880.82760001],[260350.80570001,1986882.15050001],[260360.72760001,1986881.15830001],[260366.3544,1986878.78910001],[260370.2372,1986880.21120001],[260373.55340001,1986881.42580001],[260379.0123,1986883.4251],[260392.34730001,1986885.75350001],[260411.8207,1986883.21350001],[260424.7324,1986880.46180001],[260448.4391,1986880.67350001],[260485.90420001,1986878.9801],[260502.8817,1986877.93000002],[260506.43590001,1986877.7101],[260520.8293,1986879.61510001],[260527.6026,1986879.61510001],[260533.95260002,1986878.55680001],[260540.88970001,1986878.0838],[260579.23440001,1986879.12010002],[260583.9654,1986879.248],[260591.01840001,1986879.9741],[260603.5911,1986880.8851],[260633.2245,1986879.4035],[260643.4286,1986879.40350001],[260654.81450001,1986879.40350001],[260658.45700001,1986879.8812],[260667.72620001,1986881.09680001],[260683.8129,1986878.9801],[260692.7029,1986880.03850001],[260710.9063,1986885.33010001],[260726.1463,1986890.62180001],[260750.91140001,1986892.9501],[260755.19690001,1986893.95850001],[260758.10810001,1986894.64350001],[260763.96810001,1986893.95850001],[260769.9614,1986891.8918],[260779.9098,1986879.82680001],[260793.24480001,1986864.3751],[260801.0765,1986855.06170001],[260802.34650001,1986848.5001],[260802.8193,1986844.7172],[260803.1932,1986841.7267],[260801.5981,1986831.85010001],[260799.5948,1986825.64000001],[260802.76980001,1986818.02],[260806.36820001,1986811.2467],[260810.4308,1986807.6918],[260818.2215,1986800.875],[260824.9671,1986796.78960001],[260833.2499,1986791.77330001],[260835.8008,1986788.66430002],[260840.0232,1986783.5183],[260851.66490001,1986775.8982],[260868.175,1986767.00820001],[260880.0283,1986757.90650001],[260897.1733,1986752.1915],[260909.87340001,1986745.84150001],[260912.86230001,1986745.03200001],[260920.03340001,1986743.0899],[260923.78720001,1986741.0044],[260925.7484,1986739.91480001],[260929.98170001,1986732.29480001],[260931.67510001,1986724.2515],[260936.54340001,1986715.57310001],[260940.9,1986711.43170001],[260936.37560001,1986704.0593],[260930.02560001,1986692.9468],[260924.669,1986685.1796],[260922.0881,1986681.4374],[260916.13500001,1986669.92800001],[260914.67980001,1986656.03740001],[260914.6798,1986648.8757],[260914.6798,1986640.9561],[260910.71100001,1986621.1123],[260901.86510001,1986598.2116],[260899.4327,1986593.46270001],[260896.09050001,1986588.8992],[260893.5131,1986581.4247],[260892.94370001,1986569.9679],[260893.77760001,1986564.75590001],[260896.70820001,1986557.868],[260899.3339,1986550.46840001],[260901.9797,1986543.0601],[260901.18600001,1986536.71],[260897.4818,1986526.65590001],[260894.57140001,1986516.3371],[260893.7776,1986509.4579],[260888.75050001,1986498.34540001],[260876.31510001,1986485.3808],[260870.81490001,1986472.5896],[260859.18930001,1986479.53100001],[260851.3581,1986484.93179999],[260820.3916,1986382.4549],[260812.7797,1986355.8229],[260808.1495,1986338.49260001],[260749.14770001,1986174.58260001],[260747.47820001,1986157.3309],[260742.12320001,1986126.5397],[260736.89480001,1986096.4767],[260721.30880001,1986054.9138],[260697.2073,1985990.6431],[260667.6851,1985922.6139],[260636.353,1985850.41370001],[260628.32940001,1985822.3312],[260624.28360001,1985808.171],[260618.2611,1985787.092],[260610.55910001,1985760.1349],[260609.89460001,1985757.8093],[260599.31120001,1985691.66330001],[260591.3737,1985644.0383],[260551.80550001,1985641.1779],[260524.2492,1985639.18590001],[260371.7691,1985628.16320001],[260345.3107,1985609.64230001],[260324.144,1985569.9548],[260319.3177,1985501.1795],[260313.56070001,1985419.142],[260303.69830001,1985368.42110001],[260302.69830001,1985363.27870001],[260276.5189,1985228.64160001],[260253.4391,1985142.6169],[260247.4147,1985120.16220001],[260154.81030001,1984911.14100001],[260078.081,1984717.9947],[259988.12250001,1984548.66110001],[259927.2682,1984474.5776],[259816.143,1984405.7858],[259782.80750001,1984392.9061],[259699.72610001,1984360.80650001],[259610.7794,1984336.3898],[259564.7883,1984323.7648],[259514.5174,1984310.5356],[259557.21410001,1984187.62070001],[259597.2456,1984072.3788],[259601.83010001,1984059.1809],[259659.2442,1983901.82370001],[259673.26770001,1983863.3889],[259773.8096,1983675.53430001],[259832.01800001,1983580.28410001],[259914.03900001,1983500.909],[260070.1435,1983371.26290001],[260168.0395,1983310.4086],[260263.2897,1983276.01270002],[260427.3317,1983262.7835],[260599.3112,1983270.721],[260678.97830001,1983278.3603],[260792.45740001,1983289.2419],[260985.6037,1983313.05440001],[261117.89560001,1983305.1169],[261167.13600001,1983300.5364],[261231.66670001,1983294.53360001],[261302.6025,1983296.7503],[261314.2907,1983297.1156],[261316.3335,1983297.17940001],[261408.3334,1983308.1318],[261425.1883,1983308.6967],[261420.1566,1983283.5383],[261419.9853,1983281.2258],[261419.2096,1983270.7537],[261418.99700001,1983267.8841],[261418.45070001,1983260.5088],[261417.7753,1983251.3914],[261417.18370001,1983233.7895],[261416.96880001,1983227.39810001],[261416.18780001,1983204.16320001],[261416.5046,1983176.0297],[261416.60060001,1983167.5024],[261418.92890001,1983148.8757],[261420.6146,1983139.6609],[261422.10390001,1983131.51900001],[261425.2789,1983116.91400001],[261429.5013,1983101.8041],[261436.4466,1983089.8978],[261440.59720001,1983084.9537],[261458.9362,1983063.10870001],[261460.6249,1983061.2441],[261474.81120001,1983045.58],[261492.0092,1983030.3664],[261497.60460001,1983024.63120001],[261505.2384,1983016.80650001],[261507.00300001,1983014.2524],[261508.80100001,1983011.65000001],[261517.8061,1982998.61630002],[261519.1604,1982996.40030001],[261528.7764,1982980.53280001],[261531.02990001,1982971.54350001],[261540.3784,1982960.22410001],[261558.05100001,1982935.92030001],[261574.1129,1982912.9298],[261580.16570001,1982901.5226],[261589.43540001,1982884.05280001],[261591.31080001,1982880.51820001],[261604.2093,1982860.67440001],[261612.0256,1982852.10170001],[261619.27350001,1982844.15240001],[261624.71450001,1982838.18480001],[261633.0714,1982830.83660001],[261640.42360001,1982824.37170001],[261634.9957,1982811.7414],[261633.3049,1982807.80700001],[261623.1628,1982784.20720001],[261573.3511,1982668.29920001],[261563.69450001,1982645.829],[261552.2717,1982619.2488],[261449.02709999,1982379.0067],[261365.33440001,1982184.26030001],[261363.2522,1982179.3835],[261230.5685,1981868.62440001],[261164.25070001,1981713.30100001],[261041.185,1981459.635],[261034.6046,1981446.0713],[261023.0609,1981426.37920001],[260989.6253,1981369.34200001],[260946.90510001,1981315.37960001],[260939.35440001,1981305.8419],[260871.8855,1981218.52920001],[260868.0591,1981214.5433],[260863.3627,1981209.6512],[260808.83029999,1981152.8467],[260811.5027,1981147.6893],[260814.9606,1981141.01570001],[260816.9489,1981138.25860001],[260818.184,1981136.54590001],[260871.42340001,1981058.2685],[260875.1127,1981054.05480001],[260891.96640001,1981030.74200001],[260895.1543,1981026.33240001],[260899.3507,1981020.52770001],[260919.72370001,1980996.9797],[260941.41950001,1980972.1088],[260976.39750001,1980938.3744],[260989.75500001,1980924.95010001],[261008.23380001,1980906.3789],[261027.06080001,1980887.4578],[260438.94410001,1980593.85430001],[260436.02130001,1980592.3388],[260412.47330001,1980580.6971],[260393.8434,1980572.7279],[260375.1141,1980564.71620001],[260356.699,1980554.76790001],[260316.9056,1980534.6595],[260299.7182,1980526.4521],[260266.48650001,1980508.2487],[260237.4881,1980495.5487],[260219.70810001,1980487.2937],[260203.40970001,1980479.2504],[260189.6514,1980470.99530001],[260178.00970001,1980462.31700001],[260168.0613,1980454.69700001],[260161.288,1980446.23030001],[260152.8742,1980436.8552],[260136.9992,1980420.98020001],[260115.17100002,1980402.327],[260098.8991,1980387.24570002],[260077.46780001,1980371.3707],[260062.9605,1980361.98820001],[260053.8299,1980356.08300002],[260036.7407,1980343.0413],[260021.6565,1980331.52970001],[260002.81810001,1980316.9246],[259968.21050001,1980287.64840001],[259949.1605,1980273.0434],[259939.8158,1980268.8119],[259937.9421,1980267.9634],[259931.21910001,1980265.6249],[259923.3371,1980262.8834],[259912.96540001,1980259.07340001],[259893.9154,1980252.0883],[259872.9603,1980243.41],[259861.6226,1980238.73770001],[259858.29620001,1980244.3272],[259856.23250001,1980250.836],[259855.59750001,1980263.21850001],[259854.96250001,1980284.8086],[259855.59750001,1980303.8586],[259854.3804,1980312.48400001],[259853.28020001,1980316.20780001],[259831.14990001,1980311.90190001],[259810.77700001,1980307.404],[259788.2873,1980303.1707],[259756.5373,1980294.17480001],[259693.47810001,1980277.6824],[259659.0822,1980268.6866],[259606.16540001,1980254.39900001],[259575.73830001,1980245.6678],[259573.07290001,1980245.2575],[259565.51210001,1980244.0935],[259553.2354,1980240.7068],[259540.3238,1980236.8968],[259528.4704,1980232.87520001],[259521.9087,1980229.7001],[259510.69040001,1980223.3501],[259503.0703,1980219.7518],[259496.72030001,1980215.3068],[259483.22660001,1980207.6603],[259467.3515,1980200.91340002],[259452.2702,1980193.3728],[259404.24830001,1980167.57590001],[259376.3789,1980154.17500001],[259381.3398,1980137.30770001],[259388.28510001,1980121.7634],[259396.22270001,1980104.56550001],[259407.1367,1980087.89670001],[259420.36590001,1980067.72220002],[259427.2475,1980054.9785],[259429.2956,1980051.18570001],[259431.76300001,1980042.3742],[259434.7117,1980031.84390001],[259436.36000001,1980025.9576],[259437.8417,1980009.02430001],[259436.99500001,1979995.26590001],[259432.76170001,1979968.1725],[259425.5386,1979934.3455],[259419.8235,1979912.27920001],[259414.1085,1979892.11790001],[259410.29850001,1979879.7353],[259408.8698,1979876.2428],[259403.94850001,1979868.517],[259396.011,1979854.22950001],[259390.296,1979844.06940001],[259384.8985,1979830.57570001],[259381.56470001,1979821.0506],[259380.29470001,1979812.47810001],[259379.18350001,1979801.36560001],[259378.2102,1979786.62720001],[259378.07220001,1979784.5381],[259377.6426,1979779.1684],[259377.43720002,1979776.60060001],[259376.1672,1979770.2505],[259374.4904,1979764.00970001],[259372.2679,1979757.5009],[259368.93410001,1979749.2459],[259365.2829,1979738.13340002],[259362.7429,1979730.83090001],[259361.47290001,1979723.2108],[259358.77410001,1979708.92330001],[259357.05430001,1979688.1535],[259355.996,1979668.7066],[259356.5252,1979659.4461],[259353.2179,1979654.419],[259351.0355,1979651.82740001],[259348.9845,1979649.39190001],[259344.7512,1979646.74610001],[259339.1949,1979644.62940001],[259332.0512,1979643.04190001],[259322.26150001,1979640.9253],[259313.80360001,1979640.40740001],[259309.29690001,1979640.1315],[259303.08320001,1979639.34250001],[259297.382,1979638.61850001],[259292.62820001,1979638.0148],[259279.66350001,1979636.9565],[259269.7247,1979635.1216],[259262.4656,1979633.78150001],[259250.0302,1979630.60650001],[259238.65300001,1979626.9023],[259223.12200001,1979620.5258],[259215.69170001,1979615.5979],[259214.232,1979611.63580001],[259212.75030001,1979606.13250001],[259212.327,1979596.81910001],[259212.7503,1979586.2358],[259213.59700001,1979561.04740001],[259213.9517,1979538.8789],[259214.0203,1979534.58900001],[259215.4215,1979512.67500001],[259215.97160001,1979504.07260001],[259214.32820001,1979476.6563],[259214.09180001,1979472.71250001],[259212.18700001,1979463.98130001],[259211.6112,1979461.3425],[259211.1498,1979458.95830001],[259210.3612,1979450.16990001],[259210.2344,1979448.01040001],[259208.4073,1979416.89790001],[259208.40730001,1979410.40210001],[259208.17330001,1979405.23790001],[259206.84700001,1979376.84240001],[259205.88030001,1979362.8929],[259204.6083,1979344.53660001],[259204.96600001,1979338.6935],[259205.87830001,1979323.79320001],[259208.15760657,1979310.25597557],[259209.0744,1979303.8174],[259214.55620001,1979279.0522],[259218.1814,1979262.6743],[259218.8179,1979259.836],[259223.42150001,1979239.3066],[259224.278,1979235.48710001],[259227.971,1979219.01800002],[259235.37940001,1979184.6221],[259238.30600001,1979166.3795],[259238.8303,1979163.1115],[259206.96730155,1979158.57108911],[259165.6216,1979152.67940001],[258925.2455,1979118.4265],[258843.7378,1979106.42410001],[258819.5363,1979102.8603],[258777.49470001,1979097.21240001],[258641.54110001,1979078.94810002],[258596.4209,1979070.7797],[258573.75820001,1979066.67690001],[258566.50690001,1979065.3642],[258524.53450001,1979059.5845],[258461.1583,1979050.85740001],[258441.38350001,1979047.6782],[258389.7517,1979039.3058],[258366.4616,1979035.72910001],[258299.00910001,1979026.1851],[258265.6652,1979021.86830001],[258200.28390001,1979010.2092],[258199.6687,1979012.979],[258198.76100001,1979017.0659],[258184.39120001,1979081.7652],[258176.9698,1979115.17960001],[258154.74480001,1979216.25060001],[258143.10310001,1979268.10910001],[258130.4031,1979330.5509],[258113.4697,1979415.21770001],[258099.71130001,1979478.71780001],[258091.2446,1979508.3512],[258072.1946,1979562.32630001],[258063.4876,1979584.63810001],[258055.26120001,1979605.7181],[258037.26950001,1979645.93480001],[258022.45280001,1979672.3932],[258020.57010001,1979675.0946],[257998.1111,1979707.3183],[257966.36110001,1979750.71],[257910.26930001,1979827.96850001],[257874.8937,1979871.9028],[257844.6525,1979909.46040001],[257812.1784,1979950.7877],[257797.004,1979970.099],[257776.98000001,1979996.6014],[257695.895,1980103.9196],[257692.0974,1980108.9459],[257689.1004,1980112.91260001],[257639.71930001,1980179.3593],[257613.20150001,1980215.0413],[257592.86580001,1980242.40480001],[257571.51270001,1980271.1373],[257519.03020001,1980341.75720001],[257466.51110001,1980412.42620001],[257464.0369,1980420.74840001],[257450.5432,1980443.7672],[257430.69940001,1980465.1985],[257404.5056,1980496.94860001],[257352.3451,1980565.87640001],[257350.18900001,1980568.77010001],[257325.518,1980601.8811],[257245.21600001,1980709.65489999],[257239.8558,1980716.83760001],[257134.53260001,1980855.86410001],[257130.10720001,1980862.0924],[257077.3825,1980936.29760001],[257046.9854,1980992.4154],[257039.61320001,1981006.0256],[257030.04050001,1981023.69840001],[257009.1611,1981056.5324],[256977.5551,1981115.1358],[256967.73730001,1981133.33980001],[256956.9883,1981153.2705],[256937.4753,1981189.4512],[256908.65920001,1981432.9476],[256889.14340001,1981597.8559],[256858.36000001,1981857.9755],[256853.5334,1981899.627],[256841.1468,1982006.51880001],[256834.5537,1982063.41460001],[256826.0403,1982136.88190001],[256809.46577527,1982279.91259016],[256933.07201072,1982287.66855281],[257024.1248,1981982.60150001],[257273.22760001,1982057.0849],[257123.8978,1982556.5046],[257002.0763,1982963.92570001],[256938.2555,1983177.3684],[256919.8461,1983238.9371],[256896.116,1983318.30030001],[256894.16450001,1983324.8267],[256890.4199,1983337.3503],[256886.487,1983350.50350001],[256837.6142,1983337.3503],[256791.0805,1983324.8267],[256766.83060001,1983318.30030001],[256701.4513,1983300.70470001],[256691.0173,1983409.3411],[256683.73460001,1983485.16620001],[256669.8032,1983596.6176],[256667.8596,1983612.16650001],[256648.0158,1983719.3229],[256620.23450001,1983778.8543],[256540.85940001,1983905.8546],[256501.1718,1983997.136],[256486.207,1984046.1118],[256479.15070001,1984069.20510001],[256457.5154,1984140.0113],[256456.1647,1984146.31440001],[256433.7029,1984251.1365],[256486.207,1984253.6367],[256683.73460001,1984263.04280001],[256706.98340001,1984263.4655],[256902.0163,1984267.01150001],[256799.25970001,1984481.27010001],[256592.4969,1984468.7124],[256580.547,1984490.7937],[256539.53650001,1984563.0251],[256525.80940001,1984589.4312],[256517.05790001,1984606.26580001],[256515.15610001,1984611.0659],[256513.2766,1984615.80960001],[256510.96140001,1984623.0856],[256510.30000001,1984629.0388],[256510.63070001,1984635.65340001],[256511.2035,1984643.6727],[256514.26870001,1984656.15860001],[256522.54390001,1984681.6205],[256540.0657,1984735.5338],[256547.59299999,1984759.16030001],[256553.6744,1984778.24830001],[256570.6957,1984831.674],[256571.5291,1984834.28970001],[256584.48580001,1984873.49620001],[256591.90210001,1984895.9377],[256596.75760001,1984910.7788],[256598.373,1984915.7164],[256612.99320001,1984960.4033],[256625.83489999,1984999.65460001],[256626.854,1985003.8441],[256789.65964273,1985000.49836691],[257447.8959,1984986.9713],[257719.5805,1984981.388],[257814.8359,1984988.11549999],[257811.5918,1985028.8759],[257811.11220001,1985036.71640001],[257808.8798,1985073.25570001],[257808.8798,1985111.2442],[257807.5569,1985134.72599999],[257805.57250001,1985155.56200001],[257805.24180001,1985177.7209],[257802.9267,1985196.90320001],[257801.60370001,1985242.0754],[257798.9579,1985265.2265],[257798.9579,1985284.7395],[257798.9579,1985292.67710001],[257797.9657,1985299.2917],[257792.674,1985307.55990001],[257787.7131,1985320.1276],[257784.0751,1985334.34900001],[257783.2751,1985337.8396],[257780.43700001,1985350.22400001],[257779.93300001,1985352.7442],[257779.4448,1985355.18500001],[257770.18440001,1985386.6043],[257752.5036,1985439.02260001],[257750.93499999,1985443.67320001],[257742.07239999,1985469.9482],[257717.2676,1985548.99270001],[257715.61840001,1985559.1659],[257715.4596,1985566.3097],[257715.45960001,1985572.6597],[257719.5871,1985588.2172],[257727.2072,1985618.221],[257749.74970001,1985692.41040001],[257751.83530001,1985699.36240001],[257771.5779,1985765.17090001],[257779.2243,1985781.92790001],[257792.98269999,1985824.89630001],[257805.89440001,1985868.9231],[257820.11580001,1985917.72560001],[257831.5458,1985954.8731],[257852.84660001,1986022.30230001],[257866.0758,1986063.9743],[257883.7183,1986122.9664],[257887.2425,1986134.7505],[257922.63060001,1986251.49810001],[257930.1276,1986275.86350001],[257957.5556,1986365.00460001],[257994.75610001,1986485.91940001],[258018.94350001,1986560.7966],[258022.2508,1986576.67170002],[258024.8966,1986585.2706],[258032.1727,1986605.11440001],[258068.22220001,1986719.67930002],[258085.8537,1986780.8186],[258086.6108,1986783.444],[258088.9921,1986794.95340001],[258094.15150001,1986806.06589999],[258099.3108,1986820.7503],[258109.22480001,1986853.11380001],[258119.5515,1986887.0285],[258121.5727,1986893.95850001],[258127.8859,1986915.60360001],[258137.8078,1986934.0583],[258146.5391,1986941.59900001],[258157.65160001,1986951.124],[258181.0673,1986969.38030001],[258239.80490001,1987015.41790001],[258318.38630001,1987076.9336],[258340.21450001,1987094.3961],[258351.72390001,1987108.28680001],[258363.6301,1987119.79620001],[258381.0927,1987132.89310001],[258398.5552,1987144.79940001],[258426.33650001,1987163.4525],[258455.7053,1987186.0745],[258485.0741,1987207.5057],[258533.3607,1987242.29850001],[258556.72020001,1987260.4071],[258567.7566,1987267.7647],[258576.35560001,1987273.05640001],[258594.98830001,1987279.0034],[258634.29990001,1987302.04220001],[258809.8051,1987410.04690001]],[[258005.36275354,1983494.18901755],[257960.0936272,1982710.93879175],[257956.75741071,1982683.0180538],[257921.39279788,1982387.05199666],[257872.54449505,1982154.46732374],[257783.33463511,1982004.88450701],[257691.85332922,1981875.55520563],[257522.96725469,1981706.74795877],[257531.34483315,1981393.8611788],[257507.20685945,1981096.88846671],[257544.12841006,1980953.86271219],[257606.45005368,1980924.88641352],[257667.03358231,1980875.30263098],[257710.35256899,1980765.92951685],[257728.729017,1980726.11314839],[257787.79179023,1980725.40930961],[257830.32932684,1981369.81422421],[257921.13532003,1981370.59988775],[257949.64476812,1981370.84664067],[258022.19816307,1982203.6699106],[258023.61157811,1982233.10490164],[258042.70269177,1982630.67836579],[258043.54603794,1982648.24077752],[258046.95858064,1982719.30560359],[258048.40945494,1982749.51934278],[258070.50178978,1983209.57146432],[258071.24725571,1983219.16563228],[258097.67017421,1983559.22730524],[258099.06851448,1983577.22376525],[258101.4388376,1983607.7294943],[258063.69952032,1983693.84742293],[258030.32630332,1983770.0027645],[258005.36275354,1983494.18901755]]]]},"geometry_name":"geometry","properties":{"ogc_fid":15,"zoning":"UEb","zone_name":"City-Expansion Zone (sub-center)","h":0,"e":0,"cos":0}},{"type":"Feature","id":"glup2030_cdudcp_v1.16","geometry":{"type":"MultiPolygon","coordinates":[[[[258200.2839,1979010.2092],[258265.6652,1979021.8683],[258299.0091,1979026.1851],[258366.4616,1979035.7291],[258389.7517,1979039.3058],[258441.3835,1979047.6782],[258461.1583,1979050.8574],[258524.5345,1979059.5845],[258566.5069,1979065.3642],[258573.7582,1979066.6769],[258596.4209,1979070.7797],[258641.5411,1979078.9481],[258777.4947,1979097.2124],[258819.5363,1979102.8603],[258843.7378,1979106.4241],[258925.2455,1979118.4265],[259165.6216,1979152.6794],[259206.96730155,1979158.57108911],[259238.8303,1979163.1115],[259319.7824,1979174.8745],[259480.7023,1979199.4588],[259551.94620031,1979209.72319783],[259659.67,1979225.2434],[259674.881,1979227.5481],[259814.3603,1979248.6812],[259899.565,1979262.249],[259968.6768,1979274.5571],[260002.8188,1979280.6375],[260120.3602,1979298.8144],[260174.42727448,1979308.97836649],[260258.2168,1979324.7298],[260384.9242,1979344.5775],[260412.1661,1979352.0334],[260438.5258,1979359.2478],[260510.359,1979381.6149],[260567.2446,1979398.8128],[260620.6905,1979417.0691],[260633.2139,1979421.5983],[260679.4612,1979438.324],[260720.4717,1979457.5063],[260732.7087,1979463.4595],[260820.0214,1979508.4387],[260888.1517,1979541.8424],[260971.4758,1979584.9211],[260975.6833,1979587.8245],[261078.6241,1979639.8607],[261085.9282,1979643.5529],[261141.8877,1979672.1279],[261349.3545,1979778.0276],[261415.0815,1979811.6121],[261440.217,1979824.5106],[261462.3759,1979834.1018],[261483.8733,1979844.3544],[261498.0947,1979851.9612],[261502.5111,1979854.8695],[261511.6546,1979860.8909],[261547.0427,1979889.0029],[261565.1359,1979904.7531],[261593.0142,1979929.0212],[261659.8101,1979986.3311],[261748.2698,1980062.2282],[261778.6395,1980087.4971],[261850.6637,1980147.4242],[261888.5654,1980180.3472],[261897.0602,1980187.1995],[261918.3418,1980204.3662],[261978.5644,1980254.2056],[262068.2366,1980328.4171],[262084.9658,1980342.3188],[262102.2587,1980356.689],[262104.7304,1980358.7429],[262140.2508,1980389.6331],[262167.2383,1980412.1227],[262191.3154,1980436.729],[262216.7155,1980464.5103],[262221.9141,1980470.3817],[262262.4204,1980516.1306],[262276.5115,1980532.0453],[262299.4312,1980559.9857],[262301.9919,1980563.1073],[262318.1834,1980582.8454],[262364.6179,1980647.9331],[262369.0822,1980654.3252],[262399.5429,1980697.9394],[262416.126,1980720.8831],[262428.5149,1980738.0239],[262497.8336,1980846.8735],[262557.7604,1980940.9749],[262652.28,1981089.3969],[262720.3532,1981186.8637],[262770.5293,1981258.7056],[262824.7687,1981341.0692],[262859.8263,1981394.3048],[262941.1859,1981519.9822],[262963.6755,1981559.6697],[262982.5528,1981599.6025],[262998.0714,1981632.4303],[263018.0475,1981670.7685],[263020.9377,1981677.4481],[263046.6225,1981736.8086],[263070.0382,1981795.9431],[263117.6633,1981890.3996],[263147.0321,1981959.456],[263178.6449,1982032.6064],[263265.1915,1981984.7699],[263342.9791,1981938.7323],[263361.3285,1981925.8877],[263561.1408,1982293.8854],[263582.6165,1982323.0989],[263608.8103,1982363.5802],[263627.4635,1982393.7428],[263648.101,1982433.8273],[263667.9448,1982467.9586],[263686.2011,1982496.9305],[263702.473,1982524.7118],[263723.1105,1982566.7807],[263726.7386,1982573.1611],[263734.6199,1982587.0213],[263758.4325,1982623.9308],[263789.7857,1982675.5246],[263813.2013,1982712.4341],[263818.9578,1982722.0674],[263832.6483,1982744.9779],[263877.0984,1982814.4312],[263905.2765,1982864.4375],[263934.6453,1982912.0626],[263943.6646,1982926.3189],[263951.5956,1982938.8549],[263958.2221,1982949.3291],[263963.8885,1982957.701],[263968.5868,1982964.4952],[263974.2156,1982972.2948],[264026.8255,1982946.8896],[264157.285,1982883.891],[264195.3276,1982865.9389],[264232.6617,1982848.3212],[264246.9439,1982841.5816],[264272.4517,1982829.5446],[264323.3879,1982805.5081],[264187.0411,1982469.5198],[264040.197,1982116.3004],[263917.1655,1981842.4561],[263853.6654,1981703.5495],[263770.3215,1981544.7992],[263706.8021,1981435.4047],[263663.165,1981360.252],[263587.7586,1981257.0643],[263389.3207,1981011.0013],[263291.0885,1980902.0916],[263206.7579,1980808.5946],[263123.414,1980693.5006],[263048.0076,1980605.7911],[262898.3957,1980601.6513],[262780.5186,1980596.1984],[262689.2371,1980590.9067],[262615.1536,1980579.0004],[262549.0077,1980548.5733],[262484.1846,1980502.2711],[262412.4412,1980442.255],[262346.601,1980387.1771],[262335.0719,1980375.648],[262252.6737,1980293.2499],[262173.034,1980221.8122],[262088.3672,1980135.8225],[262047.3567,1980096.1349],[261948.1377,1980014.7753],[261867.4396,1979951.2752],[261835.2249,1979928.8399],[261793.3562,1979899.6814],[261763.5996,1979879.8436],[261741.7623,1979865.2855],[261729.6649,1979858.3141],[261694.4345,1979838.0118],[261663.7101,1979820.3062],[261559.1994,1979767.3894],[261380.6053,1979685.3684],[261217.8863,1979619.2225],[261097.7487,1979563.1637],[260912.9811,1979470.78],[260907.2684,1979468.359],[260817.1158,1979430.1524],[260683.7655,1979376.1773],[260559.1465,1979330.1397],[260517.6069,1979319.5563],[260480.5651,1979318.498],[260459.7429,1979320.4811],[260436.115,1979322.7313],[260366.2649,1979316.3813],[260297.4731,1979304.7396],[260235.5454,1979293.3161],[260188.4645,1979284.6313],[260055.1143,1979261.3479],[260042.3991,1979258.8573],[259952.4557,1979241.2395],[259890.3732,1979227.4434],[259864.6346,1979221.7237],[259838.1555,1979215.8395],[259766.1887,1979197.8478],[259688.9302,1979163.981],[259602.1467,1979116.3559],[259536.5299,1979078.2559],[259511.6346,1979069.6981],[259502.6632,1979066.6142],[259442.3381,1979049.1516],[259387.3046,1979038.5683],[259305.8128,1979030.1016],[259269.8294,1979025.8682],[259219.0293,1979012.1099],[259134.3624,1978983.5348],[259078.2707,1978962.3681],[259026.4122,1978942.2597],[258984.0788,1978927.4431],[258925.8704,1978912.6264],[258863.4286,1978897.8097],[258808.3951,1978880.8763],[258733.2533,1978859.7096],[258638.0031,1978835.3679],[258560.7446,1978820.5512],[258491.9528,1978807.8511],[258410.461,1978794.0928],[258346.9609,1978782.4511],[258261.2357,1978766.5761],[258163.8688,1978752.8177],[258053.8019,1978734.826],[257980.7768,1978726.3593],[257878.7646,1978709.0537],[257863.4338,1978706.4529],[257750.0597,1978692.4926],[257710.2663,1978686.6717],[257569.5076,1978673.9717],[257514.4742,1978668.68],[257441.449,1978657.0383],[257373.3346,1978643.4155],[257330.3238,1978634.8133],[257240.3653,1978614.7049],[257158.8735,1978599.8882],[257103.84,1978591.4215],[257056.2149,1978581.8965],[257005.4148,1978571.3132],[256915.4563,1978546.9715],[256787.3977,1978513.1047],[256711.1976,1978492.9963],[256648.7558,1978476.063],[256528.1056,1978440.0796],[256425.447,1978408.3295],[256360.7147,1978385.7246],[256358.7719,1978385.0461],[256302.6801,1978362.8211],[256239.18,1978337.9502],[256159.8048,1978304.0835],[256080.4297,1978268.1001],[255999.9962,1978228.9417],[255920.621,1978189.7832],[255830.6625,1978145.3332],[255744.9373,1978094.5331],[255664.5038,1978055.3746],[255620.1379,1978030.7269],[255588.3037,1978013.0412],[255488.8201,1977959.0661],[255415.795,1977920.4369],[255337.4782,1977867.5201],[255269.7447,1977814.6033],[255228.4696,1977782.8533],[255156.5028,1977737.3448],[255090.886,1977697.1281],[254977.6441,1977618.8113],[254902.5023,1977571.7153],[254868.6356,1977545.257],[254832.6522,1977508.2152],[254792.4354,1977464.8235],[254744.8103,1977403.44],[254716.2353,1977371.6899],[254700.3602,1977358.9899],[254667.5518,1977329.3565],[254625.2184,1977284.9064],[254571.2433,1977220.348],[254555.8933,1977202.2975],[254528.0693,1977169.5785],[254514.0932,1977153.1437],[254468.9401,1977104.7653],[254440.0097,1977073.7685],[254376.5096,1977000.7434],[254295.0178,1976905.4932],[254241.0426,1976842.5222],[254223.0509,1976815.0055],[254193.4176,1976768.4387],[254155.3175,1976711.2886],[254117.2174,1976660.4885],[254094.9924,1976630.8551],[254072.7673,1976594.8717],[254032.5506,1976528.1966],[253996.5672,1976464.6965],[253973.2838,1976421.3047],[253933.067,1976349.8671],[253922.0524,1976331.9683],[253899.2003,1976294.8336],[253891.3165,1976279.723],[253886.5003,1976270.4919],[253869.5669,1976226.0418],[253846.2835,1976181.5917],[253821.9418,1976145.6083],[253808.1834,1976128.675],[253790.1917,1976111.7416],[253795.1745,1976125.6938],[253776.03934307,1976127.41653183],[253727.10900383,1976131.82171406],[253721.37722213,1976132.33774447],[253723.655,1976142.3082],[253729.2536,1976169.4794],[253735.1988,1976198.33305],[253741.144,1976227.1867],[253757.8128,1976280.3681],[253773.9568,1976316.0909],[253776.466,1976321.6432],[253787.3855,1976342.553],[253795.1191,1976357.362],[253828.3773,1976428.8936],[253856.5093,1976486.8408],[253928.0725,1976634.249],[254004.5661,1976791.5476],[254070.8381,1976927.8269],[254080.1316,1976947.4726],[254106.9745,1977004.0061],[254147.5184,1977089.395],[254171.4805,1977136.7812],[254177.5308,1977148.7461],[254192.405,1977178.1606],[254202.3067,1977198.7986],[254206.5074,1977207.2578],[254274.5183,1977344.2166],[254329.5176,1977454.973],[254444.0827,1977692.9978],[254455.9424,1977720.0847],[254465.4983,1977751.328],[254500.3315,1977753.8953],[254537.5762,1977757.6502],[254569.3263,1977761.0369],[254589.4347,1977764.2119],[254601.7114,1977766.5402],[254629.3868,1977771.8054],[254653.5963,1977778.1554],[254684.9495,1977786.4898],[254715.9058,1977797.6024],[254756.3871,1977816.6524],[254766.7688,1977822.0023],[255024.4767,1977954.8049],[255118.9164,1978004.2567],[255151.1476,1978021.1341],[255176.7403,1978033.0379],[255193.6221,1978043.5514],[255197.4197,1978045.9164],[255200.4659,1978047.6462],[255265.3097,1978084.4664],[255269.2806,1978087.2251],[255280.5625,1978095.0631],[255303.0129,1978110.6602],[255308.1481,1978114.7213],[255363.7349,1978158.6822],[255366.2702,1978160.705],[255443.0969,1978222.0037],[255528.3767,1978289.4968],[255541.3957,1978299.8005],[255585.0521,1978329.5661],[255667.3176,1978367.6584],[255679.9054,1978373.4871],[255740.0982,1978396.6712],[255928.7796,1978468.5057],[256015.5629,1978502.1594],[256125.9607,1978544.9705],[256184.9094,1978567.5381],[256508.6019,1978690.227],[256708.6273,1978732.2958],[256755.2775,1978740.3625],[256803.5135,1978748.7034],[256808.0844,1978749.4938],[256928.4737,1978772.7897],[256931.3143,1978773.3394],[256994.0638,1978783.8261],[257006.9847,1978785.9854],[257188.438,1978824.5946],[257191.7034,1978825.2894],[257197.0697,1978826.2303],[257323.7308,1978848.4404],[257384.7703,1978862.8691],[257465.994,1978878.5245],[257618.1332,1978907.8483],[257743.2726,1978931.1361],[257753.6846,1978933.1902],[257788.3656,1978940.0318],[257828.5487,1978947.9589],[257881.5838,1978958.4213],[257990.9174,1978976.1878],[258200.2839,1979010.2092]]]]},"geometry_name":"geometry","properties":{"ogc_fid":16,"zoning":"UCb","zone_name":"Mekong Riverbank Zone","h":10,"e":0.5,"cos":1}},{"type":"Feature","id":"glup2030_cdudcp_v1.17","geometry":{"type":"MultiPolygon","coordinates":[[[[247750.3798,1985411.4537],[247777.8322,1985408.1184],[247801.3273,1985409.2296],[247820.6948,1985410.8171],[247832.4423,1985413.1984],[247844.1899,1985415.7384],[247853.7149,1985421.1359],[247859.7474,1985426.5334],[247864.3512,1985432.7247],[247867.0499,1985437.9634],[247868.6374,1985444.3134],[247870.0662,1985456.5372],[247871.6537,1985506.5436],[247875.0933,1985526.9165],[247880.6495,1985557.0791],[247893.5718,1985596.3116],[247903.7318,1985623.405],[247914.3681,1985648.1502],[247921.9881,1985659.5802],[247930.7194,1985668.7877],[247942.7844,1985678.3127],[247959.9294,1985689.2665],[247995.3175,1985709.785],[248015.7963,1985722.485],[248040.0851,1985738.0425],[248059.4527,1985753.1238],[248074.9308,1985766.4147],[248092.8167,1985783.6656],[248106.8925,1985798.9056],[248132.5519,1985833.0317],[248147.3686,1985856.315],[248159.8569,1985878.9634],[248170.8636,1985903.5168],[248182.2102,1985935.3007],[248202.1705,1985994.4857],[248211.886,1986024.3314],[248212.8535,1986027.3033],[248216.7967,1986040.0435],[248218.5246,1986046.8544],[248224.0728,1986068.7244],[248228.2973,1986090.1504],[248232.901,1986123.3292],[248233.7148,1986134.7957],[248234.6473,1986147.9355],[248235.3352,1986189.5149],[248234.4885,1986209.8349],[248229.2831,1986264.0469],[248225.3935,1986304.5559],[248215.7815,1986400.8753],[248214.9114,1986409.5946],[248214.7096,1986411.6172],[248203.6916,1986506.5979],[248201.9686,1986521.4506],[248199.3174,1986544.3054],[248186.4231,1986636.3745],[248183.1452,1986652.5305],[248176.435,1986685.6037],[248168.1254,1986723.8367],[248163.8673,1986743.4285],[248154.6045,1986792.5065],[248153.8512,1986796.4982],[248150.9989,1986814.3887],[248134.6576,1986879.9122],[248130.7296,1986892.8252],[248129.1892,1986896.8061],[248125.0023,1986907.681],[248102.345,1986966.5563],[248096.9221,1986979.4547],[248091.696,1986991.8849],[248086.6273,1987000.6529],[248091.51305,1987002.7595],[248096.3988,1987004.8661],[248105.5923,1987009.1597],[248113.8299,1987013.0069],[248136.338,1987021.529],[248145.2016,1987024.1749],[248148.51336237,1987025.02617349],[248151.13286753,1987025.69950409],[248166.82700071,1987029.73359725],[248173.08059721,1987031.34101088],[248178.3605,1987032.6982],[248193.45110143,1987035.44199212],[248198.94319335,1987036.44056321],[248223.9187,1987040.9816],[248229.8443,1987042.059],[248245.4072,1987044.8888],[248251.4013,1987046.4353],[248260.9515,1987050.0734],[248263.0711,1987051.3538],[248265.113,1987052.5872],[248269.7547,1987056.0844],[248274.73553666,1987060.84859319],[248282.694,1987068.4609],[248293.1524,1987079.9654],[248296.47565933,1987084.18183765],[248298.59910888,1987086.875993],[248309.6572,1987100.906],[248313.68510491,1987106.94779673],[248315.2135,1987109.2403],[248318.1239,1987114.9289],[248320.6374,1987121.0143],[248321.9604,1987126.0414],[248322.22319453,1987131.05330029],[248322.88431482,1987143.66319923],[248323.0716,1987147.2346],[248323.2304,1987162.6334],[248322.404,1987177.8781],[248322.9129,1987189.0918],[248323.4604,1987195.7028],[248324.0484,1987198.6825],[248327.5743,1987205.9828],[248335.7336,1987206.2316],[248342.5246,1987208.3738],[248344.73880438,1987209.07228612],[248351.81020186,1987211.30299412],[248382.9728,1987221.1332],[248406.1266,1987228.4371],[248413.1267,1987230.5583],[248421.1791,1987232.9984],[248428.5259,1987234.5454],[248430.68060125,1987234.8032896],[248438.2011,1987235.7033],[248474.81219992,1987236.75240286],[248527.8628,1987238.1839],[248685.11525034,1987235.18006079],[248690.17764652,1987235.08335881],[248733.0296,1987234.2648],[248741.1635,1987233.075],[248752.0211,1987230.4528],[248766.3087,1987226.2459],[248773.8546,1987223.9943],[248810.2033,1987210.4672],[248863.5059,1987195.2516],[248884.5316,1987189.6172],[248892.0999,1987188.1357],[248912.5597,1987185.2503],[248938.1185,1987181.4403],[248962.2155,1987177.9213],[248975.9999,1987175.656],[248980.1418,1987175.1213],[248997.8904,1987172.1118],[249027.0271,1987166.6501],[249051.7922,1987160.6175],[249068.9372,1987155.5375],[249117.409,1987137.8633],[249153.4982,1987125.6925],[249179.5756,1987117.9455],[249205.5577,1987110.7223],[249219.2181,1987107.0459],[249270.0963,1987095.9652],[249321.0037,1987090.3607],[249383.5552,1987084.8456],[249436.1756,1987078.6861],[249457.6417,1987075.4968],[249472.6621,1987072.2713],[249480.7234,1987056.6607],[249482.7287,1987056.1234],[249484.7969,1987055.9425],[249486.865,1987056.1234],[249488.8703,1987056.6607],[249490.7519,1987057.5381],[249492.4525,1987058.7289],[249493.9204,1987060.1968],[249495.1112,1987061.8974],[249495.9886,1987063.779],[249496.5259,1987065.7843],[249496.7068,1987067.8524],[249548.0911,1987072.5565],[249593.3215,1987072.1585],[249683.155,1987067.2207],[249747.3744,1987062.3394],[249785.4844,1987061.2414],[249805.9624,1987060.6515],[249824.6988,1987060.5505],[249834.4895,1987060.4978],[249839.3106,1987060.4718],[249866.0792,1987060.9623],[249888.6549,1987060.5295],[249896.8675,1987060.372],[249948.1438,1987060.6895],[250016.7266,1987063.0932],[250069.2731,1987064.9348],[250076.4803,1987065.1874],[250159.0864,1987066.2713],[250163.1047,1987066.1631],[250177.7167,1987065.7695],[250305.3414,1987062.5123],[250373.4289,1987059.5556],[250376.3329,1986969.9392],[250378.9059,1986894.5413],[250380.7608,1986840.18690001],[250382.2861,1986795.4903],[250386.4583,1986683.41800001],[250387.7365,1986649.0828],[250395.5946,1986519.41020001],[250398.9284,1986454.79890001],[250399.0695,1986452.5859],[250402.0221,1986406.29510001],[250403.1617,1986388.42800001],[250410.3584,1986265.2113],[250412.5088,1986208.5372],[250414.7802,1986184.90050001],[250416.9233,1986162.59950001],[250419.8486,1986136.0572],[250424.2379,1986096.2327],[250428.1154,1986057.4013],[250433.3636,1986004.8433],[250438.098,1985951.2925],[250441.0773,1985917.59320001],[250443.1452,1985892.39830001],[250443.9168,1985878.57010001],[250445.576,1985848.83370001],[250446.2977,1985801.129],[250446.6787,1985715.2768],[250449.7614,1985636.6786],[250452.1056,1985588.5728],[250456.9512,1985552.26010001],[250465.6295,1985507.81],[250471.8986,1985486.2569],[250478.5002,1985463.56090001],[250489.1893,1985434.13920001],[250495.4318,1985419.8005],[250497.608,1985415.42790001],[250506.9676,1985396.6229],[250523.9542,1985366.04380001],[250535.9166,1985346.20760001],[250610.3141,1985220.9128],[250620.0933,1985204.56750001],[250691.3682,1985085.43590001],[250727.664,1985025.05940001],[250743.4163,1984998.85610001],[250773.1654,1984949.3696],[250779.3688,1984939.0505],[250826.5574,1984861.038],[250861.1186,1984803.8878],[250878.5812,1984774.04280001],[250893.4045,1984748.4099],[250899.9711,1984737.05480001],[250903.2341,1984732.64650001],[250943.025,1984665.6692],[250952.8841,1984648.84060001],[250956.8363,1984642.0948],[250970.1872,1984617.1075],[250984.686,1984589.0331],[250988.6791,1984579.37270001],[250990.0575,1984576.038],[251003.5416,1984543.4165],[251006.4138,1984536.46790001],[251012.5604,1984518.71330001],[251018.0548,1984502.8426],[251023.9053,1984483.1533],[251024.934,1984479.6915],[251028.7801,1984464.6064],[251048.166,1984388.5729],[251056.4221,1984356.1917],[251081.2401,1984256.7434],[251105.6876,1984159.12080001],[251111.8011,1984133.4782],[251115.2126,1984119.1686],[251124.3408,1984082.52380001],[251125.1762,1984079.2604],[251144.4428,1984004.00260001],[251151.2115,1983977.5633],[251169.3675,1983906.1966],[251175.659,1983881.4665],[251201.0326,1983783.3522],[251225.3875,1983682.3605],[251245.629,1983590.62],[251246.6821,1983585.84670001],[251260.8616,1983520.8625],[251265.6241,1983490.9645],[251266.5258,1983479.6638],[251267.6085,1983466.0936],[251269.3085,1983438.3553],[251268.356,1983407.0815],[251267.086,1983375.8077],[251265.6572,1983352.7889],[251264.0921,1983332.8637],[251263.89,1983330.2915],[251261.3305,1983316.8416],[251259.2402,1983305.85740001],[251257.1431,1983294.8373],[251252.7775,1983275.39040001],[251245.2721,1983247.5022],[251242.6451,1983239.2291],[251234.6359,1983214.0058],[251218.1258,1983174.1595],[251212.0933,1983162.2532],[251199.993,1983140.02050001],[251189.5631,1983121.5372],[251179.0909,1983102.9787],[251176.6179,1983098.7096],[251148.1566,1983049.5769],[251131.7524,1983021.0018],[251120.3753,1982999.4382],[251094.2256,1982946.56560001],[251089.5604,1982935.31170001],[251079.1443,1982910.18530001],[251067.0234,1982878.2864],[251062.9341,1982867.5244],[251051.2925,1982832.3183],[251041.4499,1982795.4882],[251032.3318,1982764.2029],[251029.0145,1982752.8207],[251022.347,1982718.37190001],[251021.5245,1982713.5904],[251011.8753,1982657.4933],[251009.3559,1982642.8465],[251004.9903,1982614.2714],[250997.6949,1982560.38450001],[250993.8849,1982530.6982],[250990.5392,1982498.8757],[250987.7138,1982472.00200001],[250986.2958,1982458.51530001],[250984.9729,1982440.52360001],[250982.9248,1982402.1396],[250980.8718,1982363.662],[250979.9007,1982340.74960001],[250977.32,1982279.86480001],[250977.0089,1982272.5255],[250976.0564,1982250.77670001],[250974.9291,1982214.6523],[250973.4167,1982166.1888],[250973.2121,1982159.63470001],[250972.9422,1982154.2513],[250971.6556,1982128.59550001],[250969.1327,1982078.2836],[250965.9697,1982021.2395],[250963.2325,1981971.87240001],[250963.0634,1981969.8076],[250954.1572,1981860.99980001],[250940.7098,1981721.67520001],[250937.132,1981688.26110001],[250929.8245,1981620.0125],[250928.527,1981607.89440001],[250928.1156,1981604.05180001],[250919.6279,1981529.8299],[250917.9808,1981515.4263],[250911.5052,1981458.7997],[250906.821,1981417.8377],[250891.2899,1981279.6932],[250890.6024,1981274.3887],[250879.132,1981185.8908],[250874.6211,1981151.08780001],[250870.8281,1981121.4661],[250869.0649,1981107.69600001],[250868.1652,1981103.06400001],[250864.7743,1981085.6059],[250857.7435,1981049.40770001],[250851.0318,1981014.8524],[250842.5095,1980970.97500001],[250831.3935,1980920.6837],[250817.0212,1980855.6605],[250803.5251,1980794.745],[250802.4844,1980790.0479],[250802.0053,1980787.8853],[250796.463,1980761.91840001],[250788.9076,1980728.2229],[250782.7126,1980700.5948],[250780.031,1980688.63560001],[250775.8134,1980669.82590001],[250770.7972,1980647.455],[250762.7484,1980611.5594],[250759.7724,1980599.0176],[250752.994,1980570.4516],[250747.1909,1980545.9955],[250742.0245,1980531.01310001],[250737.6659,1980518.373],[250727.1884,1980496.81340001],[250707.5033,1980462.73500001],[250691.6283,1980441.56820001],[250656.881,1980391.9649],[250647.4428,1980378.4915],[250545.1681,1980237.2024],[250540.8023,1980231.1712],[250503.9391,1980178.21550001],[250479.7193,1980143.4228],[250472.6498,1980133.267],[250410.0423,1980043.3285],[250407.8404,1980040.42070001],[250383.4678,1980061.9168],[250374.8617,1980068.9581],[250368.2581,1980074.4865],[250343.6462,1980095.0909],[250323.2358,1980109.16410001],[250313.0886,1980116.1606],[250246.2705,1980159.7826],[250239.2941,1980164.35230001],[250196.9045,1980192.1182],[250175.3674,1980206.6704],[250149.6657,1980223.54290001],[250133.3271,1980234.4092],[250110.0883,1980249.86460001],[250085.3445,1980266.23970001],[250026.1277,1980303.90030001],[250020.3882,1980307.6799],[249925.4093,1980369.95080001],[249867.672,1980407.8051],[249780.8296,1980461.6766],[249762.3259,1980473.19720001],[249714.8706,1980502.7435],[249666.5161,1980532.84960001],[249587.4673,1980583.0147],[249557.3936,1980601.6519],[249545.0892,1980609.2772],[249540.5036,1980612.1189],[249486.7486,1980645.4865],[249440.3707,1980674.27470001],[249396.5046,1980700.5948],[249376.3606,1980712.6814],[249371.4119,1980716.08690001],[249292.556,1980767.8952],[249286.3122,1980771.9973],[249271.7927,1980781.5366],[249215.4363,1980819.63670001],[249161.8845,1980858.5305],[249123.3082,1980887.2644],[249107.0981,1980899.86800001],[249100.6004,1980904.9202],[249080.0345,1980920.54040001],[249045.9942,1980946.3949],[249035.2547,1980954.0122],[249031.0537,1980957.25900001],[248944.6914,1981024.00430001],[248906.2778,1981052.8893],[248899.6046,1981057.8942],[248897.6665,1981059.3478],[248894.898,1981061.61070001],[248892.0696,1981063.9225],[248876.9628,1981075.09320001],[248865.7426,1981083.6406],[248855.4691,1981091.4669],[248769.1808,1981157.3936],[248719.4713,1981195.80700001],[248684.5072,1981223.3997],[248670.3784,1981235.54410001],[248658.3927,1981246.9741],[248645.19,1981260.6796],[248637.6709,1981268.73330001],[248627.4315,1981280.7189],[248620.8433,1981288.1008],[248575.8742,1981343.6035],[248561.4985,1981361.8028],[248492.5911,1981446.508],[248438.7977,1981512.63420001],[248416.4022,1981540.99490001],[248393.501,1981569.996],[248347.4204,1981626.6897],[248341.0825,1981632.5537],[248330.4341,1981642.4059],[248314.7178,1981653.99470001],[248294.3978,1981666.37720001],[248282.9677,1981671.4572],[248266.6165,1981678.75980001],[248237.7788,1981687.36760001],[248229.2175,1981689.55480001],[248216.5175,1981692.4652],[248178.6077,1981701.587],[248119.8434,1981714.6728],[248100.1006,1981719.0691],[248016.6509,1981737.8546],[248013.917,1981738.5177],[247979.3445,1981746.90330001],[247947.22,1981757.8737],[247942.189,1981759.5918],[247927.327,1981765.0075],[247923.3433,1981781.9719],[247922.8875,1981786.8924],[247921.2063,1981805.0414],[247919.6549,1981821.7892],[247916.9704,1981841.9556],[247909.8917,1981895.1318],[247909.3843,1981899.2106],[247908.3172,1981907.7888],[247905.7642,1981928.3106],[247905.516,1981930.4939],[247901.4265,1981966.4608],[247896.0837,1982018.1058],[247895.4003,1982025.3122],[247895.0445,1982029.0637],[247890.8699,1982068.6098],[247890.3167,1982073.851],[247885.5351,1982120.0705],[247884.6074,1982129.0301],[247882.2046,1982152.2346],[247881.498,1982159.0593],[247878.8621,1982184.5148],[247878.2368,1982190.5537],[247872.2995,1982249.4454],[247872.0303,1982252.1083],[247867.5641,1982293.625],[247865.6023,1982312.5716],[247858.2787,1982383.299],[247857.8497,1982387.4651],[247855.8162,1982407.3691],[247853.8587,1982426.6773],[247852.5112,1982441.1938],[247846.4394,1982506.4879],[247842.0265,1982551.389],[247840.2756,1982569.2038],[247839.6561,1982574.8529],[247837.256,1982596.7399],[247835.3858,1982613.7947],[247831.0046,1982649.6018],[247830.4398,1982654.467],[247828.7453,1982665.9348],[247825.1267,1982685.9647],[247821.5845,1982704.3431],[247818.6158,1982719.7455],[247815.1059,1982737.9564],[247809.2797,1982771.8814],[247804.676,1982794.027],[247803.5101,1982800.2004],[247802.0301,1982808.0368],[247800.792,1982812.9303],[247799.8076,1982816.8209],[247795.1509,1982832.696],[247790.9176,1982846.8777],[247787.966,1982854.7204],[247783.9472,1982865.3989],[247776.1009,1982886.2478],[247755.5692,1982940.6462],[247749.2515,1982957.4885],[247739.2068,1982984.2669],[247732.2594,1983002.7881],[247719.8897,1983036.2347],[247714.8394,1983049.5493],[247707.7638,1983068.203],[247699.6248,1983089.6605],[247695.3091,1983101.0382],[247688.5933,1983119.5951],[247676.7426,1983152.3401],[247661.577,1983194.2448],[247658.2261,1983203.5038],[247647.9135,1983230.3708],[247632.4685,1983270.6091],[247625.2225,1983289.4869],[247624.0104,1983292.6447],[247614.6056,1983317.1467],[247603.8186,1983345.2497],[247601.4811,1983351.3395],[247595.1462,1983367.8437],[247576.505,1983416.4091],[247575.5309,1983418.9468],[247553.2292,1983477.0489],[247541.2194,1983508.3377],[247536.8908,1983519.6149],[247523.1916,1983563.6578],[247517.7135,1983588.9412],[247514.9366,1983601.7579],[247508.1532,1983640.9507],[247507.912,1983643.508],[247502.9985,1983685.3814],[247502.7478,1983696.6065],[247502.1783,1983722.1057],[247502.3147,1983725.7658],[247502.3526,1983728.098],[247502.4851,1983736.2638],[247502.5752,1983741.8172],[247504.3688,1983762.1829],[247504.5656,1983766.6471],[247505.7239,1983784.1588],[247507.2658,1983802.8798],[247509.0676,1983821.0338],[247510.5516,1983834.7851],[247511.1301,1983840.1588],[247511.5749,1983844.3079],[247511.8325,1983846.7056],[247512.6535,1983854.3463],[247513.7709,1983864.8964],[247514.3332,1983870.5963],[247514.7832,1983875.8157],[247515.5598,1983884.9088],[247516.4043,1983894.8081],[247517.0598,1983902.4713],[247517.3635,1983906.0252],[247517.6921,1983909.871],[247518.0557,1983914.1456],[247518.4661,1983918.9713],[247519.68,1983933.6217],[247520.1965,1983939.9868],[247521.753,1983953.3072],[247526.3398,1984004.4609],[247527.3674,1984015.9212],[247528.3325,1984036.6712],[247528.4215,1984039.3069],[247528.3199,1984054.3388],[247526.5207,1984074.6588],[247523.7575,1984097.5691],[247521.8098,1984109.8214],[247519.5198,1984124.2259],[247511.4821,1984176.5212],[247508.7645,1984201.5836],[247507.6532,1984223.1737],[247508.4536,1984248.9838],[247508.9955,1984255.7365],[247509.8123,1984265.9166],[247511.536,1984282.3876],[247516.8277,1984335.3043],[247521.2083,1984374.3172],[247523.2409,1984393.8154],[247526.9233,1984429.139],[247531.7546,1984468.6996],[247535.9615,1984491.4009],[247536.4186,1984493.3956],[247538.4398,1984502.2153],[247540.9798,1984511.1053],[247544.5781,1984521.477],[247557.4898,1984559.1537],[247574.0299,1984606.0456],[247577.7591,1984616.6181],[247580.6991,1984624.9531],[247604.297,1984693.2621],[247605.1023,1984695.593],[247609.5917,1984708.6145],[247651.4287,1984842.5835],[247661.1235,1984873.6279],[247663.664,1984881.0074],[247668.9151,1984902.2401],[247676.3235,1984939.5464],[247678.7673,1984964.6426],[247683.2026,1985010.1903],[247689.7114,1985076.1775],[247690.2437,1985082.4485],[247690.8642,1985089.7592],[247691.4854,1985097.0783],[247692.0534,1985100.3766],[247699.0974,1985150.7603],[247700.0663,1985155.8508],[247704.9012,1985181.2509],[247707.5201,1985195.0092],[247712.1018,1985219.0792],[247715.5133,1985237.0016],[247731.9245,1985322.5669],[247744.4901,1985388.0812],[247746.8182,1985399.5451],[247748.6804,1985408.2974],[247750.3798,1985411.4537]]]]},"geometry_name":"geometry","properties":{"ogc_fid":17,"zoning":"UBb","zone_name":"Zone of Surroundings of Central Urban Area","h":20,"e":0.6,"cos":3}},{"type":"Feature","id":"glup2030_cdudcp_v1.18","geometry":{"type":"MultiPolygon","coordinates":[[[[254905.4714,1990004.6971],[254913.01200001,1989993.18770001],[255202.37420001,1990026.942],[255243.52270001,1989716.31630001],[255317.36320001,1989517.28010002],[255360.68020001,1989268.25440001],[255320.1753,1989254.96420001],[255370.44620001,1989043.2971],[255501.41520001,1988719.18190001],[255558.3007,1988586.88990002],[255576.82160001,1988486.3481],[255526.5507,1988463.8585],[255534.4882,1988379.19160001],[255587.405,1988318.33730001],[255813.3843,1988214.6699],[255916.57200001,1988163.07599999],[255906.22850002,1988066.98270001],[255996.18700001,1988037.87840001],[256029.26000001,1988118.5765],[256246.2188,1988163.55580001],[256320.62300001,1988160.57750001],[256460.5317,1988090.79520001],[256508.15680001,1988045.8159],[256441.73120001,1987999.08750001],[256513.27060001,1987927.8983],[256567.5103,1987873.65859999],[256508.2411,1987831.68660001],[256572.73340001,1987763.88700001],[256637.62500002,1987803.54380001],[256836.39950001,1987623.2755],[256856.50790001,1987228.51640002],[256844.2547,1987127.84730001],[256831.10790002,1986836.93230001],[256937.98600001,1986822.31350001],[256935.65770002,1986812.36520002],[256935.446,1986805.16850001],[256935.44600001,1986797.76020001],[256936.2927,1986781.46180001],[256936.97290002,1986766.9227],[256937.6467,1986752.5219],[256937.09560001,1986737.15220001],[256938.0191,1986706.06200002],[256939.306,1986674.82250001],[256940.86340001,1986637.0188],[256941.40050001,1986624.3571],[256943.1785,1986582.4484],[256945.75910001,1986496.61000001],[256946.67240001,1986477.33080001],[256948.69070001,1986434.7224],[256949.20590001,1986404.50790001],[256949.55060001,1986384.2927],[256951.2703,1986319.12570001],[256951.33700001,1986316.993],[256952.22280001,1986288.64569999],[256952.8578,1986265.30940001],[256952.95860001,1986260.70710001],[256953.3341,1986243.56060001],[256954.5247,1986233.79740001],[256954.52470001,1986227.6856],[256954.28659999,1986224.90740001],[256954.15160001,1986190.78650001],[256995.32680001,1986190.37310001],[256993.0332,1986156.95180001],[256961.28310001,1986155.3643],[256957.5966,1986123.4128],[256958.4433,1986118.12120001],[256955.48,1986094.20280001],[256951.41980001,1986076.9819],[256949.34160001,1986068.16770001],[256949.3416,1986062.6644],[256946.6693,1986056.1688],[256943.4943,1986046.37920002],[256935.61360001,1986016.45150001],[256888.25800001,1986022.5432],[256869.0756,1985951.767],[256800.2838,1985851.2251],[256767.21090001,1985853.2095],[256734.13790002,1985748.69890001],[256845.9246,1985730.178],[256856.7396,1985726.01810002],[256829.82910001,1985643.30780002],[256823.8674,1985623.85880001],[256812.62600001,1985587.1863],[256802.89950001,1985555.45560001],[256801.15210002,1985549.75500001],[256800.00270001,1985546.0053],[256838.84600001,1985538.33590001],[256807.3605,1985411.33570002],[256854.39160001,1985396.1108],[256833.6655,1985307.2848],[256787.09870001,1985139.00940001],[256695.02360001,1985155.94280002],[256675.04750001,1985159.46330002],[256667.99170001,1985137.53280001],[256660.44180002,1985114.0672],[256655.46830001,1985098.60900001],[256647.00160001,1985068.9756],[256639.06410002,1985044.1047],[256630.5975,1985019.2338],[256628.92410001,1985012.3544],[256626.854,1985003.8441],[256625.8349,1984999.65460001],[256612.99320001,1984960.4033],[256598.373,1984915.7164],[256596.75760001,1984910.7788],[256591.9021,1984895.9377],[256584.48580001,1984873.49620001],[256571.52910001,1984834.28970001],[256570.69570001,1984831.674],[256553.67440001,1984778.24830001],[256547.593,1984759.16030002],[256540.06569999,1984735.5338],[256522.54390001,1984681.62050001],[256514.26870002,1984656.15860001],[256511.2035,1984643.6727],[256510.63070001,1984635.65340001],[256510.30000001,1984629.0388],[256510.96140001,1984623.0856],[256513.2766,1984615.80960002],[256515.15610001,1984611.0659],[256517.05790001,1984606.26580001],[256525.80940001,1984589.4312],[256539.53650002,1984563.0251],[256580.547,1984490.7937],[256592.49690001,1984468.71240001],[256799.25970001,1984481.27010001],[256902.01630001,1984267.0115],[256706.98340001,1984263.46550001],[256683.73460001,1984263.0428],[256486.207,1984253.63670001],[256433.70290001,1984251.13650002],[256456.1647,1984146.31440001],[256457.51540001,1984140.0113],[256479.15070001,1984069.20510001],[256486.20700001,1984046.1118],[256501.1718,1983997.136],[256540.85940001,1983905.85460001],[256620.23450002,1983778.85429999],[256648.01580001,1983719.3229],[256667.85960001,1983612.1665],[256669.8032,1983596.61760001],[256683.73460001,1983485.1662],[256691.01730001,1983409.3411],[256701.4513,1983300.70470001],[256662.98310001,1983285.8832],[256637.38420001,1983276.02010001],[256310.7967672,1984248.92712135],[256150.25160294,1984234.32423124],[256159.93159999,1984260.81690001],[256207.7818,1984363.0752],[256195.87550001,1984433.71910001],[256195.87549602,1984512.03723704],[256002.9429,1984485.81490001],[255917.09315909,1984474.14666137],[255916.1031,1984474.0121],[255684.82599999,1984468.39770001],[255540.49210001,1984481.39950001],[255489.7202999,1984487.89204264],[255431.36740001,1984495.35420001],[255318.82970001,1984509.74540001],[255313.35240001,1984510.44580001],[255268.1333,1984515.95],[255160.52825949,1984529.047803],[255117.23070001,1984534.3182],[255101.66992786,1984536.21226631],[255045.88290001,1984543.0028],[254928.2740679,1984557.31834251],[254926.91890002,1984557.48330001],[254766.31555705,1984576.67612284],[254607.64410001,1984595.63940001],[254598.40736068,1984597.22352393],[254467.13490001,1984610.06150001],[254265.55738105,1984636.58313092],[254249.09110001,1984638.7497],[254148.48219188,1984639.45373008],[254099.3799884,1984642.82647566],[254054.46681898,1984645.91159228],[254047.58236995,1984646.38449901],[253965.0093,1984652.05680001],[253961.91907685,1984652.26907253],[253934.92880001,1984654.1231],[253890.97519839,1984657.1422589],[253882.70859903,1984657.71010535],[253881.72550001,1984656.68020001],[253876.34390103,1984653.61681622],[253871.58983273,1984654.18068189],[253845.68750001,1984657.25290002],[253836.07767209,1984657.94619595],[253834.9918349,1984658.02453338],[253687.98450001,1984668.6309],[253632.54265127,1984692.4415871],[253541.8719,1984731.38249999],[253527.61197379,1984737.01565458],[253411.7521,1984782.78469999],[253254.3392,1984851.0126],[253231.36964204,1984860.97153928],[253229.24333684,1984861.89344571],[253188.93601701,1984879.36962626],[253149.54090001,1984896.45040001],[253143.4364956,1984897.0685998],[253139.48,1984902.13570001],[253121.6206,1984930.9092],[253099.1971,1984970.35430001],[253083.3221,1985002.36890001],[253071.6804,1985026.9752],[253058.1866,1985064.28150001],[253044.95740001,1985111.9066],[253037.05250001,1985138.85229999],[253036.3805,1985141.14310002],[253022.82060001,1985197.03650001],[253007.60700001,1985253.2606],[252991.4012,1985301.85030001],[252970.896,1985361.71240001],[252967.6146,1985373.57600001],[252962.29700001,1985392.801],[252957.2826,1985414.97010001],[252956.01310001,1985420.5823],[252953.0366,1985439.43390001],[252950.06000001,1985463.24640001],[252946.0912,1985494.99650001],[252940.46880001,1985538.9836],[252929.22400001,1985604.46810001],[252921.08810001,1985638.5994],[252905.60990001,1985697.33700001],[252897.56660002,1985723.99650001],[252894.47060001,1985735.5164],[252888.4649,1985757.8632],[252875.3415,1985800.1966],[252872.96610001,1985807.86880001],[252866.13400002,1985829.9359],[252862.5357,1985848.56260002],[252858.09070002,1985867.8243],[252856.60900001,1985882.85260001],[252855.2993,1985894.61340001],[252854.18800001,1985913.82220001],[252854.30960001,1985918.72610001],[252854.66430001,1985933.031],[252855.93430001,1985957.31980001],[252858.36850001,1985982.38910001],[252860.48510002,1985999.05790001],[252865.24760001,1986057.2663],[252865.8686,1986086.82280002],[252866.83510001,1986132.83150001],[252868.8665,1986189.89360001],[252869.7456,1986214.58790002],[252871.86220001,1986255.64070001],[252874.98570001,1986297.44],[252877.02340001,1986324.70970001],[252879.05890001,1986351.94920001],[252879.69390001,1986365.4959],[252882.65950001,1986429.27520001],[252883.6627,1986450.85070001],[252887.89600001,1986521.7592],[252890.01270002,1986547.68840001],[252890.83650001,1986555.65170001],[252893.18770001,1986578.3801],[252898.78060002,1986653.33690001],[252901.38980001,1986688.30590002],[252905.8877,1986756.8331],[252906.6514,1986773.2915],[252910.45180001,1986855.1922],[252912.1144,1986899.4597],[252913.09760001,1986925.63760001],[252914.91000001,1986961.9253],[252916.6034,1986993.252],[252917.8385,1987034.01170001],[252918.29670002,1987070.51050001],[252921.36060001,1987099.5565],[252929.62880001,1987137.5904],[252941.20440001,1987197.1218],[252955.42580001,1987271.20530001],[252962.74150001,1987311.29860001],[252969.25030001,1987345.11240001],[252972.1078,1987365.59120001],[252973.16970001,1987371.11910001],[252977.29360001,1987392.58530001],[252983.7759,1987426.98130001],[252990.6383,1987463.84900001],[252993.93590001,1987481.56490001],[253002.32989999,1987526.4105],[253008.99740001,1987558.9544],[253015.1886,1987591.6569],[253016.86680002,1987599.16280001],[253019.0516,1987608.9343],[253022.0678,1987639.25560001],[253022.22660001,1987664.6556],[253019.42200002,1987706.6186],[253014.6595,1987754.24370002],[253013.96880001,1987759.5006],[253009.80880001,1987791.16200001],[253008.22130002,1987805.31720001],[253008.88650002,1987807.56320001],[253009.9072,1987809.67150001],[253011.2565,1987811.58620001],[253012.89840001,1987813.2568],[253013.453,1987815.19730001],[253011.36870001,1987817.4827],[253004.96850001,1987824.50060001],[253000.77070001,1987829.1035],[252986.32440001,1987840.05730002],[252968.2269,1987851.64610002],[252936.1593,1987866.88610001],[252908.85430001,1987876.88740001],[252829.19140001,1987900.6933],[252824.64890001,1987902.11190001],[252816.672,1987904.60310001],[252778.8675,1987916.4096],[252756.98220001,1987922.8049],[252753.55640001,1987923.80600001],[252691.90500001,1987941.8219],[252689.41170001,1987942.5505],[252649.19500001,1987953.92760001],[252632.9559,1987958.2002],[252579.67150002,1987972.21990002],[252562.9142,1987976.62890002],[252527.19550001,1987984.525],[252476.52750002,1987997.2796],[252461.28010001,1988000.44540001],[252450.14850001,1988002.7565],[252420.93850001,1988009.95320001],[252398.6155,1988016.074],[252394.69170001,1988017.1499],[252370.56170002,1988024.34660001],[252344.52660001,1988036.4116],[252313.65300001,1988051.9361],[252294.13290001,1988063.51080001],[252282.0617,1988070.66860001],[252276.74990001,1988074.6233],[252270.83140001,1988079.02980002],[252260.3129,1988086.8611],[252226.4991,1988111.94369999],[252187.1527,1988142.714],[252184.37730001,1988144.8844],[252164.45840001,1988160.89380001],[252119.0616,1988197.38050001],[252106.77690001,1988207.25410001],[252101.0271,1988211.58940001],[252062.04030002,1988241.01500002],[252038.43160001,1988258.83390001],[252009.35720001,1988281.90950001],[251992.70620001,1988295.12500001],[251976.88280001,1988306.4087],[251968.2317,1988312.5779],[251964.03000002,1988315.5741],[251950.6646,1988325.10510001],[251916.34730001,1988345.89860001],[251900.59620001,1988356.51740001],[251896.4335,1988359.3236],[251892.7993,1988361.7737],[251855.0432,1988384.87180001],[251836.67550001,1988395.643],[251829.32560001,1988399.95310001],[251805.9893,1988413.12940001],[251782.98380001,1988426.0146],[251768.22000001,1988432.04720001],[251745.589,1988441.6932],[251739.16870001,1988444.42970002],[251698.6874,1988459.35220001],[251671.9989,1988468.77970001],[251651.43050001,1988476.04520001],[251632.11590001,1988483.85050001],[251613.33040001,1988492.05260001],[251608.8977,1988494.76940001],[251605.12830002,1988497.07970001],[251598.5137,1988501.0484],[251576.7338,1988521.24400001],[251565.89470001,1988532.74940001],[251546.65530002,1988553.17140001],[251526.4556,1988574.35760001],[251513.3181,1988588.1366],[251501.60650001,1988600.187],[251497.78500001,1988604.11910001],[251494.48670001,1988607.51280001],[251446.15330001,1988661.06210001],[251439.3495,1988658.8409],[251415.20719011,1988663.34865502],[251403.71752908,1988665.49395832],[251382.87097064,1988669.38634387],[251365.84524234,1988672.56531938],[251349.87015599,1988675.54812326],[251343.34869156,1988724.86669792],[251339.50688485,1988753.9203611],[251338.05668752,1988764.88747854],[251336.43939579,1988777.11824722],[251335.05876428,1988787.55927312],[251333.64130377,1988798.27881807],[251328.70344698,1988835.62136007],[251320.70398617,1988869.35715963],[251304.84294579,1988936.24727772],[251296.37281651,1988971.96800821],[251290.76019091,1988995.63790505],[251278.99851645,1989045.23993464],[251272.61432127,1989072.16374035],[251267.56702604,1989093.44949249],[251266.17771119,1989099.30859329],[251265.24594561,1989103.23809022],[251263.9269164,1989108.80077828],[251283.4007008,1989108.5266044],[251318.97140001,1989108.02580001],[251372.08920001,1989107.278],[251404.514,1989108.38920001],[251420.60070002,1989108.1775],[251430.97240001,1989108.60090001],[251437.22100001,1989110.20160002],[251452.9857,1989115.37420001],[251472.45910001,1989126.38090001],[251481.0277,1989132.80740001],[251486.00580001,1989136.54090001],[251497.0125,1989150.51100002],[251509.6861,1989170.06370001],[251518.68190001,1989188.58460001],[251525.7095,1989205.74010001],[251527.67780001,1989210.54500001],[251529.00820001,1989214.8865],[251534.63540002,1989233.24900001],[251537.73200001,1989243.35340002],[251550.69660001,1989290.23770001],[251563.53590001,1989329.191],[251566.307,1989337.59820001],[251575.01220001,1989364.6871],[251578.6102,1989375.88350001],[251584.28800001,1989391.67830002],[251610.6656,1989382.1408],[251623.10100002,1989379.75950001],[251625.50525381,1989379.7595],[251646.11980001,1989379.75950001],[251671.25530001,1989377.11370001],[251699.30120001,1989373.4095],[251714.1179,1989371.29290001],[251739.51790001,1989363.35530001],[251760.6847,1989350.91990001],[251785.29100001,1989334.2511],[251804.6056,1989325.25530001],[251821.00980002,1989320.22820001],[251833.5931,1989318.52770001],[251840.589,1989317.5823],[251866.78280001,1989313.0844],[251886.64420002,1989308.07490001],[251968.6652,1989290.61240001],[252017.34860001,1989279.4999],[252059.94660001,1989263.62490001],[252085.95520001,1989254.86710002],[252126.91280001,1989243.91340001],[252180.72920001,1989231.2133],[252196.7993,1989229.10000001],[252249.34350001,1989225.2317],[252333.36120001,1989220.0837],[252337.35950002,1989219.83950001],[252392.4856,1989220.61480001],[252480.75070001,1989224.63640001],[252492.81580001,1989224.8481],[252495.2579,1989256.25020001],[252499.22660001,1989294.35029999],[252501.07870001,1989326.89410001],[252500.5495,1989359.70250002],[252498.69750001,1989386.4255],[252494.99330001,1989407.59220001],[252493.45590001,1989418.93320002],[252490.91870001,1989437.64890001],[252484.5687,1989471.09230001],[252480.7851,1989495.19590001],[252478.13930001,1989509.2189],[252477.34550001,1989520.86060001],[252479.4622,1989539.38140001],[252485.28310001,1989575.6294],[252486.84110001,1989584.3545],[252492.45829999,1989615.81070001],[252493.22060001,1989620.0795],[252497.39120001,1989648.23100002],[252498.54750001,1989656.03640001],[252501.15810002,1989673.6577],[252515.3032,1989664.23650001],[252530.44820762,1989658.14558602],[252545.73040001,1989651.99950001],[252579.46480001,1989635.46300002],[252626.09770001,1989613.96550001],[252666.44680001,1989594.78320001],[252679.86120001,1989589.5841],[252689.31230001,1989587.54170001],[252725.2939,1989587.44640001],[252746.46060001,1989587.0231],[252762.759,1989584.69469999],[252787.94740002,1989583.63640001],[252810.38410001,1989580.88470001],[252848.90750001,1989575.59300002],[252863.93590001,1989573.2647],[252898.6493,1989569.45470001],[252921.0727,1989567.973],[252943.61530001,1989565.27430001],[252970.76160002,1989563.2105],[252992.98660002,1989562.7343],[253009.9729,1989563.15500001],[253019.16059999,1989563.3825],[253031.06690001,1989563.3825],[253039.9569,1989561.95370002],[253051.0694,1989559.57250001],[253080.12070001,1989549.41250001],[253125.1992,1989533.63340001],[253145.67800001,1989526.33080002],[253160.91800001,1989519.34580001],[253179.80930001,1989508.39210001],[253204.89190001,1989493.94580002],[253217.91930001,1989484.9632],[253242.04930001,1989467.39480001],[253253.47939999,1989459.3514],[253327.09720001,1989416.473],[253350.80390001,1989403.56130001],[253356.09560001,1989401.65630001],[253369.30500001,1989389.40260002],[253468.27980001,1989301.27100001],[253508.0387,1989249.91570001],[253606.53660001,1989342.98610002],[253664.5942,1989424.84430001],[253696.0907,1989504.5698],[253714.8837,1989552.1396],[253754.82000001,1989616.3812],[253832.2108,1989571.402],[253900.3411,1989657.3917],[253990.44130001,1989614.1881],[254025.47870001,1989748.16320001],[254030.17050001,1989744.52310001],[254038.3726,1989733.67520001],[254043.92880001,1989729.1773],[254053.18930001,1989717.8002],[254065.36010001,1989701.92510001],[254076.4726,1989691.34180001],[254090.23100002,1989681.02300001],[254102.93100001,1989670.4396],[254105.59060001,1989665.2712],[254106.2595,1989658.4117],[254108.7995,1989642.74830001],[254112.18620001,1989633.22330001],[254118.5362,1989627.50830001],[254131.6595,1989616.92490002],[254137.59690001,1989613.19680001],[254157.99860001,1989641.094],[254165.14240001,1989650.35440001],[254170.1066,1989658.23880001],[254176.00970001,1989667.61420001],[254178.63620001,1989671.78570001],[254208.3149,1989709.80560001],[254219.11750001,1989723.64420001],[254224.40920001,1989728.5522],[254231.55300001,1989734.42590001],[254239.80800001,1989738.87100001],[254255.683,1989744.2685],[254271.24050001,1989748.23720001],[254288.9038,1989750.19980001],[254292.67180001,1989750.61850001],[254307.91190001,1989752.36470001],[254314.73809999,1989752.52350001],[254320.2944,1989751.41220001],[254323.1519,1989750.1422],[254329.34320001,1989749.9835],[254336.64570001,1989750.6185],[254350.19240001,1989753.06590001],[254369.50700001,1989754.12420001],[254411.57580001,1989754.3888],[254438.28120001,1989756.23210001],[254472.6771,1989759.87010001],[254509.38810001,1989765.16180001],[254533.8621,1989770.45340001],[254553.6102,1989775.03200001],[254548.93560001,1989781.0031],[254545.86020001,1989785.59320001],[254531.94189999,1989806.36690001],[254499.49620001,1989854.79320001],[254495.7543,1989860.37820001],[254492.56480002,1989864.68610001],[254475.3813,1989887.89490001],[254457.4289,1989914.71400001],[254449.38969999,1989926.7239],[254431.9896,1989952.71799999],[254466.7052,1989966.8335],[254493.07220001,1989979.40520002],[254496.35900001,1989980.5871],[254516.97610001,1989988.00030001],[254550.0491,1989999.57580001],[254571.87730002,1990006.52110001],[254593.70539999,1990012.4743],[254623.8018,1990020.08100001],[254646.29150001,1990027.6878],[254651.78050001,1990031.28770001],[254659.8734,1990036.59550001],[254688.64690001,1990048.5018],[254699.94540002,1990053.3838],[254715.4361,1990060.07730001],[254720.85890001,1990063.83160001],[254732.634,1990071.98360001],[254741.31350001,1990075.28430001],[254750.52100001,1990076.2368],[254772.9048,1990076.23680001],[254807.1948,1990078.7768],[254825.98030001,1990080.09970001],[254843.70740001,1990081.68720002],[254852.96790001,1990084.333],[254862.75750002,1990085.12680001],[254878.464,1990085.5692],[254882.05570001,1990053.51280001],[254905.4714,1990004.6971]],[[253647.1608058,1986852.4704312],[253968.77446933,1986468.98599271],[254115.42458827,1986563.5573508],[253607.29112756,1987351.85073024],[253575.19186789,1987353.50532306],[253563.19011552,1987426.34893739],[253532.00511987,1987426.47102168],[253528.82972663,1987435.22770915],[253388.64768046,1987656.16477164],[253358.2697,1987662.1598],[253328.98180001,1987320.7436],[253451.42426855,1987214.41418418],[253495.01278389,1987163.98922446],[253549.66654496,1987009.7951635],[253647.1608058,1986852.4704312]]],[[[256889.14340001,1981597.8559],[256908.65920001,1981432.94760001],[256937.4753,1981189.4512],[256956.98830001,1981153.2705],[256967.73730001,1981133.33980001],[256977.5551,1981115.1358],[257009.16109999,1981056.53240001],[257030.0405,1981023.69840002],[257039.61320001,1981006.02560001],[257046.9854,1980992.41540001],[257077.3825,1980936.29760001],[257130.10720001,1980862.0924],[257134.53260002,1980855.86410002],[257239.8558,1980716.83760001],[257245.21600001,1980709.65489999],[257325.51800001,1980601.8811],[257350.18900001,1980568.77010001],[257352.34510001,1980565.8764],[257404.5056,1980496.94860001],[257430.69940001,1980465.1985],[257450.5432,1980443.7672],[257464.0369,1980420.74840002],[257466.51110001,1980412.4262],[257519.03020001,1980341.75720002],[257571.5127,1980271.13729999],[257592.86580002,1980242.40480002],[257613.20150001,1980215.04130002],[257639.71930001,1980179.35930002],[257689.10040001,1980112.91260001],[257692.09739999,1980108.9459],[257695.895,1980103.91960001],[257668.7378,1980082.53650002],[257579.0439,1980030.1489],[257501.25630001,1979980.14260002],[257386.95600001,1979946.01130001],[257289.32460001,1979919.02370001],[257141.6868,1979874.5736],[257075.80540001,1979876.95490001],[256991.6677,1979880.9236],[256928.9614,1979892.03620001],[256856.73000001,1979931.72370001],[256769.4173,1980003.16140001],[256746.85960001,1980023.28840001],[256680.35520002,1980345.83470001],[256662.2608,1980454.806],[256657.4983,1980507.98740001],[256701.3176,1980610.2324],[256731.70910001,1980658.8589],[256742.2925,1980721.03610001],[256737.0008,1980773.9528],[256709.21950001,1980830.83840002],[256692.0196,1980848.0383],[256683.41960001,1980856.6383],[256676.1465,1980863.91140001],[256657.62560001,1980873.17180001],[256623.72760001,1980882.0499],[256602.06300001,1980887.7239],[256583.5422,1980912.85940001],[256580.75769999,1980930.8039],[256571.6359,1980989.58870001],[256567.66710002,1981042.50550001],[256555.76090002,1981078.22430001],[256526.65660002,1981119.23480001],[256520.28490002,1981127.6619],[256485.6461,1981173.4745],[256476.48400001,1981188.87420001],[256466.9979,1981201.72630001],[256442.3916,1981246.1764],[256433.66040001,1981289.0389],[256419.37290001,1981373.17660001],[256421.7541,1981413.6579],[256437.73770001,1981491.24210002],[256448.66830001,1981605.48960001],[256449.3981,1981616.2556],[256449.12786009,1981629.76888143],[256531.92548501,1981575.04416438],[256528.96066977,1981597.5645726],[256537.60581002,1981726.45421175],[256489.06544115,1981794.57452954],[256471.0028352,1981862.06654385],[256447.80901849,1981942.47079192],[256467.7748392,1982029.14425074],[256475.73313999,1982061.54640393],[256473.95121425,1982100.87115849],[256486.11722195,1982167.9889345],[256661.68279546,1982185.47327206],[256656.01014965,1982215.77592766],[256742.40239038,1982234.36134782],[256735.3487518,1982275.26231352],[256809.46577527,1982279.91259016],[256826.0403,1982136.88190001],[256834.5537,1982063.41460002],[256841.14680001,1982006.51880001],[256853.53340002,1981899.627],[256858.36000001,1981857.9755],[256889.14340001,1981597.8559]]]]},"geometry_name":"geometry","properties":{"ogc_fid":18,"zoning":"UEa","zone_name":"City-Expansion Zone","h":23,"e":0.5,"cos":5}},{"type":"Feature","id":"glup2030_cdudcp_v1.19","geometry":{"type":"MultiPolygon","coordinates":[[[[255161.57502533,1984260.02722671],[255762.26555577,1984199.0391156],[256310.7967672,1984248.92712135],[256637.38420001,1983276.02010001],[256662.98310001,1983285.8832],[256701.4513,1983300.70470001],[256766.83060001,1983318.30030001],[256791.0805,1983324.8267],[256837.6142,1983337.3503],[256886.487,1983350.50350001],[256890.4199,1983337.3503],[256894.16450001,1983324.8267],[256896.116,1983318.30030001],[256919.8461,1983238.9371],[256938.2555,1983177.3684],[257002.0763,1982963.92570001],[257123.8978,1982556.5046],[257273.22760001,1982057.0849],[257024.1248,1981982.60150001],[256933.07201072,1982287.66855281],[256735.3487518,1982275.26231352],[256742.40239038,1982234.36134782],[256656.01014964,1982215.77592766],[256661.68279546,1982185.47327206],[256486.11722194,1982167.98893451],[256473.95121425,1982100.8711585],[256475.73313999,1982061.54640393],[256467.7748392,1982029.14425074],[256447.80901849,1981942.4707919],[256471.0028352,1981862.06654385],[256489.06544114,1981794.57452954],[256537.60581002,1981726.45421176],[256528.96066978,1981597.5645726],[256531.92548501,1981575.04416438],[256449.12786009,1981629.76888142],[256372.14929999,1981680.648],[255919.3236,1982019.76989999],[255908.46360927,1982027.76032344],[255720.69535754,1982165.91561434],[255550.76915658,1982290.9457625],[255482.45925114,1982341.20826446],[255311.9307,1982466.6851],[255268.42583784,1982494.40236763],[255164.06196491,1982560.89395423],[255122.7823,1982587.194],[255077.6655,1982712.53540001],[255077.76440001,1982717.8633],[255071.48710633,1982782.3476102],[255040.45350001,1983101.1517],[255029.05572362,1983206.74992472],[254989.91605613,1983569.38115324],[254964.2321,1983807.35260001],[254943.27928127,1983892.89117163],[254899.55945357,1983982.70982051],[255123.57662649,1983989.68856236],[255161.57502533,1984260.02722671]]]]},"geometry_name":"geometry","properties":{"ogc_fid":19,"zoning":"T","zone_name":"Transport Zone","h":0,"e":0,"cos":0}},{"type":"Feature","id":"glup2030_cdudcp_v1.20","geometry":{"type":"MultiPolygon","coordinates":[[[[253871.58983273,1984654.18068189],[253876.34390103,1984653.61681622],[253881.72550001,1984656.68020001],[253882.70859775,1984657.71010656],[253890.97519839,1984657.1422589],[253934.92880001,1984654.1231],[253961.91907685,1984652.26907253],[253965.0093,1984652.05680001],[254047.58236995,1984646.38449901],[254054.46681898,1984645.91159228],[254099.3799884,1984642.82647566],[254148.48219188,1984639.45373008],[254249.09110001,1984638.7497],[254265.55738105,1984636.58313092],[254467.13490001,1984610.06150001],[254598.40736068,1984597.22352393],[254607.64410001,1984595.63940001],[254766.31555705,1984576.67612284],[254926.91890002,1984557.48330001],[254928.2740679,1984557.31834251],[255045.88290001,1984543.0028],[255101.66992786,1984536.21226631],[255117.23070001,1984534.3182],[255160.52825949,1984529.047803],[255268.1333,1984515.95],[255313.35240001,1984510.44580001],[255318.82970001,1984509.74540001],[255431.36740001,1984495.35420001],[255489.7202999,1984487.89204264],[255540.49210001,1984481.39950001],[255684.82599999,1984468.39770001],[255916.1031,1984474.0121],[255917.09315909,1984474.14666137],[256002.9429,1984485.81490001],[256195.87549602,1984512.03723704],[256195.87550001,1984433.71910001],[256207.7818,1984363.0752],[256159.93159999,1984260.81690001],[256150.25160294,1984234.32423124],[255762.26555578,1984199.0391156],[255161.57502534,1984260.0272267],[255123.57662649,1983989.68856237],[254899.55945357,1983982.70982051],[254943.27928128,1983892.89117163],[254964.2321,1983807.35260001],[254989.91605614,1983569.38115324],[255029.05572362,1983206.74992472],[255040.45350002,1983101.1517],[255071.48710633,1982782.3476102],[255077.7644,1982717.8633],[255077.66550001,1982712.53540002],[255122.7823,1982587.194],[255164.06196491,1982560.89395423],[255268.42583784,1982494.40236762],[255294.61110001,1982475.43800002],[255298.6238,1982472.5707],[255482.45925115,1982341.20826447],[255550.76915658,1982290.9457625],[255720.69535753,1982165.91561434],[255908.46360927,1982027.76032344],[255919.3236,1982019.76989999],[256372.14929999,1981680.648],[256449.12786009,1981629.76888143],[256449.3981,1981616.2556],[256448.66830001,1981605.48960001],[256437.73770001,1981491.24210002],[256421.7541,1981413.6579],[256419.37290001,1981373.17660001],[256433.66040001,1981289.0389],[256442.3916,1981246.1764],[256466.9979,1981201.72630001],[256476.48400001,1981188.87420001],[256485.6461,1981173.4745],[256520.28490002,1981127.6619],[256526.65660002,1981119.23480001],[256555.76090002,1981078.22430001],[256567.66710002,1981042.50550001],[256571.6359,1980989.58870001],[256580.75769999,1980930.8039],[256583.5422,1980912.85940001],[256602.06300001,1980887.7239],[256623.72760001,1980882.0499],[256657.62560001,1980873.17180001],[256676.1465,1980863.91140001],[256683.41960001,1980856.6383],[256692.0196,1980848.0383],[256709.21950001,1980830.83840002],[256737.0008,1980773.9528],[256742.2925,1980721.03610001],[256731.70910001,1980658.8589],[256701.3176,1980610.2324],[256657.4983,1980507.98740001],[256662.2608,1980454.806],[256680.35520002,1980345.83470001],[256746.85960001,1980023.28840001],[256769.4173,1980003.16140001],[256856.73000001,1979931.72370001],[256928.9614,1979892.03620001],[256991.6677,1979880.9236],[257075.80540001,1979876.95490001],[257141.6868,1979874.5736],[257289.32460001,1979919.02370001],[257386.95600001,1979946.01130001],[257501.25630001,1979980.14260002],[257579.0439,1980030.1489],[257668.7378,1980082.53650002],[257695.895,1980103.91960001],[257776.98000002,1979996.6014],[257797.004,1979970.09900001],[257812.1784,1979950.7877],[257844.6525,1979909.46040001],[257874.89370001,1979871.9028],[257910.26930001,1979827.96850002],[257966.3611,1979750.71000001],[257998.1111,1979707.31830001],[258020.57010001,1979675.09459999],[258022.45280001,1979672.39319999],[258037.2695,1979645.93480001],[258055.26120001,1979605.7181],[258063.48760001,1979584.63810001],[258072.1946,1979562.3263],[258091.24460001,1979508.3512],[258099.71130001,1979478.71780001],[258113.4697,1979415.21770001],[258130.40310001,1979330.5509],[258143.10310001,1979268.10910001],[258154.74480002,1979216.25060002],[258176.9698,1979115.17960001],[258184.39120002,1979081.76520001],[258198.76100001,1979017.0659],[258199.66870001,1979012.97900001],[258200.28390002,1979010.2092],[257990.91740001,1978976.18780001],[257881.58380001,1978958.42130001],[257828.54870001,1978947.9589],[257788.36560001,1978940.03180001],[257753.6846,1978933.1902],[257743.27260001,1978931.1361],[257618.13320003,1978907.84830001],[257465.99400001,1978878.52450001],[257384.77030001,1978862.86910001],[257323.7308,1978848.44040001],[257197.06970002,1978826.2303],[257191.70340001,1978825.2894],[257188.43800001,1978824.59460001],[257006.98470001,1978785.98540001],[256994.06380001,1978783.82610002],[256931.31430001,1978773.33940001],[256928.47370001,1978772.78970001],[256808.08440001,1978749.4938],[256803.51350002,1978748.70340001],[256755.27750001,1978740.3625],[256708.62730001,1978732.2958],[256508.60190001,1978690.22700001],[256184.90940002,1978567.53810001],[256125.9607,1978544.9705],[256015.5629,1978502.1594],[255928.77960001,1978468.5057],[255740.0982,1978396.67120002],[255679.9054,1978373.4871],[255667.31760001,1978367.6584],[255585.0521,1978329.5661],[255541.39570001,1978299.80050001],[255528.3767,1978289.4968],[255443.09690001,1978222.0037],[255366.27020001,1978160.70500001],[255363.73490001,1978158.6822],[255308.14810001,1978114.7213],[255303.0129,1978110.66020002],[255280.56250002,1978095.0631],[255269.28060001,1978087.22510001],[255265.30970002,1978084.46640001],[255200.46590001,1978047.64620001],[255197.41970001,1978045.9164],[255193.62210001,1978043.5514],[255176.7403,1978033.03790001],[255151.14760001,1978021.13410001],[255118.91639999,1978004.25670001],[255024.4767,1977954.8049],[254766.76880001,1977822.0023],[254756.3871,1977816.6524],[254715.9058,1977797.6024],[254684.94950002,1977786.48980001],[254653.59630001,1977778.1554],[254629.3868,1977771.80540001],[254601.71140001,1977766.5402],[254589.4347,1977764.21190001],[254569.32630002,1977761.0369],[254537.57620001,1977757.6502],[254500.3315,1977753.89530001],[254465.49830001,1977751.328],[254413.6992,1977745.02350001],[254365.14470001,1977739.11390001],[254214.75170001,1977722.2511],[254114.85530001,1977711.45040001],[253992.44500002,1977698.21560001],[253981.29360001,1977697.00990001],[253917.957,1977689.661],[253862.00930001,1977683.25690001],[253747.25430001,1977670.12140001],[253695.68829999,1977664.21890001],[253665.544,1977660.76840001],[253640.73930002,1977658.784],[253591.3864,1977652.69070001],[253455.182,1977636.57090001],[253435.1717,1977633.95150001],[253372.00229999,1977627.3369],[253300.278,1977618.60560001],[253249.07600001,1977612.9781],[253232.5977,1977611.16690001],[253147.88320001,1977601.856],[253075.30650001,1977592.44590001],[252995.24760001,1977582.874],[252986.0744,1977581.8013],[252945.98490001,1977577.11300001],[252906.5591,1977572.50230001],[252891.92150001,1977570.85060001],[252824.58,1977563.25180001],[252789.72890001,1977558.99330001],[252722.2698,1977550.7502],[252706.39480001,1977549.9565],[252689.53620001,1977547.8216],[252660.9525,1977544.2018],[252540.28880001,1977529.6559],[252525.1152,1977527.82670001],[252523.34740001,1977542.75590001],[252493.83250002,1977730.234],[252491.5726,1977759.47600002],[252490.58040001,1977785.27300002],[252492.5647,1977803.4631],[252495.83800001,1977826.07860001],[252496.2028,1977828.59860002],[252503.1481,1977860.0179],[252523.2344,1977919.7918],[252525.69950001,1977926.20090001],[252531.50270001,1977941.28920001],[252534.82320001,1977956.13240001],[252536.19990001,1977965.2688],[252537.1652,1977977.0157],[252533.63920001,1978060.99910001],[252528.64460001,1978114.4741],[252525.6547,1978133.6743],[252520.46950001,1978162.62470001],[252516.45770001,1978183.57500001],[252503.8753,1978228.0997],[252497.73690001,1978250.74810001],[252493.5036,1978264.29480002],[252488.8469,1978276.57150002],[252486.49210001,1978295.22460001],[252485.01040001,1978308.77130001],[252484.79880003,1978318.71970001],[252486.06880001,1978324.4347],[252487.97380002,1978330.573],[252489.87880002,1978338.828],[252490.0904,1978348.56470001],[252492.4188,1978357.24310001],[252496.8638,1978365.92140001],[252500.25050002,1978373.11810001],[252503.5908,1978375.7276],[252526.54350001,1978387.89840001],[252534.40160001,1978392.19789999],[252536.58440001,1978393.62670002],[252549.8136,1978416.9762],[252570.40950001,1978467.8233],[252605.23560002,1978546.4102],[252597.13200001,1978548.9991],[252564.747,1978560.0058],[252533.84360002,1978568.89580001],[252512.25350001,1978573.12920001],[252490.87520001,1978579.69090001],[252476.48180001,1978583.92420001],[252468.43840001,1978584.1359],[252458.4901,1978584.3475],[252447.90670001,1978583.28920001],[252438.8051,1978583.07750002],[252425.89340001,1978582.23090001],[252413.56380001,1978583.04230001],[252406.40130001,1978727.08600001],[252401.03890001,1978785.9259],[252401.08850001,1978818.1072],[252401.17120001,1978871.91570001],[252401.17120001,1978931.19830002],[252401.17120001,1978965.5949],[252402.4776,1978989.69060001],[252404.1478,1979020.4961],[252408.49400001,1979089.47280001],[252410.9167,1979152.39110001],[252408.39430001,1979231.23860001],[252407.03270001,1979252.93150001],[252403.38560001,1979311.04030001],[252403.0608,1979316.2148],[252402.90210001,1979347.17109999],[252405.16920001,1979379.26100001],[252413.23410001,1979471.77690001],[252418.31410001,1979541.1773],[252422.54740001,1979578.21900002],[252432.1677,1979643.603],[252434.75840001,1979656.15810001],[252442.4865,1979693.60930002],[252444.86770001,1979705.91250001],[252445.35680001,1979717.7731],[252445.78500001,1979731.13650001],[252447.95070001,1979798.73120001],[252451.75160002,1979857.5713],[252452.09080001,1979920.93980001],[252455.29520001,1979980.62840001],[252455.36330001,1979986.30700001],[252456.0682,1980045.12980001],[252456.57930001,1980051.51780001],[252467.70130001,1980190.5366],[252470.0825,1980209.7851],[252474.05130001,1980268.91960001],[252477.62320001,1980299.87590001],[252488.73570001,1980374.88540001],[252489.41280001,1980379.32990002],[252492.05220001,1980396.65560001],[252497.59930001,1980433.0674],[252501.83260002,1980462.1716],[252509.24100001,1980485.9842],[252512.9451,1980504.50510001],[252515.59100001,1980524.61340001],[252518.23680002,1980548.426],[252516.77040001,1980589.97350001],[252516.64930001,1980593.40520002],[252516.49790001,1980596.01980001],[252515.5266,1980612.79290001],[252508.2391,1980738.63520002],[252505.80140001,1980780.73060001],[252500.5436,1980849.5199],[252493.10130001,1980946.8893],[252489.9151,1980994.95240001],[252487.28560001,1981034.61750001],[252481.7637,1981117.91420002],[252481.53900001,1981121.30300002],[252476.3796,1981181.23120001],[252473.07230001,1981228.67110001],[252470.6911,1981283.4399],[252470.56670001,1981285.4856],[252467.11920001,1981342.17760001],[252465.53170001,1981367.97450001],[252466.72230001,1981409.24960001],[252470.0986,1981471.1339],[252471.74940001,1981501.39090001],[252472.34300001,1981514.75900001],[252472.94969999,1981528.4231],[252474.63800001,1981550.5363],[252475.5667,1981562.7001],[252477.5756,1981578.76280001],[252481.4694,1981609.89690001],[252483.6557,1981623.35080001],[252484.52390001,1981632.6056],[252487.61400001,1981649.59720001],[252491.11250001,1981668.83430001],[252495.68100001,1981693.955],[252497.23910002,1981707.66140001],[252504.23590002,1981748.56100001],[252512.26000001,1981795.46510001],[252521.32460001,1981844.6953],[252528.8068,1981885.33200002],[252540.94040001,1981951.23020001],[252551.302,1982001.62470001],[252553.4728,1982012.18220001],[252570.95380001,1982110.49160002],[252583.70130002,1982175.10480001],[252598.7247,1982251.25380001],[252609.17450001,1982304.22030002],[252620.08,1982359.49700002],[252635.0421,1982437.554],[252653.07700001,1982531.64140001],[252670.67720001,1982623.4613],[252688.03390001,1982714.3882],[252697.04080001,1982761.3933],[252717.60120001,1982868.69350001],[252720.71790002,1982882.53110001],[252732.31210001,1982934.006],[252741.5707,1982975.05250001],[252756.12460001,1983039.575],[252765.11580001,1983073.20500001],[252766.1961,1983077.2456],[252776.07070001,1983114.17970001],[252777.31380001,1983119.0352],[252789.7033,1983167.42900001],[252806.263,1983232.1113],[252814.49660001,1983264.2719],[252861.73710001,1983448.79410001],[252869.0812,1983477.4803],[252880.45960001,1983521.9246],[252885.3135,1983541.7921],[252908.9288,1983638.4517],[252931.41850001,1983719.4144],[252938.75730001,1983744.12910001],[252959.88500001,1983815.2809],[252985.24409999,1983900.6822],[252989.24370001,1983915.1393],[252993.14250001,1983927.54230001],[253012.52560001,1983989.20400001],[253026.06010001,1984032.26010002],[253033.73300001,1984057.66020001],[253040.34760001,1984080.14980002],[253045.90390001,1984098.40610001],[253056.9106,1984131.00280001],[253063.8956,1984156.40290001],[253069.30890001,1984174.9486],[253072.46810001,1984185.77170001],[253095.6688,1984268.62940001],[253107.97200001,1984297.7866],[253112.8403,1984307.73490001],[253120.46030001,1984321.0699],[253133.5837,1984341.39000001],[253154.2704,1984371.43720001],[253179.25090001,1984407.72120001],[253184.95230001,1984415.6898],[253208.63440001,1984448.7889],[253210.10310001,1984451.20580001],[253222.5879,1984471.75100002],[253229.8658,1984485.5088],[253232.92760001,1984493.5571],[253234.496,1984497.67970001],[253240.2507,1984520.23540001],[253246.8632,1984560.0931],[253249.44230001,1984575.63930001],[253254.73400001,1984615.0094],[253262.18470001,1984657.38510001],[253266.246,1984680.50980001],[253273.7734,1984718.27910001],[253261.1886,1984742.06250001],[253201.3265,1984819.784],[253158.3316,1984877.99240001],[253152.45884371,1984885.51365045],[253150.32638195,1984888.24469973],[253143.4364956,1984897.0685998],[253149.54090001,1984896.45040001],[253188.93601701,1984879.36962626],[253229.24333684,1984861.89344571],[253231.36964204,1984860.97153928],[253254.3392,1984851.0126],[253411.7521,1984782.78469999],[253527.61197379,1984737.01565458],[253541.8719,1984731.38249999],[253632.54265127,1984692.4415871],[253687.98450001,1984668.6309],[253834.9918349,1984658.02453338],[253836.07767209,1984657.94619595],[253845.68750001,1984657.25290002],[253871.58983273,1984654.18068189]],[[253769.1455,1981296.1722],[253762.775,1981238.83830001],[253740.0452,1981246.0309],[253730.12330001,1981246.0309],[253715.042,1981240.4747],[253708.69200001,1981235.71220001],[253705.51700001,1981225.3934],[253703.53259999,1981204.359],[253700.35759999,1981176.1808],[253696.4028,1981150.4746],[253695.59510001,1981145.22450001],[253694.9805,1981140.1122],[253692.6847,1981121.0151],[253688.71590001,1981103.55250001],[253684.7472,1981087.67750001],[253682.36590001,1981071.4056],[253678.0003,1981032.1149],[253675.22220001,1980995.9992],[253671.21630001,1980981.99540001],[253670.42,1980979.21140001],[253670.081,1980975.5671],[253667.24490001,1980945.08],[253666.5973,1980940.4391],[253664.86370001,1980928.0144],[253663.2762,1980910.9487],[253660.49810001,1980897.4549],[253660.05340001,1980895.3982],[253654.148,1980868.0861],[253649.3855,1980845.8611],[253647.79800001,1980830.3829],[253645.8137,1980810.53910001],[253644.14180001,1980785.934],[253643.6527,1980778.73430001],[253641.1834,1980759.97719999],[253640.4408,1980748.9511],[253639.4984,1980734.961],[253637.55870001,1980732.7304],[253635.2436,1980721.1548],[253629.9519,1980693.7042],[253628.634,1980686.10520001],[253620.81800001,1980641.0404],[253615.66440001,1980611.32610001],[253612.65690001,1980599.72570001],[253611.9602,1980597.0385],[253609.3144,1980580.6343],[253610.10819999,1980568.46350001],[253611.43110001,1980551.5301],[253614.07690001,1980533.5384],[253617.10190002,1980510.80330001],[253634.87870001,1980507.3608],[253654.58580001,1980503.5445],[253682.7146,1980498.40960001],[253714.73450001,1980492.56430001],[253741.5237,1980487.9341],[253761.36740001,1980484.9575],[253774.26590001,1980484.62679999],[253789.4795,1980487.6033],[253839.23780001,1980522.54490001],[253852.93420002,1980516.811],[253867.75090001,1980502.52340001],[253881.0062,1980483.9095],[253902.58630001,1980453.6055],[253917.49260001,1980432.67330001],[253925.91190001,1980422.21300001],[253934.9552,1980410.9774],[254017.1437,1980285.2802],[254019.7628,1980282.24770001],[254029.7115,1980270.7281],[254107.1023,1980233.68640001],[254336.9944,1980121.3095],[254592.58250001,1980010.1843],[254810.0704,1980018.12180001],[255002.15830002,1980018.12180001],[255208.53370001,1980016.53430001],[255489.52180002,1980022.8843],[255811.78490001,1980032.9385],[256205.4857,1980035.05520001],[256205.7503,1980308.63490001],[256207.3378,1980605.498],[256205.75030001,1980877.75480001],[256200.9878,1980955.54240001],[256188.28770002,1981049.20510001],[256153.36270001,1981307.17440001],[256123.20010001,1981554.8249],[255797.762,1981792.9504],[255402.47370002,1982084.25720001],[255046.28020001,1982346.08519999],[255039.04160001,1982347.6938],[255027.3999,1982348.75210002],[254994.06230001,1982347.69380002],[254957.0206,1982345.04800001],[254731.83760001,1982326.57640001],[254677.77850002,1982322.14200001],[254582.19990001,1982314.3017],[254531.01650001,1982310.10320001],[254346.39450001,1982294.95870001],[254249.1353,1982286.98060001],[254068.87450001,1982271.75880001],[254024.94650001,1982268.0494],[253961.57890001,1982262.6984],[253921.8914,1982259.52340001],[253898.07880001,1982257.14220001],[253882.20380001,1982257.14220001],[253867.91620001,1982255.5547],[253857.59750001,1982250.7922],[253851.2475,1982244.44220001],[253847.2787,1982234.1234],[253842.5162,1982215.8671],[253839.34120001,1982176.9733],[253830.60990001,1982112.67940001],[253825.8474,1982067.43560001],[253821.87870001,1982041.24180001],[253820.3945,1982025.41090001],[253819.49740001,1982015.84170001],[253818.555,1982013.553],[253813.94110001,1982002.34790001],[253809.17860001,1981984.88540001],[253804.41610001,1981974.56660001],[253804.41610001,1981965.83540002],[253809.76860001,1981956.9147],[253811.55990002,1981953.9291],[253833.1896,1981936.4224],[253841.6563,1981925.83910001],[253843.77300001,1981899.38070001],[253842.71460001,1981868.68900001],[253841.65630001,1981844.34730001],[253837.423,1981814.71390001],[253831.236,1981738.7032],[253830.0146,1981723.69700001],[253820.48960001,1981649.61350001],[253816.6587,1981634.2901],[253808.84790001,1981603.0468],[253804.6146,1981581.88010001],[253800.3812,1981540.60500001],[253798.5148,1981521.63020001],[253794.0312,1981476.0465],[253780.27280001,1981405.1381],[253774.41670001,1981343.61350001],[253770.2199,1981305.84240001],[253769.1455,1981296.1722]]]]},"geometry_name":"geometry","properties":{"ogc_fid":20,"zoning":"UDb","zone_name":"Zone of Surroundings of Urban Area relevant to Ag*","h":20,"e":0.5,"cos":2}},{"type":"Feature","id":"glup2030_cdudcp_v1.21","geometry":{"type":"MultiPolygon","coordinates":[[[[247406.2398,1980828.1927],[247408.4474,1980833.9382],[247422.1305,1980869.549],[247441.6833,1980922.9504],[247445.8731,1980934.3932],[247452.8099,1980953.3386],[247481.3708,1981031.342],[247486.8039,1981046.343],[247493.8029,1981065.6675],[247521.786,1981142.9303],[247544.8735,1981203.4354],[247546.4801,1981207.6459],[247547.468,1981210.3469],[247552.1348,1981223.1058],[247560.197,1981247.5136],[247588.6,1981324.9838],[247609.3169,1981377.3238],[247614.1853,1981386.4255],[247620.747,1981397.0088],[247632.812,1981414.3655],[247650.3804,1981436.3789],[247669.0058,1981459.1615],[247678.337,1981470.5755],[247722.453,1981524.5382],[247724.8516,1981527.4296],[247766.1093,1981577.164],[247789.6044,1981604.6278],[247806.6985,1981623.8065],[247809.1307,1981626.5353],[247839.049,1981661.1654],[247856.9994,1981681.9428],[247869.9013,1981696.8766],[247905.4974,1981738.0786],[247915.4021,1981752.3349],[247927.327,1981765.0075],[247942.189,1981759.5918],[247947.22,1981757.8737],[247979.3445,1981746.90330001],[248013.917,1981738.5177],[248016.6509,1981737.8546],[248100.1006,1981719.0691],[248119.8434,1981714.6728],[248178.6077,1981701.587],[248216.5175,1981692.4652],[248229.2175,1981689.55480001],[248237.7788,1981687.36760001],[248266.6165,1981678.75980001],[248282.9677,1981671.4572],[248294.3978,1981666.37720001],[248314.7178,1981653.99470001],[248330.4341,1981642.4059],[248341.0825,1981632.5537],[248347.4204,1981626.6897],[248393.501,1981569.996],[248416.4022,1981540.99490001],[248438.7977,1981512.63420001],[248492.5911,1981446.508],[248561.4985,1981361.8028],[248575.8742,1981343.6035],[248620.8433,1981288.1008],[248627.4315,1981280.7189],[248637.6709,1981268.73330001],[248645.19,1981260.6796],[248658.3927,1981246.9741],[248637.0465,1981219.7384],[248602.3861,1981175.5529],[248560.4054,1981120.8722],[248534.506,1981089.9438],[248533.1533,1981088.3284],[248511.6828,1981066.4835],[248497.5668,1981051.9481],[248475.474,1981028.1356],[248438.3388,1980989.6228],[248373.8426,1980977.8641],[248321.2943,1980970.7468],[248301.39532179,1981085.0097038],[248287.5286,1981164.6346],[248216.9429,1981155.8239],[248159.7928,1981148.4156],[248111.7443,1981143.7589],[248066.3952,1981139.6598],[248076.1064,1981034.7989],[248084.1558,1980957.077],[248109.4509,1980895.2927],[248124.6644,1980737.8653],[248108.7894,1980688.2559],[247996.3413,1980551.9952],[247943.4245,1980522.2295],[247822.3774,1980564.5629],[247676.724,1980694.7911],[247645.981,1980709.9676],[247549.4525,1980757.6197],[247406.2398,1980828.1927]]]]},"geometry_name":"geometry","properties":{"ogc_fid":21,"zoning":"Em","zone_name":"Military and Public Security Zone","h":0,"e":0,"cos":0}},{"type":"Feature","id":"glup2030_cdudcp_v1.22","geometry":{"type":"MultiPolygon","coordinates":[[[[246781.2414,1978767.3554],[246773.4222,1978787.8747],[246771.0967,1978795.9297],[246770.0312,1978799.6203],[246767.6715,1978813.7792],[246766.607,1978831.7308],[246767.5078,1978856.6181],[246769.2935,1978867.8109],[246772.2923,1978877.0577],[246789.9438,1978912.3608],[246791.8297,1978915.8433],[246815.7929,1978960.0941],[246819.7172,1978967.3408],[246827.3641,1978981.4616],[246866.2667,1979056.5064],[246876.5061,1979075.53],[246882.768,1979088.352],[246889.4486,1979102.0313],[246890.3968,1979103.9728],[246905.4781,1979133.8707],[246908.9177,1979140.6176],[246910.902,1979146.0416],[246912.285,1979149.7584],[246913.0187,1979151.7301],[246914.4739,1979158.477],[246915.9291,1979165.4885],[246917.2521,1979176.4687],[246921.2803,1979234.2006],[246925.1425,1979290.1044],[246925.7432,1979297.3129],[246925.9303,1979299.5586],[246926.1722,1979304.6384],[246930.0726,1979356.393],[246930.4036,1979360.7849],[246930.6193,1979364.0483],[246931.7893,1979381.7501],[246934.6528,1979415.318],[246938.7298,1979463.1111],[246944.6312,1979542.5987],[246945.9665,1979551.9212],[246948.0722,1979563.5418],[246949.3422,1979568.7012],[246953.2929,1979578.7853],[246955.5345,1979584.1301],[246958.6634,1979591.5905],[246984.0224,1979652.0558],[246992.2886,1979671.7654],[247009.7702,1979718.7215],[247023.2581,1979754.9506],[247036.5105,1979791.6159],[247044.6882,1979814.2412],[247069.4545,1979882.7622],[247081.2152,1979915.6831],[247089.9706,1979939.2362],[247100.0007,1979966.2186],[247110.3195,1979993.8676],[247111.2146,1979996.4038],[247127.782,1980043.3448],[247139.8095,1980077.5092],[247144.1558,1980089.7628],[247159.7642,1980133.7682],[247165.4389,1980149.767],[247183.4474,1980197.3243],[247188.0524,1980210.0097],[247190.4845,1980218.0337],[247191.8393,1980221.8561],[247192.5988,1980223.9638],[247203.2701,1980253.5793],[247227.0897,1980319.6842],[247231.1266,1980330.8877],[247255.7881,1980401.4494],[247259.5826,1980411.9591],[247261.6943,1980417.6498],[247284.5072,1980491.1756],[247292.4017,1980516.6197],[247299.9258,1980540.8697],[247307.3421,1980560.3638],[247329.7691,1980619.3149],[247341.5978,1980650.4074],[247352.0033,1980679.0834],[247374.3018,1980740.5343],[247403.9073,1980822.1223],[247406.2398,1980828.1927],[247549.4525,1980757.6197],[247645.981,1980709.9676],[247676.724,1980694.7911],[247822.3774,1980564.5629],[247704.2186,1980490.9239],[247694.2967,1980513.0828],[247616.4467,1980506.0364],[247530.4532,1980506.2037],[247522.9125,1980424.4472],[247580.9704,1980422.0623],[247573.3158,1980379.9972],[247524.921,1980372.5218],[247414.7154,1980390.2639],[247384.4029,1980397.4597],[247375.6716,1980340.3096],[247398.6904,1980327.6095],[247402.2623,1980306.5751],[247417.8904,1980296.6012],[247422.503,1980277.6032],[247526.9044,1980275.6802],[247530.4532,1980256.1719],[247561.8064,1980258.5532],[247561.7137,1980253.1658],[247564.9814,1980239.5031],[247588.8116,1980238.3927],[247614.6056,1980239.5786],[247616.5752,1980225.6125],[247659.4378,1980227.5968],[247657.8503,1980177.5905],[247706.8721,1980167.9654],[247676.9169,1980006.1639],[247647.7597,1979858.028],[247642.7064,1979833.8057],[247633.1618,1979788.0549],[247621.9503,1979734.314],[247521.8873,1979739.605],[247508.3935,1979706.2674],[247503.8036,1979655.9108],[247506.0123,1979611.811],[247498.0747,1979548.3109],[247550.7682,1979485.1769],[247540.992,1979450.9601],[247501.4195,1979391.7949],[247482.8986,1979373.9355],[247423.3673,1979391.7949],[247358.1395,1979459.4275],[247278.0733,1979553.3379],[247224.6276,1979491.023],[247165.9558,1979446.3138],[247160.6642,1979411.9179],[247139.4407,1979342.9047],[247131.9528,1979318.5559],[247118.3307,1979320.3719],[247102.9849,1979291.7968],[247104.0432,1979233.0592],[247159.0098,1979217.8095],[247154.5041,1979170.4998],[247137.6167,1979119.935],[247115.1271,1979122.5809],[247089.9916,1978974.4139],[247058.2415,1978978.3827],[247048.9811,1978959.2003],[246982.8351,1978970.4451],[246951.7465,1978878.5023],[246994.7414,1978864.6116],[246997.3873,1978738.2728],[247019.8429,1978657.2496],[246891.5154,1978613.5521],[246828.0153,1978703.5106],[246781.2414,1978767.3554]]]]},"geometry_name":"geometry","properties":{"ogc_fid":22,"zoning":"UDb","zone_name":"Zone of Surroundings of Urban Area relevant to Ag*","h":20,"e":0.5,"cos":2}},{"type":"Feature","id":"glup2030_cdudcp_v1.23","geometry":{"type":"MultiPolygon","coordinates":[[[[248658.3927,1981246.9741],[248670.3784,1981235.54410001],[248684.5072,1981223.3997],[248719.4713,1981195.80700001],[248769.1808,1981157.3936],[248855.4691,1981091.4669],[248865.7426,1981083.6406],[248876.9628,1981075.09320001],[248892.0696,1981063.9225],[248894.898,1981061.61070001],[248897.6665,1981059.3478],[248899.6046,1981057.8942],[248906.2778,1981052.8893],[248944.6914,1981024.00430001],[249031.0537,1980957.25900001],[249035.2547,1980954.0122],[249045.9942,1980946.3949],[249080.0345,1980920.54040001],[249100.6004,1980904.9202],[249107.0981,1980899.86800001],[249123.3082,1980887.2644],[249161.8845,1980858.5305],[249215.4363,1980819.63670001],[249271.7927,1980781.5366],[249286.3122,1980771.9973],[249292.556,1980767.8952],[249371.4119,1980716.08690001],[249376.3606,1980712.6814],[249396.5046,1980700.5948],[249440.3707,1980674.27470001],[249486.7486,1980645.4865],[249540.5036,1980612.1189],[249545.0892,1980609.2772],[249557.3936,1980601.6519],[249587.4673,1980583.0147],[249666.5161,1980532.84960001],[249714.8706,1980502.7435],[249762.3259,1980473.19720001],[249780.8296,1980461.6766],[249867.672,1980407.8051],[249925.4093,1980369.95080001],[250020.3882,1980307.6799],[250026.1277,1980303.90030001],[250085.3445,1980266.23970001],[250110.0883,1980249.86460001],[250133.3271,1980234.4092],[250149.6657,1980223.54290001],[250175.3674,1980206.6704],[250196.9045,1980192.1182],[250239.2941,1980164.35230001],[250246.2705,1980159.7826],[250313.0886,1980116.1606],[250323.2358,1980109.16410001],[250343.6462,1980095.0909],[250368.2581,1980074.4865],[250374.8617,1980068.9581],[250383.4678,1980061.9168],[250407.8404,1980040.42070001],[250410.3425,1980036.2473],[250427.0003,1980008.463],[250441.8318,1979981.7739],[250454.8875,1979958.2802],[250467.4288,1979928.1177],[250473.4613,1979909.3851],[250479.6589,1979890.7339],[250488.6881,1979863.5614],[250502.9034,1979820.4756],[250505.0798,1979813.8793],[250509.2198,1979801.3313],[250519.1681,1979771.6979],[250529.6197,1979747.0031],[250537.1904,1979724.0557],[250540.4892,1979714.057],[250542.9936,1979706.1886],[250563.4755,1979641.838],[250586.4145,1979569.7676],[250592.7997,1979549.7064],[250608.4154,1979501.8624],[250634.7921,1979421.0486],[250675.3755,1979319.5906],[250678.2167,1979312.4875],[250711.8359,1979229.5484],[250739.1348,1979162.2017],[250741.4721,1979156.4274],[250808.7995,1978990.1],[250820.7721,1978960.5226],[250856.8878,1978868.3151],[250878.0509,1978810.2128],[250927.3994,1978671.8616],[250946.9534,1978618.3597],[250951.212,1978606.7078],[250959.0729,1978585.0604],[251016.0932,1978428.037],[251027.49515047,1978396.76892287],[251052.70737744,1978327.01583025],[251056.6804,1978315.0967],[251090.82250419,1978221.56509121],[251128.9824,1978116.8],[251137.27911317,1978095.60573399],[251150.96051045,1978060.65608976],[251156.49589217,1978046.51574883],[251161.67985942,1978033.27310939],[251169.71637426,1978012.7435298],[251183.01308472,1977978.7765825],[251212.66999854,1977903.01688006],[251269.83985974,1977756.97431809],[251328.94112087,1977605.99792232],[251338.81614712,1977580.77179612],[251344.42262701,1977566.44983224],[251350.7742,1977550.2245],[251356.84619367,1977539.97893217],[251362.30548148,1977530.76721249],[251367.0726,1977523.9778],[251375.3276,1977512.7594],[251382.1009,1977504.5044],[251390.60899916,1977495.67526769],[251393.3193,1977492.8627],[251405.088,1977481.6549],[251416.64081002,1977471.1550563],[251490.6259,1977448.6832],[251480.7178667,1977412.52400653],[251451.8966,1977307.3413],[251431.60509328,1977205.6394702],[251431.60509328,1977205.6394702],[251418.1738,1977138.3213],[251420.1196,1977100.3786],[251448.52304149,1977024.69714082],[251448.52304149,1977024.69714081],[251475.22666261,1976953.5448823],[251505.67281285,1976872.42059047],[251405.07551312,1976865.42696841],[251363.45551436,1976976.31860894],[251356.21852262,1976995.60073076],[251335.77147943,1977054.58258613],[251328.00076606,1977102.40236071],[251330.22933398,1977125.24518194],[251304.42964498,1977129.12864314],[251243.2528,1977138.3372],[251251.1903,1977187.5498],[251317.0717,1977178.8185],[251319.4529,1977328.0438],[251103.5525,1977354.2376],[251079.7399,1977267.7187],[251021.0023,1977246.2874],[250927.075,1977261.1041],[250843.4665,1977301.85],[250821.2415,1977351.0626],[250737.633,1977389.6918],[250707.9996,1977380.696],[250682.0704,1977310.8458],[250649.7911,1977321.4292],[250671.487,1977389.6918],[250643.9703,1977404.5085],[250516.4409,1977454.2503],[250380.5888,1977460.5682],[250257.6779,1977489.1754],[250221.1653,1977467.4795],[250199.4694,1977527.2754],[250115.8609,1977538.9171],[250023.7857,1977625.7006],[249995.2107,1977624.6423],[249907.3688,1977701.3716],[249829.5812,1977814.0843],[249821.47071572,1977841.39790467],[249806.6643,1977891.2615],[249794.2128,1977918.1738],[249773.31993057,1977915.53650763],[249736.3752,1977910.873],[249728.57699916,1978034.47441264],[249705.02714242,1978032.75288318],[249752.0852413,1978476.54166297],[249756.33714242,1978516.63988318],[249750.89242684,1978649.4979562],[249746.86514242,1978747.76888317],[249743.76157873,1978864.34508408],[249742.87614242,1978897.60388317],[249731.78214242,1979111.89188317],[249725.45656849,1979123.21838437],[249706.38714242,1979157.36388317],[249763.40930921,1979196.78961274],[249767.69514242,1979199.75288317],[249767.13694238,1979205.87573325],[249753.42197258,1979356.31410171],[249749.3615349,1979355.35175252],[249751.65533381,1979375.69221612],[249750.12914242,1979392.43288317],[249757.74149808,1979429.66181305],[249759.7831101,1979447.7659872],[249763.41387695,1979479.9621315],[249768.34148213,1979481.50201605],[249799.23914242,1979632.60988317],[249785.68114242,1979726.73688317],[249784.27614242,1979886.14688317],[249732.80414242,1979945.12488317],[249729.88314242,1979982.98288317],[249724.3647959,1979994.60373987],[249673.96914469,1980100.72984835],[249658.97714242,1980132.30088317],[249624.83414242,1980195.15088317],[249574.43714242,1980204.40388317],[249557.54244116,1980235.12070444],[249553.76814242,1980241.98288317],[249522.94214242,1980256.14188318],[249442.37814242,1980202.94488318],[249439.5027927,1980190.91801404],[249436.97293825,1980180.33626523],[249428.72014242,1980145.81688317],[249418.91514242,1980121.41588317],[249312.33984,1980066.45488355],[249309.46414242,1980064.97188317],[249307.52834372,1980056.67668664],[249295.93814242,1980007.01088317],[249287.41332943,1979979.37207953],[249284.701,1979980.601],[249234.9592,1980003.3553],[249189.9359,1980035.6124],[249153.5556,1980070.0083],[249117.3617,1980083.3412],[249066.9044,1980078.6073],[249017.6036,1980056.2941],[248902.7742,1980019.2523],[248907.0076,1979997.0273],[248817.6055,1979994.9044],[248804.1726,1980011.7117],[248750.1975,1979996.3658],[248730.3537,1979989.7512],[248580.0701,1979948.2116],[248582.4513,1979883.6531],[248616.1074,1979878.4939],[248614.003,1979842.1796],[248622.0975,1979842.6062],[248780.8479,1979805.5644],[248806.7771,1979732.0101],[248831.1188,1979674.3308],[248845.9355,1979638.8766],[248862.2673,1979566.7969],[248882.1306,1979474.5171],[248911.3216,1979417.3161],[248925.1832,1979367.1503],[248917.8494,1979324.3657],[248942.3234,1979211.9176],[248969.3771,1979202.6457],[248983.9261,1979114.2226],[248990.1478,1979068.5965],[248831.9258,1979053.7075],[248913.4176,1978709.7485],[248794.884,1978669.5317],[248576.8669,1978949.9906],[248339.1383,1979295.2725],[248212.9362,1979567.5606],[248136.9963,1979728.5727],[248132.2337,1979791.2791],[248173.5088,1979855.573],[248198.1151,1979876.2105],[248210.8152,1979958.7607],[248124.2962,1979979.3982],[248176.6838,1980159.5798],[248236.5433,1980257.574],[248244.7933,1980332.4148],[248257.6465,1980369.924],[248272.2317,1980396.3493],[248417.7528,1980494.2453],[248574.1838,1980499.1887],[248711.0441,1980506.4799],[248898.7836,1980511.1989],[248908.6705,1980625.994],[248900.733,1980710.9254],[248826.9141,1980721.2442],[248816.5953,1980940.3196],[248653.0825,1980947.4634],[248603.0762,1980834.7507],[248583.2324,1980739.5005],[248568.1511,1980706.9567],[248492.7447,1980664.8878],[248426.0696,1980677.5878],[248357.8069,1980750.613],[248347.4882,1980787.9193],[248321.2943,1980970.7468],[248373.8426,1980977.8641],[248438.3388,1980989.6228],[248475.474,1981028.1356],[248497.5668,1981051.9481],[248511.6828,1981066.4835],[248533.1533,1981088.3284],[248534.506,1981089.9438],[248560.4054,1981120.8722],[248602.3861,1981175.5529],[248637.0465,1981219.7384],[248658.3927,1981246.9741]]]]},"geometry_name":"geometry","properties":{"ogc_fid":23,"zoning":"UDb","zone_name":"Zone of Surroundings of Urban Area relevant to Ag*","h":20,"e":0.5,"cos":2}},{"type":"Feature","id":"glup2030_cdudcp_v1.24","geometry":{"type":"MultiPolygon","coordinates":[[[[252526.7818,1998435.0292],[252211.3228,1997782.264],[252008.4288,1997427.1995],[251970.6407,1997368.1556],[251776.55,1997064.8888],[251602.6408,1996789.5326],[251513.0101,1996632.5987],[251439.3499,1996605.0159],[251349.656,1996571.6783],[251312.7465,1996557.7876],[251300.8403,1996550.6439],[251296.0777,1996541.9126],[251294.4902,1996530.4032],[251286.9496,1996453.8062],[251279.409,1996396.8545],[251272.2652,1996315.6934],[251260.3589,1996208.1401],[251253.2152,1996131.3446],[251250.0402,1996109.9133],[251246.8651,1996088.0851],[251241.7058,1996065.8601],[251216.7026,1995966.4427],[251192.4932,1995870.0019],[251174.2369,1995797.9689],[251171.8047,1995787.6996],[251170.665,1995782.8877],[251169.4744,1995772.9658],[251170.2681,1995763.0439],[251174.6338,1995751.9314],[251196.4619,1995706.8859],[251213.5276,1995670.3734],[251219.7453,1995652.0509],[251224.9047,1995629.429],[251228.8734,1995606.4102],[251232.8422,1995577.4383],[251234.4297,1995557.5945],[251235.6203,1995533.782],[251156.0486,1995533.782],[251091.5544,1995533.782],[251084.0138,1995534.1788],[251043.1356,1995545.6882],[251016.9418,1995550.4507],[250966.5385,1995551.2445],[250945.7842,1995552.6281],[250938.7572,1995553.0966],[250771.2751,1995651.9178],[250692.2974,1995689.225],[250626.416,1995711.0531],[250575.219,1995740.0251],[250525.6923,1995766.2644],[250530.596,1995775.5463],[250534.8554,1995787.0717],[250535.9707,1995790.0895],[250538.721,1995797.5315],[250543.5748,1995809.6106],[250554.2904,1995830.645],[250578.7644,1995873.2431],[250605.752,1995916.6348],[250615.9385,1995937.4046],[250618.7166,1995952.8828],[250620.3041,1995966.3766],[250623.4791,1996001.3016],[250624.9071,1996019.5003],[250625.5281,1996023.9459],[250626.7211,1996029.2805],[250627.3383,1996032.0404],[250629.799,1996039.9614],[250632.894,1996047.6567],[250634.6852,1996051.2395],[250636.0617,1996053.9927],[250641.6302,1996063.0132],[250659.0927,1996095.8216],[250674.9677,1996129.9529],[250683.9636,1996150.5904],[250685.6925,1996153.8682],[250696.6636,1996174.6675],[250703.0959,1996188.4013],[250706.4532,1996195.5697],[250721.5345,1996224.1447],[250738.997,1996261.9802],[250750.4518,1996284.6736],[250753.02,1996289.7615],[250775.6168,1996335.3608],[250642.5444,1996374.4332],[250504.2993,1996410.8135],[250463.2888,1996418.751],[250405.7418,1996426.6886],[250350.8407,1996434.6261],[250238.3925,1996459.7615],[250250.0411,1996508.3636],[250258.0026,1996541.2537],[250263.9685,1996564.747],[250275.1454,1996605.2304],[250278.5875,1996617.9621],[250283.9296,1996637.7213],[250285.0279,1996641.5067],[250295.7829,1996678.573],[250298.605,1996688.9441],[250308.483,1996725.2456],[250319.1889,1996762.782],[250332.7453,1996811.2354],[250346.8212,1996860.448],[250359.3095,1996908.6022],[250366.2873,1996934.1],[250373.3854,1996960.0373],[250382.3812,1996992.5282],[250384.4655,1997000.246],[250396.9863,1997046.6092],[250404.7529,1997074.6849],[250375.4189,1997083.1599],[250333.5088,1997092.05],[250322.0871,1997094.2308],[250284.455,1997101.4162],[250234.258,1997110.6931],[250221.7486,1997113.005],[250143.9609,1997128.88],[250098.8759,1997139.8338],[250084.9058,1997145.5488],[250077.2746,1997150.7893],[250070.142,1997158.5663],[250058.641,1997170.8716],[250047.4407,1997182.8551],[250027.9145,1997201.1114],[250020.6,1997208.3179],[250012.7752,1997214.9666],[250004.4824,1997221.0218],[249995.7667,1997226.4504],[249986.6752,1997231.2232],[249977.2572,1997235.3142],[249950.2697,1997244.5217],[249916.4559,1997258.8886],[249899.8665,1997268.0961],[249868.8308,1997287.543],[249850.6539,1997299.1318],[249841.1288,1997306.0375],[249837.2485,1997310.6076],[249835.4424,1997312.7591],[249830.9212,1997318.1448],[249813.247,1997339.3115],[249806.3678,1997347.9899],[249801.0761,1997353.4932],[249793.9853,1997359.2082],[249787.4426,1997364.1984],[249775.2527,1997373.4958],[249759.166,1997385.8465],[249730.9085,1997407.2778],[249701.3809,1997432.6779],[249674.2346,1997458.8717],[249648.0408,1997483.3192],[249642.3427,1997489.4437],[249637.188,1997496.0321],[249632.6144,1997503.0364],[249628.6553,1997510.4055],[249625.3395,1997518.0855],[249609.6232,1997553.9631],[249604.2257,1997563.4881],[249597.5582,1997576.6644],[249588.0332,1997589.3644],[249573.7457,1997607.9382],[249566.4432,1997615.3995],[249559.4581,1997619.6857],[249544.3769,1997627.4645],[249533.4231,1997633.9733],[249525.1681,1997640.6408],[249520.9764,1997645.2898],[249516.4368,1997650.3246],[249508.9755,1997657.7858],[249504.3718,1997664.4533],[249498.0218,1997669.6921],[249489.4493,1997675.5659],[249481.1942,1997682.2334],[249468.8117,1997697.3147],[249452.7779,1997716.8409],[249446.4226,1997726.8488],[249438.9667,1997738.5897],[249423.7266,1997762.7198],[249421.1512,1997766.2998],[249417.9939,1997769.3789],[249414.3503,1997771.8637],[249410.3311,1997773.6788],[249406.0579,1997774.7694],[249401.6603,1997775.1023],[249385.1503,1997778.1186],[249369.2753,1997780.1823],[249357.9126,1997782.4215],[249346.4422,1997784.0202],[249334.9002,1997784.9733],[249323.323,1997785.2778],[249311.7469,1997784.9328],[249300.2083,1997783.9394],[249278.9358,1997781.9286],[249230.464,1997778.8594],[249200.7248,1997778.1186],[249192.9607,1997779.0522],[249193.893,1997783.0445],[249175.9013,1997782.5765],[249111.7397,1997779.5999],[249051.5469,1997776.2926],[249041.5309,1997776.462],[248993.7405,1997777.2705],[248993.0409,1997773.7723],[248988.3842,1997757.6856],[248987.3259,1997736.7306],[248983.9392,1997701.5939],[248980.3408,1997655.4504],[248975.8958,1997594.067],[248972.0858,1997534.8002],[248969.1225,1997498.3934],[248968.1567,1997482.0391],[248965.9475,1997444.63],[248963.7246,1997371.0907],[248963.4075,1997360.5982],[248961.0791,1997267.253],[248960.8675,1997197.1912],[248966.1592,1997154.4344],[248967.2561,1997128.4364],[248968.2758,1997104.2693],[248967.8525,1997043.0975],[248967.6408,1996995.6841],[248967.2175,1996919.2723],[248967.8525,1996828.6788],[248966.8238,1996800.4243],[248964.6775,1996741.4719],[248961.0593,1996690.8167],[248959.5975,1996670.3518],[248957.6925,1996616.3767],[248954.5175,1996549.7016],[248948.3207,1996462.1011],[248945.8475,1996370.0454],[248945.3441,1996351.3067],[248943.5078,1996332.1987],[248933.1071,1996223.9757],[248928.8076,1996120.788],[248930.1305,1996073.1629],[248933.1071,1995992.1341],[248933.8095,1995988.3781],[248939.9137,1995955.7336],[248940.7139,1995951.4543],[248948.6514,1995916.3969],[248963.865,1995859.8421],[248970.3953,1995835.9815],[248973.843,1995823.3842],[248989.6619,1995765.5841],[248998.901,1995742.1784],[249000.4823,1995738.1724],[249004.5448,1995727.8809],[249026.3729,1995681.9095],[249035.6252,1995664.947],[249037.1798,1995662.0969],[249040.2636,1995656.4433],[249045.5553,1995646.2403],[249045.8273,1995643.384],[249046.8782,1995632.3496],[249046.7155,1995624.906],[249046.349,1995608.1402],[249046.4917,1995590.8647],[249046.5391,1995585.1287],[249031.0665,1995585.9683],[249004.8727,1995589.5402],[248987.6747,1995592.186],[248974.0486,1995595.361],[248959.3642,1995599.9913],[248942.2986,1995607.9288],[248902.3729,1995625.4178],[248884.8936,1995632.9464],[248865.2403,1995641.4114],[248838.9786,1995652.7228],[248759.0742,1995686.3779],[248676.2066,1995723.6313],[248657.2882,1995731.9383],[248555.9212,1995776.4479],[248498.8355,1995801.5139],[248428.9551,1995831.6402],[248347.1701,1995868.4927],[248258.8176,1995904.9921],[248217.7793,1995923.979],[248208.3235,1995928.3539],[248185.9327,1995938.7133],[248094.6513,1995978.5596],[248071.6325,1995989.6721],[248045.7562,1996002.5309],[247922.5659,1996055.236],[247837.7932,1996092.2248],[247808.1795,1996105.0308],[247801.6602,1996107.9917],[247738.8706,1996136.5096],[247700.6118,1996153.734],[247521.5097,1996227.8823],[247473.7491,1996247.4563],[247486.1771,1996288.5809],[247488.3954,1996297.5958],[247498.6125,1996339.1164],[247503.244,1996358.9781],[247505.4917,1996368.6175],[247508.6667,1996383.9634],[247511.5033,1996408.6927],[247513.8261,1996428.9426],[247520.0438,1996485.5636],[247522.6662,1996509.2089],[247523.4182,1996515.9893],[247527.9813,1996557.1335],[247531.1075,1996582.9081],[247534.4636,1996610.5794],[247536.5915,1996637.532],[247537.6386,1996650.7962],[247538.5934,1996659.1013],[247538.77,1996667.4593],[247538.1668,1996675.7974],[247536.7891,1996684.0429],[247534.6488,1996692.1242],[247529.4907,1996704.5037],[247526.1822,1996712.4442],[247510.3071,1996741.7601],[247494.9613,1996764.3027],[247500.2003,1996766.9309],[247627.7393,1996894.4699],[247648.4598,1996998.0723],[247653.1632,1997021.589],[247618.4295,1997039.5424],[247698.3338,1997128.9717],[247739.0797,1997103.5717],[247756.5422,1997275.022],[247747.5464,1997327.4096],[247749.6631,1997377.1514],[247747.811,1997421.0723],[247738.286,1997485.1016],[247719.1301,1997632.8188],[247716.352,1997746.5898],[247693.095,1997971.3009],[247650.1002,1998024.2177],[247706.3242,1998102.2699],[247686.4804,1998167.7544],[247578.8722,1998145.6955],[247531.3598,1998252.1759],[247502.7473,1998316.2996],[247483.4795,1998332.5063],[247465.4552,1998367.8039],[247443.5163,1998410.7676],[247447.36627987,1998430.58819378],[247449.4103,1998431.1114],[247481.1412,1998421.9183],[247641.9103,1998375.34],[247653.6912,1998371.262],[247826.1334,1998311.5705],[248084.2579,1998247.0394],[248246.3544,1998206.5153],[248251.0235,1998205.348],[248316.3438,1998215.1018],[248392.9737,1998226.5445],[248577.1967,1998417.8531],[248704.7358,1998800.4702],[248952.7284,1999083.8903],[249016.4979,1999239.7714],[249073.182,1999303.5409],[249172.379,1999331.883],[249285.7471,1999225.6004],[249363.6876,1999119.3179],[249505.3976,1999020.1208],[249866.7583,1998956.3513],[250348.5725,1998956.3513],[250610.7361,1998977.6078],[251050.0373,1998977.6078],[251205.9184,1998977.6078],[251312.2009,1998970.5223],[251531.8515,1998878.4108],[251886.1267,1998715.4442],[252169.5468,1998580.8196],[252526.7818,1998435.0292]]]]},"geometry_name":"geometry","properties":{"ogc_fid":24,"zoning":"UEa","zone_name":"City-Expansion Zone","h":23,"e":0.5,"cos":5}},{"type":"Feature","id":"glup2030_cdudcp_v1.25","geometry":{"type":"MultiPolygon","coordinates":[[[[247473.7491,1996247.45630001],[247521.5097,1996227.8823],[247700.6118,1996153.734],[247738.8706,1996136.5096],[247801.6602,1996107.9917],[247808.1795,1996105.0308],[247837.7932,1996092.2248],[247922.56590001,1996055.23600001],[248045.75620001,1996002.53090001],[248071.6325,1995989.6721],[248094.6513,1995978.5596],[248185.9327,1995938.71330001],[248208.3235,1995928.35390001],[248217.77930001,1995923.979],[248258.81760001,1995904.99210001],[248347.1701,1995868.4927],[248428.95510001,1995831.6402],[248498.8355,1995801.51390001],[248555.9212,1995776.4479],[248657.28820001,1995731.93830001],[248676.2066,1995723.6313],[248759.0742,1995686.3779],[248838.97860001,1995652.7228],[248865.2403,1995641.41140001],[248862.169,1995628.12340001],[248857.69420001,1995608.7634],[248852.9317,1995574.6321],[248848.9629,1995527.007],[248846.5816,1995510.7351],[248837.8504,1995495.65380001],[248824.0534,1995478.5265],[248791.8128,1995438.5037],[248741.0272,1995384.5441],[248737.1509,1995387.8387],[248723.5118,1995398.95680001],[248718.2555,1995403.7961],[248714.4999,1995407.2539],[248696.5626,1995422.6287],[248676.71880001,1995396.4349],[248666.18120001,1995379.5747],[248652.9063,1995358.3348],[248623.5374,1995308.3284],[248609.24990001,1995282.9284],[248598.1374,1995255.94080001],[248577.4999,1995190.8532],[248553.6844,1995190.2862],[248544.1623,1995190.0595],[248530.401,1995190.05950001],[248517.96850001,1995190.05950001],[248490.9809,1995186.8844],[248471.9309,1995187.6782],[248449.7059,1995190.8532],[248437.00580001,1995194.822],[248426.6871,1995199.58450001],[248420.337,1995208.3157],[248376.6807,1995216.25330001],[248337.7869,1995228.1595],[248340.1681,1995248.7971],[248321.1181,1995256.7346],[248313.1806,1995263.0846],[248308.41250001,1995266.1498],[248302.0681,1995270.22840001],[248279.0493,1995278.95960001],[248276.668,1995286.8971],[248274.28670001,1995301.97840001],[248274.924,1995307.0761],[248275.8743,1995314.6784],[248239.3617,1995339.2847],[248234.28040001,1995342.5935],[248205.2304,1995361.5098],[248207.6116,1995394.8474],[248174.274,1995401.9911],[248150.46150001,1995347.22230001],[248121.0927,1995300.3909],[248097.2801,1995253.5596],[248079.0239,1995207.522],[248077.4364,1995198.7907],[248070.0681,1995187.48420001],[248054.4176,1995163.46880001],[248036.955,1995140.45],[248034.3546,1995137.17120001],[248018.6987,1995117.43120001],[247989.3299,1995080.1249],[247957.5799,1995042.02480001],[247934.56110001,1995016.6247],[247905.1923,1995032.4998],[247884.55470001,1995042.0248],[247878.4269,1995043.3149],[247869.47340001,1995045.1998],[247859.9484,1995045.1998],[247845.6609,1995049.1685],[247814.7046,1995015.4341],[247776.6045,1994971.7778],[247750.9276,1994947.2421],[247740.8857,1994937.6464],[247713.8981,1994912.2464],[247681.3543,1994885.2588],[247677.5193,1994882.60380001],[247669.3795,1994876.96860001],[247660.7168,1994870.9713],[247646.76510001,1994861.67020001],[247641.66670001,1994858.2713],[247637.0343,1994854.6215],[247632.3776,1994849.2221],[247618.7452,1994837.0247],[247616.2909,1994834.82870001],[247590.6792,1994818.107],[247562.7391,1994799.26860001],[247551.597,1994787.5252],[247554.58100001,1994784.9284],[247582.8915,1994761.2481],[247604.5833,1994742.0526],[247616.229,1994731.747],[247629.45820001,1994718.78240001],[247631.60040001,1994715.62370001],[247624.9609,1994706.6967],[247620.7059,1994700.9757],[247605.1484,1994681.7669],[247594.67080001,1994670.6544],[247583.5583,1994655.09690001],[247567.36580001,1994632.0781],[247557.9995,1994617.31430001],[247547.8395,1994600.0105],[247533.8695,1994578.4205],[247523.013,1994564.4214],[247504.8182,1994540.1617],[247491.1656,1994517.4604],[247476.71940001,1994498.0928],[247466.4006,1994481.9003],[247449.4143,1994459.5165],[247437.03180001,1994446.02270001],[247427.7677,1994434.00990001],[247426.2293,1994432.01510001],[247422.5855,1994427.29020001],[247413.0605,1994416.1777],[247402.9005,1994398.87390001],[247391.1529,1994381.2526],[247388.1626,1994376.8269],[247379.9763,1994364.7111],[247369.5629,1994351.2488],[247363.6334,1994340.9122],[247357.8154,1994330.77],[247345.9091,1994312.5137],[247327.0178,1994284.2562],[247314.4765,1994260.60240001],[247304.2124,1994242.84830001],[247296.8553,1994230.1223],[247287.4385,1994211.38480001],[247281.2977,1994199.16600001],[247279.00690001,1994200.33190001],[247271.39100001,1994187.4581],[247248.95430001,1994148.93470001],[247240.6993,1994132.848],[247236.2542,1994121.2063],[247233.50990001,1994114.34540001],[247230.7509,1994107.448],[247227.6963,1994101.33870001],[247225.0359,1994096.01790001],[247219.32090001,1994089.4563],[247212.1242,1994087.7629],[247192.7449,1994059.77410001],[247183.5718,1994046.2623],[247147.19150001,1993980.77780001],[247133.206,1993955.3243],[247114.1185,1993920.585],[247085.0143,1993865.4192],[247074.3279,1993839.8649],[247069.8007,1993829.039],[247057.233,1993793.3201],[247038.7121,1993730.4153],[247022.6449,1993677.71500001],[247013.1004,1993658.3559],[246992.0792,1993626.3016],[246964.9593,1993589.2598],[246958.6491,1993580.9663],[246939.7334,1993560.54400001],[246915.6562,1993532.7627],[246896.3416,1993508.4209],[246876.4978,1993482.4917],[246851.627,1993450.53000001],[246831.5186,1993422.8016],[246818.303,1993406.60480001],[246814.3735,1993401.2116],[246795.3235,1993379.88610001],[246777.13340001,1993353.097],[246750.675,1993319.6933],[246721.5708,1993284.30520001],[246701.0655,1993259.8312],[246687.5056,1993238.3337],[246663.5467,1993197.6744],[246653.0757,1993166.10080001],[246651.692,1993162.9491],[246634.22950001,1993122.46770001],[246631.9601,1993117.041],[246628.6569,1993109.142],[246626.6412,1993104.3218],[246615.9732,1993078.8114],[246604.0669,1993039.91760001],[246598.9159,1993015.1289],[246597.1762,1993006.7565],[246596.5716,1993003.84690001],[246590.4382,1993002.44220001],[246578.28330001,1993003.69710001],[246568.2821,1993005.1259],[246552.5658,1993007.34840001],[246540.5008,1993009.09470001],[246518.117,1993010.5234],[246496.6857,1993011.15840001],[246449.5524,1993013.1341],[246438.1218,1993013.4224],[246429.9575,1993013.5121],[246387.0949,1993015.6288],[246378.6394,1993015.9468],[246353.3959,1993016.505],[246346.7833,1993016.6513],[246345.20580001,1992966.3644],[246345.8041,1992948.11730001],[246346.94060001,1992913.4543],[246347.3225,1992901.8059],[246347.037,1992890.6722],[246346.2641,1992860.5308],[246349.4391,1992822.43080001],[246349.75800001,1992816.2126],[246351.5558,1992781.1557],[246349.17460001,1992758.79830001],[246347.79790001,1992728.5116],[246347.2035,1992715.43530001],[246346.7933,1992706.4107],[246347.77720001,1992682.79730001],[246349.1746,1992649.2606],[246349.1746,1992607.1918],[246349.1745998,1992603.232223],[246349.1746,1992573.8099],[246349.17459983,1992567.97664831],[246349.17460001,1992550.8354],[246347.9213,1992532.4535],[246346.7933,1992515.9104],[246345.28930001,1992503.8785],[246343.5166,1992489.69640001],[246342.5285,1992481.7922],[246341.80870001,1992473.9177],[246340.3268,1992468.3593],[246336.0668,1992456.245],[246335.2468,1992453.91310001],[246331.7543,1992443.11800001],[246328.10300001,1992425.0205],[246323.4993,1992394.2229],[246318.8955,1992371.68040001],[246318.1674,1992358.13730001],[246314.2918,1992340.0891],[246310.323,1992325.4841],[246309.9537,1992316.06600001],[246309.688,1992309.2915],[246307.4655,1992298.17900001],[246304.608,1992275.4777],[246302.70300001,1992265.95270001],[246300.6392,1992262.30140001],[246300.3064,1992246.3681],[246299.77380001,1992220.8742],[246300.766,1992216.9054],[246299.7738,1992207.3143],[246306.6976,1992191.3044],[246311.7015,1992172.86200001],[246313.60170001,1992165.49890001],[246327.7433,1992110.70020001],[246333.9149,1992089.35680001],[246337.2683,1992077.7595],[246342.8246,1992046.8032],[246346.5615,1992032.6859],[246349.96830001,1992019.81560001],[246371.3996,1991975.3655],[246378.30540001,1991960.2984],[246380.1309,1991956.31550001],[246388.8314,1991919.3382],[246389.6559,1991915.83420001],[246406.15610001,1991869.28000001],[246411.8809,1991853.12780001],[246413.8268,1991848.5873],[246428.096,1991852.5849],[246430.8477,1991844.1182],[246431.6943,1991839.4615],[246431.0593,1991835.6515],[246429.7893,1991830.7831],[246429.1543,1991824.6448],[246430.6757,1991812.0638],[246434.31370001,1991805.1185],[246438.9439,1991798.1732],[246448.2044,1991786.92840001],[246466.06380001,1991766.4231],[246510.71230001,1991702.2615],[246532.5405,1991666.5427],[246556.353,1991635.7848],[246565.6135,1991625.5322],[246574.2124,1991616.27180001],[246585.1265,1991609.3264],[246598.6864,1991598.7431],[246629.4443,1991574.93050001],[246648.1249,1991557.8744],[246652.2647,1991554.09460001],[246667.8917,1991538.881],[246672.0399,1991535.86410001],[246696.9959,1991517.7143],[246739.3293,1991495.8861],[246762.8051,1991486.35850001],[246761.3086,1991477.131],[246758.7825,1991461.5547],[246755.0776,1991438.7095],[246749.54330001,1991404.58450001],[246748.6271,1991398.0948],[246747.6166,1991390.93740001],[246735.9066,1991320.3071],[246734.0087,1991308.8597],[246729.7738,1991283.3164],[246727.74330001,1991271.0691],[246722.8565,1991241.59390001],[246721.5465,1991233.69260001],[246718.588,1991215.8481],[246715.57210001,1991197.65690001],[246715.1523,1991195.125],[246711.9773,1991169.72500001],[246710.49560001,1991154.06160001],[246709.86060001,1991140.09160001],[246710.0061,1991135.36260001],[246710.28400001,1991126.33320001],[246711.76560001,1991115.7499],[246720.39340001,1991067.59270001],[246723.78650001,1991035.21060001],[246723.3897,1991027.7361],[246722.7944,1991022.17980001],[246721.53760001,1991018.9386],[246718.6375,1991014.68950001],[246710.1782,1991002.87640001],[246692.7431,1991013.21270001],[246680.4664,1991030.3578],[246661.2047,1991069.51619999],[246656.89229969,1991075.14572158],[246652.0574492,1991080.33345043],[246646.74515629,1991085.03109383],[246641.00487319,1991089.19492138],[246634.89003635,1991092.78617184],[246628.45756889,1991095.77141424],[246621.76735082,1991098.12285887],[246614.8816615,1991099.81861607],[246607.8646,1991100.84290001],[246565.9545,1991103.8062],[246543.51780001,1991108.67460001],[246521.71610001,1991116.0829],[246473.45600001,1991113.7546],[246424.13760001,1991100.6312],[246389.21250001,1991092.7996],[246347.93740001,1991078.61790001],[246318.7274,1991067.18780001],[246303.9107,1991059.14450001],[246282.744,1991046.2328],[246264.11720001,1991037.1311],[246255.75332694,1991034.17783784],[246247.17707457,1991031.91420686],[246238.44520243,1991030.35518827],[246229.6155,1991029.51110001],[246143.89030001,1991033.9561],[246005.88340001,1991041.78780001],[245930.95330001,1991046.44450001],[245923.08760041,1991047.1315185],[245915.32020036,1991048.54881196],[245907.71875043,1991050.68403642],[245900.34945588,1991053.51859502],[245893.27650001,1991057.0278],[245831.89310001,1991095.3396],[245766.6996,1991131.74630002],[245761.73965311,1991133.49777753],[245756.57231371,1991134.4813171],[245751.31575062,1991134.67442671],[245746.09017314,1991134.07269029],[245741.01508194,1991132.68986857],[245736.2065363,1991130.55758448],[245731.77449999,1991127.72460001],[245703.6228,1991087.9312],[245644.1443,1990989.92930001],[245641.77733498,1990985.75663419],[245638.88389526,1990981.93019069],[245635.51390019,1990978.51598556],[245631.72549094,1990975.57292276],[245627.58402744,1990973.1517777],[245623.16096066,1990971.29432147],[245618.53260001,1990970.0326],[245605.1976,1990969.186],[245549.5292,1990969.186],[245533.44250001,1990966.85760001],[245502.1157,1990956.48590001],[245482.64240001,1990946.3259],[245442.0023,1990914.1525],[245415.1206,1990879.86250001],[245397.8159,1990858.4687],[245396.5163,1990860.06830001],[245393.5,1990866.2331],[245390.7219,1990872.05390001],[245388.86980001,1990874.17060002],[245386.77860001,1990876.99980001],[245376.30109999,1990873.1898],[245363.4423,1990868.2685],[245344.86850001,1990864.45850001],[245322.80220001,1990862.39470001],[245298.6722,1990858.7435],[245277.40460001,1990855.10430001],[245278.11510001,1990848.9758],[245281.2901,1990825.2956],[245283.076,1990810.45680001],[245283.73750001,1990804.63600001],[245284.6635,1990799.212],[245286.11870001,1990792.20050001],[245288.5,1990781.74950001],[245292.20420001,1990769.5786],[245296.38130001,1990755.53580001],[245306.68470001,1990721.49370001],[245296.7364,1990722.1287],[245283.8247,1990722.7637],[245272.39460001,1990722.7637],[245261.5996,1990721.917],[245246.1479,1990719.377],[245229.6862,1990717.5427],[245216.5145,1990716.075],[245186.5636,1990712.8153],[245166.25519999,1990710.61980001],[245147.40520001,1990708.58200001],[245089.99050001,1990702.4965],[245021.7114,1990695.91830001],[244985.83380001,1990693.6958],[244944.71750001,1990689.56830001],[244926.564,1990688.101],[244899.1932,1990685.88860001],[244860.7431,1990682.7808],[244858.01490001,1990682.56030001],[244786.34700001,1990675.9199],[244751.69240001,1990673.28200001],[244724.76890001,1990671.23260001],[244720.3412,1990670.78940001],[244690.2319,1990667.77540001],[244631.4943,1990661.95460001],[244514.83250001,1990648.5523],[244511.128,1990648.12680001],[244510.86340001,1990661.62050001],[244514.0633,1990724.397],[244516.66770001,1990775.4908],[244520.6365,1990841.30610001],[244521.95940001,1990869.7488],[244517.78740001,1990869.8451],[244512.23110001,1990869.0514],[244482.6506,1990863.15110001],[244469.3156,1990858.2828],[244455.5573,1990854.8961],[244442.85720001,1990853.62610001],[244425.0772,1990848.12280001],[244406.66220001,1990843.88940001],[244400.3885,1990843.4068],[244384.64880001,1990842.19610001],[244367.08040001,1990838.38610001],[244355.2271,1990835.21110001],[244326.55500001,1990824.4183],[244314.1715,1990821.5296],[244282.4214,1990811.36950001],[244245.803,1990800.1512],[244211.7246,1990787.8745],[244188.6529,1990775.1745],[244165.36950001,1990760.7811],[244143.1445,1990743.4244],[244125.2161,1990724.29740001],[244121.9088,1990722.7099],[244117.41090001,1990719.79940002],[244112.3838,1990713.5817],[244103.9171,1990703.9244],[244090.76730001,1990688.63810001],[244077.4323,1990671.3343],[244075.10330001,1990667.9701],[244068.8598,1990658.9518],[244065.36730001,1990652.6018],[244059.176,1990647.2042],[244056.31850001,1990641.48920001],[244052.191,1990632.75800001],[244046.63470001,1990619.7404],[244037.70500001,1990602.2911],[244033.26000001,1990590.7024],[244030.0718,1990583.812],[244022.3459,1990567.1147],[244013.03259999,1990552.7213],[244005.2009,1990534.72960001],[243997.1575,1990516.10290001],[243984.9867,1990489.5784],[243967.4183,1990452.7483],[243960.01,1990436.45],[243946.6749,1990404.2766],[243933.7632,1990378.4532],[243924.7674,1990358.874],[243895.66320001,1990297.2259],[243875.3828,1990254.5618],[243842.6802,1990181.2191],[243834.1067,1990165.37060001],[243818.6361,1990181.78760001],[243811.4387,1990189.4253],[243809.8997,1990191.0584],[243753.90220001,1990250.48150001],[243612.6906,1990403.5974],[243562.2983,1990458.23800001],[243527.9024,1990492.8984],[243457.8053,1990559.3795],[243420.95010001,1990592.90170001],[243371.207,1990638.1462],[243307.4423,1990695.03170001],[243290.8426,1990709.22470001],[243197.2569,1990789.2417],[243167.9991,1990815.63160001],[243153.2586,1990828.9272],[243107.36380001,1990870.3234],[243003.8883,1990963.6562],[242939.1586,1991021.8196],[242902.571,1991054.6957],[242869.01730001,1991091.1275],[242860.1985,1991100.7027],[242858.622,1991102.4791],[242832.0204,1991132.4528],[242823.43050001,1991140.627],[242807.4141,1991155.8684],[242778.0453,1991182.06220001],[242748.2796,1991208.6529],[242742.2237,1991213.8099],[242737.9403,1991217.4574],[242700.85670001,1991249.03640001],[242675.38860001,1991269.0901],[242641.86580001,1991294.2917],[242596.9924,1991323.7134],[242512.1244,1991377.3552],[242450.5293,1991416.3019],[242440.68410001,1991422.57760001],[242357.4664,1991475.62380001],[242349.6623,1991480.5396],[242222.5286,1991560.62140001],[242104.3169,1991634.4447],[242018.433,1991689.0548],[241940.3014,1991739.2827],[241871.0425,1991782.5523],[241858.6415,1991790.29980001],[241804.1285,1991824.24590001],[241781.9878,1991838.94470001],[241740.7606,1991866.3147],[241707.04210001,1991891.5772],[241652.5819,1991937.5795],[241608.0546,1991974.048],[241584.7712,1991993.2303],[241551.4337,1992020.21790001],[241534.5003,1992033.3148],[241560.71190001,1992059.1955],[241585.2653,1992085.75970001],[241622.20120001,1992127.98730001],[241644.4263,1992155.71570001],[241661.04210001,1992178.8932],[241681.1505,1992205.66910002],[241685.7369,1992211.68010001],[241695.12050001,1992223.9783],[241703.3756,1992239.5358],[241712.9006,1992260.7026],[241717.45140001,1992276.0484],[241718.2451,1992277.9759],[241724.85980002,1992294.04010001],[241734.70230001,1992317.3235],[241743.38060001,1992338.8077],[241755.9748,1992371.72190002],[241769.4157,1992404.31870001],[241777.5905,1992425.2823],[241786.66660001,1992448.5571],[241797.88490001,1992478.40220002],[241810.91790001,1992510.53200001],[241813.12490001,1992515.9731],[241826.56880001,1992551.2632],[241830.0583,1992560.4232],[241838.10170002,1992583.9182],[241842.6525,1992595.4541],[241846.78,1992605.4024],[241853.76500001,1992620.74830001],[241856.8682,1992628.89720001],[241866.78260001,1992654.93250001],[241877.89510001,1992684.0367],[241890.4101,1992715.3706],[241892.18260001,1992719.8085],[241901.17850001,1992742.88020001],[241917.79430001,1992785.84860001],[241929.11850001,1992817.81030001],[241934.51600001,1992831.03950001],[241939.91350001,1992842.0462],[241943.72350001,1992851.8887],[241945.4407,1992858.9944],[241946.79270001,1992864.58880001],[241950.81440002,1992874.4313],[241962.56190001,1992903.218],[241976.3009,1992934.63200001],[241982.14110001,1992947.98560001],[241994.41780001,1992971.7981],[241999.2488,1992981.03190001],[242004.5696,1992989.99230001],[242010.3649,1992998.6534],[242016.61790001,1993006.9901],[242023.3104,1993014.97820001],[242043.94790001,1993042.28330001],[242058.66080001,1993061.0705],[242064.58550001,1993068.63580001],[242075.48630002,1993083.77000001],[242080.677,1993093.47660001],[242086.06970001,1993103.56090001],[242092.84300001,1993119.85930001],[242099.82800001,1993138.90930001],[242105.96640001,1993155.7368],[242113.48050001,1993174.36350001],[242121.77230001,1993197.21770002],[242130.41390001,1993221.03610001],[242136.27560001,1993237.2889],[242144.3839,1993259.77120001],[242145.85650001,1993263.6668],[242146.67850002,1993267.74950001],[242146.8283,1993271.91140001],[242146.3019,1993276.04270001],[242145.1133,1993280.0341],[242143.2937,1993283.78020002],[242140.89140001,1993287.18210001],[242126.70970001,1993306.65550001],[242102.6855,1993337.3472],[242098.73950001,1993343.05590001],[242095.3684,1993349.12180001],[242092.60420001,1993355.48730001],[242090.47340002,1993362.0918],[242088.996,1993368.87240002],[242088.18630001,1993375.76480001],[242087.12800001,1993387.82980001],[242087.26280001,1993397.34890001],[242088.07980001,1993406.83380001],[242089.5748,1993416.23570002],[242091.74020001,1993425.50620002],[242094.56490001,1993434.59760001],[242098.03410001,1993443.46300001],[242103.06700001,1993453.76280001],[242109.41120001,1993466.74640001],[242123.03730001,1993494.66000001],[242125.87920001,1993500.89149999],[242128.0481,1993507.38810001],[242129.51960001,1993514.07710001],[242130.2776,1993520.884],[242130.3134,1993527.7329],[242125.154,1993583.69240001],[242123.6988,1993607.90180001],[242123.7063,1993621.37380001],[242124.48270001,1993634.82330001],[242126.02520001,1993648.20660001],[242128.329,1993661.4801],[242137.85400001,1993702.226],[242144.86550001,1993728.02290001],[242151.74470001,1993748.925],[242158.3593,1993768.23970001],[242164.9739,1993784.64390001],[242174.49890002,1993808.19180002],[242184.28850001,1993835.444],[242186.5374,1993844.8367],[242186.85950001,1993854.5491],[242201.35420001,1993858.11230001],[242207.6007,1993859.63450001],[242203.1853,1993871.43460001],[242184.13520001,1993866.7515],[242148.5752,1993859.60770001],[242126.03260001,1993855.1627],[242116.98640001,1993854.04290001],[242110.39830001,1993880.56060001],[242105.47700001,1993903.73810001],[242099.6032,1993930.2494],[242096.2695,1993952.31570001],[242094.68200001,1993958.34820001],[242091.34820001,1993961.8407],[242082.4582,1993967.2383],[242072.1394,1993973.27080001],[242065.3132,1993978.98580001],[242054.20060001,1993993.90830001],[242045.78690001,1994005.65580001],[242035.62690002,1994014.06960001],[242032.45430001,1994016.56530001],[242023.7206,1994023.43590001],[242006.89310001,1994032.64340001],[241976.1512,1994045.69140001],[241955.29920001,1994054.39220001],[241908.62660001,1994067.88600001],[241885.9253,1994074.87100001],[241860.52530001,1994079.63350001],[241835.6015,1994084.5547],[241805.75640001,1994090.26980002],[241759.56010001,1994099.15980001],[241726.54000001,1994109.00230001],[241708.4503,1994116.91760001],[241701.79740001,1994120.86430001],[241698.8003,1994123.18770001],[241697.07320001,1994124.72280001],[241681.8597,1994131.73430001],[241676.8691,1994133.80140002],[241659.5023,1994140.99470001],[241642.43670001,1994151.04890001],[241613.32790001,1994166.83080001],[241609.49600001,1994168.90830001],[241603.26750001,1994172.20410001],[241579.9949,1994184.51880001],[241572.18960001,1994188.61980001],[241568.22090001,1994190.2073],[241562.13550001,1994191.00110002],[241554.06570001,1994191.0011],[241540.96880001,1994191.79480001],[241526.15210001,1994193.64690001],[241509.21870002,1994196.425],[241484.74470001,1994204.75940001],[241464.10710001,1994212.9615],[241434.606,1994227.1168],[241425.43930001,1994231.81020001],[241418.06950001,1994235.5835],[241415.31070001,1994237.36970001],[241409.7255,1994240.986],[241401.001,1994245.7497],[241391.9448,1994249.84810001],[241536.56450001,1994631.6388],[241708.28990002,1995084.98740001],[241750.15120001,1995083.3017],[241791.47590001,1995082.04600001],[241826.7746,1995080.97340001],[241877.56502008,1995078.11774877],[241879.47970001,1995078.0101],[241883.00572173,1995077.9274545],[241933.6665,1995076.74009999],[241979.5983,1995075.47010001],[242002.74610001,1995074.60170001],[242059.96110001,1995072.45520001],[242062.27000008,1995072.36857875],[242118.87120001,1995070.24520001],[242185.30220001,1995067.48500002],[242227.46040001,1995065.7334],[242264.71389999,1995064.88670001],[242331.48480001,1995063.21740001],[242340.914,1995062.98170001],[242346.50030001,1995062.78],[242370.49930001,1995044.47560001],[242391.666,1995024.3672],[242414.6848,1995000.8192],[242422.0578,1994992.36170001],[242428.86790001,1994983.44470002],[242435.0866,1994974.10560001],[242437.3156,1994970.23680002],[242440.6879,1994964.38360002],[242445.64810001,1994954.31950001],[242449.94660001,1994943.9554],[242453.5653,1994933.3349],[242456.48910001,1994922.50240001],[242467.6016,1994867.99810001],[242472.1797,1994845.52360001],[242475.89850001,1994833.9587],[242482.16960001,1994818.72630002],[242484.31260002,1994814.02040001],[242486.928,1994809.55960001],[242489.98820001,1994805.39140001],[242493.46070001,1994801.5599],[242497.3086,1994798.10570001],[242511.18540001,1994787.03860001],[242535.5996,1994768.77920001],[242578.17300001,1994737.73610001],[242586.3997,1994731.73750001],[242631.01460001,1994700.4104],[242645.03149999,1994690.56820001],[242690.4341,1994654.8494],[242715.61740001,1994639.59950001],[242719.00920001,1994637.54560001],[242740.44050001,1994628.02060001],[242770.2855,1994616.59060001],[242824.2606,1994598.96930001],[242828.74070001,1994597.3632],[242834.2029,1994595.40510001],[242866.3295,1994583.888],[242872.27830001,1994580.9931],[242877.96960001,1994577.61980001],[242883.3648,1994573.7909],[242888.4277,1994569.53210001],[242893.12390001,1994564.8723],[242907.12510001,1994550.8711],[242913.47830001,1994544.51790001],[242940.1484,1994514.6729],[242970.1522,1994481.97030001],[242996.6635,1994454.6652],[243012.221,1994439.26650001],[243027.77850001,1994424.97890001],[243036.50980001,1994417.67640002],[243038.3782,1994412.84580001],[243035.20320001,1994408.82410001],[243031.6049,1994402.2624],[243027.7949,1994395.48910001],[243025.149,1994388.0808],[243022.71490001,1994379.0849],[243020.70400001,1994369.13650001],[243019.32260001,1994361.93260001],[243018.5553,1994354.63760001],[243018.4073,1994347.30390001],[243018.88000001,1994339.984],[243019.9698,1994332.7302],[243021.66890001,1994325.59450001],[243023.9653,1994318.62800001],[243026.8424,1994311.88060001],[243035.09740001,1994295.15890001],[243040.60070001,1994282.03550001],[243044.51660001,1994271.02890001],[243045.6807,1994263.62050001],[243046.73910001,1994254.9422],[243047.37410001,1994246.36960001],[243048.1925,1994240.19600002],[243048.6331,1994234.97450001],[243049.0767,1994229.71720001],[243050.6393,1994219.31800001],[243052.8738,1994209.0421],[243055.77090001,1994198.93300001],[243059.3181,1994189.0333],[243063.50070001,1994179.38490002],[243068.30090001,1994170.02840001],[243079.4134,1994152.56580001],[243095.5001,1994127.90660001],[243103.1201,1994114.14830001],[243107.5652,1994102.8241],[243108.66120001,1994101.03800001],[243113.4372,1994101.46520001],[243124.19920002,1994102.42770002],[243139.01590001,1994102.03080001],[243142.9846,1994102.16310001],[243146.0273,1994101.1048],[243160.44720001,1994091.18290001],[243201.3254,1994067.37040001],[243219.31710001,1994056.25780001],[243261.2536,1994027.15360001],[243286.38910001,1994011.41090001],[243294.7383,1994004.97000001],[243300.0151,1994001.62130001],[243307.42350001,1993998.97540001],[243316.41930001,1993997.2556],[243324.35690001,1993997.7848],[243348.1694,1993997.91710001],[243417.0935,1993998.84310001],[243446.02280001,1993998.55170001],[243469.6134,1993998.31400001],[243516.44470001,1993998.5785],[243547.93020001,1993999.37230001],[243577.6959,1994000.95980001],[243630.61270001,1994002.81190002],[243673.8721,1994007.04520001],[243684.32320001,1994008.23590001],[243693.8482,1994008.63270001],[243697.0232,1994008.63270001],[243700.59510001,1994008.63270001],[243706.01910001,1994007.97130001],[243713.29510001,1994006.3838],[243739.62120001,1993998.31400001],[243758.0098,1993994.74210001],[243771.10670001,1993992.89000001],[243785.79110001,1993991.43480001],[243792.14500001,1993991.59690001],[243797.82970001,1993992.22850001],[243807.09010001,1993994.7421],[243822.43600001,1993999.3723],[243835.53290001,1994002.54730001],[243866.35690001,1994012.0723],[243880.909,1994015.77650001],[243907.2351,1994021.0682],[243956.1831,1994030.5932],[243961.46870001,1994031.19],[243980.78940001,1994033.3713],[244009.62910001,1994040.5151],[244032.64790001,1994045.54220001],[244047.86140001,1994048.84950001],[244062.5458,1994052.4214],[244079.47920001,1994053.8766],[244098.39700001,1994053.74430001],[244116.9178,1994052.42140001],[244135.57100001,1994053.47970001],[244160.30960001,1994057.44850001],[244191.3982,1994062.21100001],[244215.07840001,1994066.97350002],[244226.29750001,1994069.15770001],[244230.02740001,1994069.8839],[244244.84410001,1994072.0006],[244267.99520001,1994073.1912],[244288.10360001,1994075.57250001],[244315.22340002,1994077.4245],[244344.45990002,1994083.37770002],[244364.83290001,1994087.34640001],[244388.38090001,1994092.9027],[244416.41959999,1994097.40590002],[244432.03720001,1994099.91420001],[244452.1456,1994104.4121],[244466.16850002,1994108.64540001],[244488.92270002,1994115.7892],[244515.2488,1994125.84340001],[244558.50830001,1994141.85070001],[244601.1063,1994155.07990001],[244614.9969,1994159.71010001],[244625.31570001,1994165.79550001],[244637.3543,1994176.5112],[244640.34880001,1994178.90910001],[244671.221,1994203.63100001],[244704.47920001,1994231.54460001],[244718.13170002,1994247.26090001],[244724.1559,1994253.59140002],[244736.86430001,1994266.94600001],[244761.6293,1994305.5223],[244792.74440001,1994351.24240001],[244820.52570001,1994393.31120001],[244838.14700001,1994418.07630001],[244848.942,1994432.9988],[244858.6258,1994442.3651],[244871.97540002,1994454.0284],[244873.707,1994455.5413],[244895.29710001,1994472.6864],[244937.52470001,1994505.8652],[244999.7548,1994554.44280001],[245023.88480001,1994579.84280001],[245057.8574,1994614.76790001],[245085.16250002,1994643.6605],[245105.3238,1994665.0918],[245151.67890001,1994712.7169],[245189.46140001,1994751.6107],[245195.2325,1994757.1399],[245211.55420001,1994772.77740001],[245217.0533,1994776.3748],[245222.8928,1994779.3883],[245229.0109,1994781.7862],[245235.34300001,1994783.54290001],[245241.82200001,1994784.64010001],[245248.37940001,1994785.0659],[245254.94590001,1994784.81600001],[245277.30330001,1994785.8743],[245313.81580001,1994783.49300002],[245319.4433,1994782.32210001],[245324.9112,1994780.54980001],[245330.15550001,1994778.19690001],[245335.1148,1994775.2909],[245365.0128,1994757.9607],[245388.56080001,1994744.59920001],[245408.75240001,1994735.2984],[245422.16290001,1994729.12110001],[245454.839,1994717.61170002],[245459.3272,1994716.60770001],[245464.8932,1994715.36270002],[245471.18980001,1994714.96290001],[245481.562,1994714.3044],[245504.31620001,1994715.09810001],[245518.86830001,1994717.08250001],[245533.4204,1994722.3742],[245563.58300001,1994739.1752],[245612.79560001,1994769.73470001],[245651.95400001,1994795.39930001],[245678.28010001,1994810.21600001],[245693.75830001,1994821.85770001],[245704.73850001,1994831.2504],[245712.54370001,1994838.7911],[245716.77710001,1994842.4952],[245722.0687,1994844.08270001],[245730.53540001,1994846.1994],[245741.64790001,1994847.78690001],[245748.39480002,1994850.16820001],[245762.28550001,1994858.63490001],[245772.6043,1994864.7203],[245797.73970001,1994877.02340001],[245811.8307,1994883.3941],[245832.26790001,1994892.63390001],[245876.45340001,1994910.49330002],[245914.5535,1994923.5902],[245971.30670001,1994942.6402],[246033.8808,1994964.33610001],[246103.73100001,1994988.9424],[246158.6321,1995007.59560001],[246194.8459,1995019.76960001],[246220.80930001,1995028.49770001],[246284.8386,1995050.1936],[246322.6741,1995063.2905],[246384.32220001,1995084.9863],[246408.0024,1995096.76030001],[246434.32850001,1995112.23850001],[246451.65870001,1995124.54160001],[246468.19520001,1995137.37400001],[246482.21820001,1995151.26460001],[246504.7078,1995176.4001],[246518.5985,1995195.58240001],[246545.59480001,1995236.52040001],[246546.77660002,1995238.31270001],[246548.81520001,1995241.75560001],[246570.58920001,1995278.52940001],[246595.46010001,1995318.48160001],[246618.55820001,1995359.57150001],[246626.6545,1995377.82780001],[246632.1449,1995393.01540001],[246638.87830001,1995411.6416],[246651.89580001,1995448.7892],[246657.4521,1995468.47420001],[246659.64810001,1995477.60230001],[246653.5406,1995481.04850001],[246635.94580002,1995491.3673],[246612.927,1995503.935],[246596.78740002,1995511.87260001],[246574.03320002,1995521.2653],[246548.36860001,1995531.8486],[246527.20180001,1995543.49030001],[246508.41640001,1995553.94140002],[246497.5685,1995562.5404],[246500.42860001,1995565.38120001],[246527.73360001,1995584.64290001],[246553.34530001,1995596.70790001],[246590.5987,1995617.45130001],[246625.20630001,1995639.25300001],[246639.91720002,1995649.6247],[246663.8356,1995670.26230001],[246678.01720001,1995684.1264],[246700.1365,1995710.58480001],[246729.02900001,1995749.74319999],[246734.9896,1995757.19400001],[246756.1224,1995783.61],[246774.64330001,1995810.80920001],[246794.96330001,1995854.0951],[246805.48200001,1995872.2918],[246809.46250002,1995879.17770001],[246811.86000001,1995883.77930001],[246814.77310001,1995888.07300001],[246818.1629,1995892.00140001],[246821.9838,1995895.51170002],[246826.1849,1995898.557],[246830.7097,1995901.09650001],[246835.4976,1995903.0961],[246849.15010001,1995908.59940001],[246870.10510001,1995913.9969],[246886.56220001,1995920.9819],[246901.1673,1995928.9194],[246916.0898,1995940.032],[246927.98320001,1995950.84190001],[246948.4749,1995971.94080002],[246964.19120001,1995985.5933],[246975.77990001,1995994.16580001],[246990.86120001,1996003.53210001],[247003.87870001,1996013.69210001],[247030.39000001,1996042.5847],[247046.2651,1996061.79350001],[247059.12380001,1996078.30350002],[247071.18890001,1996087.8285],[247085.00010001,1996097.1948],[247097.3827,1996103.70350001],[247118.3377,1996115.13360001],[247151.04030001,1996131.00860001],[247153.27170001,1996132.1929],[247159.5376,1996135.51830001],[247164.79650001,1996138.30940001],[247200.2673,1996157.1347],[247207.8729,1996161.17120001],[247265.02300001,1996188],[247306.21870002,1996209.98690001],[247355.16670001,1996236.1145],[247392.20850001,1996257.28120001],[247413.3478,1996275.50740001],[247463.40710001,1996251.69480001],[247473.7491,1996247.45630001]],[[244392.30559344,1992547.31548214],[244408.15270001,1992568.6482],[244452.0736,1992644.0546],[244490.1737,1992700.14640001],[244569.5489,1992779.52160001],[244643.6324,1992837.73],[244700.78250001,1992863.1301],[244767.45760001,1992885.3551],[244856.3578,1992923.4552],[244893.37310001,1992939.4618],[244934.6746,1992957.3219],[244943.54730001,1992960.8751],[244972.9952,1992972.6678],[245053.6932,1992970.6834],[245115.8705,1992964.06880001],[245170.11010001,1992955.46980001],[245179.9174,1992953.72630001],[245229.64150001,1992944.88650001],[245279.25100001,1992895.9385],[245298.4333,1992887.3395],[245319.60000001,1992883.3707],[245352.14380001,1992883.37070001],[245390.24390001,1992888.1332],[245401.5368,1992889.1239],[245420.40650001,1992890.77910001],[245431.9247,1992891.685],[245445.9184,1992892.01950001],[245506.3962,1992879.6666],[245550.8463,1992874.3749],[245589.87240001,1992874.63950001],[245632.20590001,1992856.7801],[245674.53950001,1992826.3867],[245695.37174332,1992858.69504905],[245853.04609504,1992769.83631518],[245877.50232763,1992756.05395637],[245887.5701614,1992750.38022106],[245979.17875238,1992655.41690757],[245986.63743393,1992626.10474519],[245967.34819462,1992553.85811483],[245967.25771502,1992553.61278648],[245949.98143624,1992506.76955241],[245948.92856864,1992502.97130949],[245948.51362588,1992498.84478363],[245948.57637032,1992496.78264785],[245952.00488615,1992450.40193899],[245952.25006833,1992448.32818047],[245953.22450701,1992444.44443732],[245964.28623523,1992412.15748607],[245968.17168448,1992340.35953794],[245968.44685159,1992337.81742655],[245968.70077766,1992336.49611333],[245973.91350015,1992312.98028534],[245981.90402891,1992276.9332067],[245990.71173989,1992225.99470603],[245991.6952522,1992222.20105185],[245992.16811247,1992220.95998895],[246019.41373572,1992155.04272658],[246022.60938458,1992147.31128992],[246030.21426658,1992124.38578267],[246032.30442977,1992102.16581861],[246028.59072711,1992082.33614371],[246028.18612669,1992078.26429075],[246027.95144167,1992060.1353703],[246028.25940272,1992055.9993928],[246028.93396187,1992053.05389666],[246035.69075986,1992030.30145124],[246036.03768948,1992029.22727978],[246037.0822137,1992026.71065729],[246050.8174918,1991998.3275193],[246051.476951,1991997.06291747],[246053.81165468,1991993.63502999],[246056.70613626,1991990.66463688],[246058.5025707,1991989.26131973],[246154.33046135,1991921.5370603],[246155.01263984,1991921.07247747],[246228.3273964,1991872.98315879],[246259.34733367,1991847.32640163],[246276.79158136,1991812.65858621],[246294.03312828,1991779.10394114],[246294.43828429,1991778.34920763],[246296.77305763,1991774.92132017],[246297.91315624,1991773.62530627],[246330.89457837,1991738.76886408],[246343.99904067,1991723.82428786],[246346.3603912,1991721.48369949],[246349.72678287,1991719.06108267],[246352.18908163,1991717.78477848],[246362.86298465,1991713.01943557],[246365.89523408,1991710.07590679],[246368.26186184,1991704.99357568],[246368.68763791,1991673.18568677],[246367.09936051,1991657.70483138],[246366.97710213,1991655.58395498],[246367.04696866,1991653.42869831],[246368.55894213,1991634.01766435],[246368.7971259,1991632.03687237],[246369.79895415,1991628.07393548],[246376.04126018,1991610.06220545],[246377.05950886,1991606.94509284],[246380.72226084,1991595.73250392],[246383.32047115,1991587.77874619],[246385.10269172,1991583.76629442],[246386.2751221,1991581.8848748],[246395.91620519,1991567.90916757],[246397.0785919,1991566.36268155],[246399.00530071,1991564.27351396],[246410.94510974,1991552.78648475],[246411.91300037,1991551.90526107],[246415.2794305,1991549.48263962],[246415.77892618,1991549.19372578],[246432.28037692,1991539.91430787],[246435.51685473,1991538.40198277],[246438.54160024,1991537.48122729],[246456.84835753,1991533.2140401],[246474.56085099,1991525.19064107],[246481.44752566,1991517.99743783],[246483.30230473,1991512.08816758],[246480.32123507,1991488.64115052],[246476.41930831,1991459.02822385],[246476.30267007,1991457.95584433],[246473.75337934,1991428.27166677],[246473.66810162,1991426.5430809],[246473.90190272,1991422.8943341],[246478.55541049,1991390.10361942],[246479.61418112,1991385.84018536],[246481.31831534,1991382.05889601],[246483.65317475,1991378.63097248],[246486.71497187,1991375.51924837],[246505.07155063,1991360.28436991],[246508.10371374,1991358.14439168],[246511.83972958,1991356.34315657],[246515.74857379,1991355.23397277],[246540.91153284,1991350.36842867],[246542.98991785,1991350.0647385],[246556.49907612,1991348.69674072],[246566.34904147,1991344.50633537],[246568.51011274,1991341.36746906],[246566.38301493,1991326.72166135],[246557.39113121,1991304.09974227],[246545.85650198,1991290.41677814],[246579.13170001,1991284.7683],[246587.06920001,1991294.2933],[246595.80040001,1991309.3746],[246599.62510001,1991323.48920001],[246601.35670001,1991331.2027],[246602.94420001,1991348.2684],[246600.9598,1991368.11220001],[246595.12279212,1991383.47283535],[246594.18821995,1991384.14537667],[246591.34080157,1991385.58950807],[246571.8045682,1991393.90066133],[246570.91597161,1991394.25774736],[246566.92393923,1991395.38285178],[246564.88715639,1991395.67857273],[246548.85139,1991397.30242556],[246530.76854683,1991400.79899903],[246524.34377748,1991406.13024829],[246521.39824396,1991426.89697083],[246523.66967868,1991453.34652399],[246527.48885914,1991482.33291844],[246519.20340001,1991494.3187],[246518.40970001,1991516.74220001],[246526.90048414,1991532.09098233],[246525.18451949,1991537.55795442],[246524.94483831,1991538.2808644],[246523.24071386,1991542.06212059],[246520.90587148,1991545.49001263],[246519.66969024,1991546.8869441],[246505.75448258,1991561.4214782],[246504.09604896,1991562.99492059],[246500.72961248,1991565.41752397],[246498.38532874,1991566.6407313],[246474.34951102,1991577.52844566],[246469.93308343,1991579.02721242],[246452.64842257,1991583.05614869],[246441.75024619,1991589.1846112],[246433.72586702,1991596.90466886],[246427.40701476,1991606.06443689],[246421.14314899,1991625.24027367],[246415.76481288,1991640.76484457],[246414.65722796,1991654.98381526],[246416.16690046,1991669.69886659],[246416.28915362,1991671.81974102],[246416.28900792,1991672.44572575],[246415.77642703,1991710.7315507],[246415.46851539,1991714.24159958],[246414.44692428,1991718.26130204],[246413.5546303,1991720.45715511],[246407.18369679,1991734.13865557],[246406.37190779,1991735.72403799],[246404.03711151,1991739.15191603],[246402.18700837,1991741.16705365],[246392.9845245,1991750.10025585],[246391.94005921,1991751.05548618],[246388.57366932,1991753.47809184],[246386.11137362,1991754.75438944],[246376.34473485,1991759.11467527],[246373.45668903,1991762.40824593],[246366.37711778,1991770.4818997],[246365.77022835,1991771.14811983],[246334.80943408,1991803.86895436],[246319.20939058,1991834.22799283],[246302.04379721,1991868.34279074],[246299.61268752,1991873.17437126],[246299.11602794,1991874.10905429],[246296.78126839,1991877.53692571],[246293.70480686,1991880.6608589],[246257.6424751,1991910.49121563],[246255.52769797,1991912.05196495],[246197.62421549,1991950.03244522],[246181.45761404,1991960.63660944],[246090.97868408,1992024.58043743],[246080.75817795,1992045.70040101],[246080.35757344,1992047.04936115],[246075.58062403,1992063.13484902],[246075.74189459,1992075.59498967],[246079.69234467,1992096.68908581],[246080.09693441,1992100.76093451],[246079.99434711,1992103.29723123],[246077.33787011,1992131.53680312],[246077.13248836,1992133.13647008],[246076.23234338,1992136.7997715],[246067.44619451,1992163.28137421],[246066.91265512,1992164.70061055],[246059.80765707,1992181.89008696],[246041.00026333,1992227.39186633],[246037.15268388,1992236.70055064],[246028.69895743,1992285.59114615],[246028.48298101,1992286.6864804],[246015.58214574,1992344.8844809],[246013.29317229,1992387.179694],[246011.62367084,1992418.02862502],[246011.34850075,1992420.57072481],[246010.37404914,1992424.45446807],[245999.23484062,1992456.9673292],[245997.21302737,1992484.31735418],[245996.41261968,1992495.14487781],[246012.37457687,1992538.42475822],[246013.03914881,1992540.52019715],[246022.84191272,1992577.23617067],[246034.2121491,1992619.82311288],[246034.60042853,1992621.52590456],[246035.01535387,1992625.65240364],[246034.70741668,1992629.7882621],[246034.28256495,1992631.82772598],[246023.73881952,1992673.26360786],[246023.14223135,1992675.24369244],[246021.438326,1992679.02479987],[246019.10372523,1992682.45258345],[246017.8046118,1992683.91508516],[246006.20408805,1992695.94032356],[245919.40343006,1992785.91941436],[245917.80819888,1992787.42722367],[245914.44205145,1992789.84981493],[245913.96091908,1992790.12841298],[245719.25602493,1992899.85552758],[245718.73406926,1992900.14968251],[245722.39279706,1992905.10781173],[245740.89580001,1992936.0897],[245798.0459,1993001.70650001],[245800.32373325,1993004.81952759],[245797.5862,1993005.13950001],[245780.2935,1993007.1607],[245732.66840001,1993021.71280001],[245720.4027,1993029.6559],[245688.7474,1993050.1556],[245627.3639,1993090.90450001],[245524.75650001,1993121.68670001],[245442.67060001,1993152.46900001],[245391.3669,1993169.5702],[245360.5846,1993227.7144],[245357.16440001,1993289.27880001],[245391.3669,1993357.68380001],[245446.09080001,1993426.0887],[245535.0172,1993508.17460001],[245558.80570001,1993543.85730001],[245588.39390001,1993588.23970001],[245630.78410001,1993651.825],[245675.24740001,1993757.8527],[245735.9514,1993842.05510001],[245781.275,1993904.9233],[245853.10020001,1993987.00920001],[245907.82410001,1994045.15340001],[245976.22910001,1994086.1964],[246023.39310001,1994157.96820001],[246087.68700001,1994252.42470001],[246108.32450001,1994279.4122],[246175.7934,1994315.9248],[246267.07480001,1994350.05610001],[246285.3311,1994358.78740001],[246317.08120001,1994390.5374],[246338.5125,1994424.66870001],[246390.1063,1994475.8657],[246419.47510001,1994521.10960001],[246446.46270001,1994575.87840001],[246461.544,1994607.62849999],[246490.11900001,1994632.23480001],[246513.1378,1994666.36610001],[246533.7754,1994717.1662],[246547.2692,1994751.29750001],[246502.9471,1994790.7672],[246427.7017,1994831.8102],[246369.55750001,1994859.17210001],[246325.0187,1994849.3258],[246258.34360001,1994831.8633],[246226.59350001,1994819.957],[246161.50590001,1994798.5257],[246116.45920001,1994766.8255],[246048.0543,1994671.05859999],[246010.43150001,1994595.81310001],[245938.6064,1994506.8867],[245877.0419,1994411.11980001],[245812.05720001,1994308.51239999],[245709.44980001,1994229.8467],[245623.9437,1994137.5001],[245507.65530001,1994058.8344],[245435.83010001,1994007.5307],[245324.49480001,1993960.32410001],[245206.75500001,1993916.66770001],[245200.7033,1993913.68120001],[245104.8902,1993866.39680001],[245048.53390001,1993831.47170001],[244987.77770001,1993771.5336],[244968.57660001,1993750.58840001],[244973.3391,1993737.0947],[244989.21420001,1993715.66340001],[244929.6828,1993668.832],[244885.2327,1993633.11320001],[244832.05130001,1993595.0131],[244787.6013,1993559.2943],[244785.22,1993548.9755],[244771.66450001,1993542.67060001],[244751.08870001,1993533.1005],[244705.05110001,1993519.6067],[244663.776,1993506.90670001],[244679.25420001,1993455.70970001],[244660.20410001,1993447.7722],[244626.0728,1993433.4847],[244579.2415,1993417.6096],[244531.0872,1993401.47],[244488.7538,1993386.9179],[244493.38400001,1993370.38140001],[244496.82360001,1993356.22620001],[244471.4235,1993358.34290001],[244441.79020001,1993362.5762],[244394.16510001,1993361.51790001],[244396.28170001,1993321.3011],[244396.8808,1993305.326],[244397.7661,1993281.7186],[244399.4567,1993236.6343],[244372.9983,1993190.06750001],[244342.3066,1993166.7841],[244295.73990001,1993129.7424],[244230.1231,1993094.81730001],[244175.61880001,1993060.86240001],[244143.8687,1993049.22070001],[244095.18530001,1993024.87900001],[244013.6935,1992987.8373],[243948.0767,1992957.1455],[243884.5765,1992935.9788],[243822.13470001,1992909.52040001],[243834.3056,1992791.78060001],[243835.65490001,1992749.92850001],[243811.3132,1992722.9409],[243748.8714,1992643.0366],[243730.33560001,1992629.92380001],[243756.4362,1992579.8688],[243796.23640001,1992614.4212],[243892.54490001,1992644.05460001],[243979.32840001,1992678.9797],[243995.0712,1992678.4505],[244027.4827,1992666.5443],[244082.8292,1992634.56990001],[244112.8785,1992620.78640001],[244175.3299,1992592.1401],[244178.95700001,1992590.4764],[244240.4727,1992566.0024],[244297.3582,1992548.143],[244344.097,1992546.82170001],[244390.9548,1992545.49710001],[244392.30559344,1992547.31548214]]]]},"geometry_name":"geometry","properties":{"ogc_fid":25,"zoning":"UEb","zone_name":"City-Expansion Zone (sub-center)","h":0,"e":0,"cos":0}},{"type":"Feature","id":"glup2030_cdudcp_v1.26","geometry":{"type":"MultiPolygon","coordinates":[[[[249046.5391,1995585.1287],[249046.4917,1995590.8647],[249046.349,1995608.1402],[249046.7155,1995624.906],[249046.8782,1995632.3496],[249045.8273,1995643.384],[249045.5553,1995646.2403],[249040.2636,1995656.4433],[249037.1798,1995662.0969],[249035.6252,1995664.947],[249026.3729,1995681.9095],[249004.5448,1995727.8809],[249000.4823,1995738.1724],[248998.901,1995742.1784],[248989.6619,1995765.5841],[248973.843,1995823.3842],[248970.3953,1995835.9815],[248963.865,1995859.8421],[248948.6514,1995916.3969],[248940.7139,1995951.4543],[248939.9137,1995955.7336],[248933.8095,1995988.3781],[248933.1071,1995992.1341],[248930.1305,1996073.1629],[248928.8076,1996120.788],[248933.1071,1996223.9757],[248943.5078,1996332.1987],[248945.3441,1996351.3067],[248945.8475,1996370.0454],[248948.3207,1996462.1011],[248954.5175,1996549.7016],[248957.6925,1996616.3767],[248959.5975,1996670.3518],[248961.0593,1996690.8167],[248964.6775,1996741.4719],[248966.8238,1996800.4243],[248967.8525,1996828.6788],[248967.2175,1996919.2723],[248967.6408,1996995.6841],[248967.8525,1997043.0975],[248968.2758,1997104.2693],[248967.2561,1997128.4364],[248966.1592,1997154.4344],[248960.8675,1997197.1912],[248961.0791,1997267.253],[248963.4075,1997360.5982],[248963.7246,1997371.0907],[248965.9475,1997444.63],[248968.1567,1997482.0391],[248969.1225,1997498.3934],[248972.0858,1997534.8002],[248975.8958,1997594.067],[248980.3408,1997655.4504],[248983.9392,1997701.5939],[248987.3259,1997736.7306],[248988.3842,1997757.6856],[248993.0409,1997773.7723],[248993.7405,1997777.2705],[249041.5309,1997776.462],[249051.5469,1997776.2926],[249111.7397,1997779.5999],[249175.9013,1997782.5765],[249193.893,1997783.0445],[249192.9607,1997779.0522],[249200.7248,1997778.1186],[249230.464,1997778.8594],[249278.9358,1997781.9286],[249300.2083,1997783.9394],[249311.7469,1997784.9328],[249323.323,1997785.2778],[249334.9002,1997784.9733],[249346.4422,1997784.0202],[249357.9126,1997782.4215],[249369.2753,1997780.1823],[249385.1503,1997778.1186],[249401.6603,1997775.1023],[249406.0579,1997774.7694],[249410.3311,1997773.6788],[249414.3503,1997771.8637],[249417.9939,1997769.3789],[249421.1512,1997766.2998],[249423.7266,1997762.7198],[249438.9667,1997738.5897],[249446.4226,1997726.8488],[249452.7779,1997716.8409],[249468.8117,1997697.3147],[249481.1942,1997682.2334],[249489.4493,1997675.5659],[249498.0218,1997669.6921],[249504.3718,1997664.4533],[249508.9755,1997657.7858],[249516.4368,1997650.3246],[249520.9764,1997645.2898],[249525.1681,1997640.6408],[249533.4231,1997633.9733],[249544.3769,1997627.4645],[249559.4581,1997619.6857],[249566.4432,1997615.3995],[249573.7457,1997607.9382],[249588.0332,1997589.3644],[249597.5582,1997576.6644],[249604.2257,1997563.4881],[249609.6232,1997553.9631],[249625.3395,1997518.0855],[249628.6553,1997510.4055],[249632.6144,1997503.0364],[249637.188,1997496.0321],[249642.3427,1997489.4437],[249648.0408,1997483.3192],[249674.2346,1997458.8717],[249701.3809,1997432.6779],[249730.9085,1997407.2778],[249759.166,1997385.8465],[249775.2527,1997373.4958],[249787.4426,1997364.1984],[249793.9853,1997359.2082],[249801.0761,1997353.4932],[249806.3678,1997347.9899],[249813.247,1997339.3115],[249830.9212,1997318.1448],[249835.4424,1997312.7591],[249837.2485,1997310.6076],[249841.1288,1997306.0375],[249850.6539,1997299.1318],[249868.8308,1997287.543],[249899.8665,1997268.0961],[249916.4559,1997258.8886],[249950.2697,1997244.5217],[249977.2572,1997235.3142],[249986.6752,1997231.2232],[249995.7667,1997226.4504],[250004.4824,1997221.0218],[250012.7752,1997214.9666],[250020.6,1997208.3179],[250027.9145,1997201.1114],[250047.4407,1997182.8551],[250058.641,1997170.8716],[250070.142,1997158.5663],[250077.2746,1997150.7893],[250084.9058,1997145.5488],[250098.8759,1997139.8338],[250143.9609,1997128.88],[250221.7486,1997113.005],[250234.258,1997110.6931],[250284.455,1997101.4162],[250322.0871,1997094.2308],[250333.5088,1997092.05],[250375.4189,1997083.1599],[250404.7529,1997074.6849],[250396.9863,1997046.6092],[250384.4655,1997000.246],[250382.3812,1996992.5282],[250373.3854,1996960.0373],[250366.2873,1996934.1],[250359.3095,1996908.6022],[250346.8212,1996860.448],[250332.7453,1996811.2354],[250319.1889,1996762.782],[250308.483,1996725.2456],[250298.605,1996688.9441],[250295.7829,1996678.573],[250285.0279,1996641.5067],[250283.9296,1996637.7213],[250278.5875,1996617.9621],[250275.1454,1996605.2304],[250263.9685,1996564.747],[250258.0026,1996541.2537],[250250.0411,1996508.3636],[250238.3925,1996459.7615],[250350.8407,1996434.6261],[250405.7418,1996426.6886],[250463.2888,1996418.751],[250504.2993,1996410.8135],[250642.5444,1996374.4332],[250775.6168,1996335.3608],[250753.02,1996289.7615],[250750.4518,1996284.6736],[250738.997,1996261.9802],[250721.5345,1996224.1447],[250706.4532,1996195.5697],[250703.0959,1996188.4013],[250696.6636,1996174.6675],[250685.6925,1996153.8682],[250683.9636,1996150.5904],[250674.9677,1996129.9529],[250659.0927,1996095.8216],[250641.6302,1996063.0132],[250636.0617,1996053.9927],[250634.6852,1996051.2395],[250632.894,1996047.6567],[250629.799,1996039.9614],[250627.3383,1996032.0404],[250626.7211,1996029.2805],[250625.5281,1996023.9459],[250624.9071,1996019.5003],[250623.4791,1996001.3016],[250620.3041,1995966.3766],[250618.7166,1995952.8828],[250615.9385,1995937.4046],[250605.752,1995916.6348],[250578.7644,1995873.2431],[250554.2904,1995830.645],[250543.5748,1995809.6106],[250538.721,1995797.5315],[250535.9707,1995790.0895],[250534.8554,1995787.0717],[250530.596,1995775.5463],[250525.6923,1995766.2644],[250508.371,1995733.4775],[250497.8293,1995715.1293],[250477.5734,1995679.8728],[250474.0866,1995674.7878],[250468.4927,1995666.6301],[250452.1734,1995642.831],[250445.5139,1995632.5355],[250438.3836,1995621.5119],[250417.6716,1995589.4909],[250377.8782,1995527.4725],[250342.3181,1995473.709],[250296.3201,1995401.4402],[250286.7021,1995403.4054],[250266.0165,1995407.3292],[250231.2004,1995413.9334],[250229.2345,1995414.3063],[250200.1567,1995420.524],[250164.8348,1995427.8001],[250120.2524,1995436.7959],[250082.116,1995444.6127],[250056.3554,1995449.8928],[250008.9949,1995459.1533],[249965.7713,1995468.2083],[249948.8328,1995471.7568],[249945.4432,1995472.4565],[249940.8617,1995473.4023],[249897.7374,1995482.3044],[249841.0299,1995492.6383],[249835.9954,1995493.6029],[249797.8544,1995501.0443],[249745.8662,1995512.8638],[249729.7585,1995515.622],[249726.5516,1995516.1711],[249696.7859,1995521.9919],[249631.8306,1995534.4274],[249607.0913,1995538.9771],[249597.3024,1995540.7774],[249544.8533,1995551.0401],[249510.5873,1995556.7991],[249467.1527,1995564.099],[249414.441,1995572.9581],[249371.0832,1995578.4012],[249357.4307,1995579.6712],[249347.3746,1995579.7557],[249338.5394,1995579.83],[249333.4982,1995579.9581],[249323.777,1995580.2052],[249311.0294,1995580.5292],[249268.7951,1995581.6027],[249200.1634,1995582.6412],[249163.8876,1995583.1902],[249096.8155,1995583.7194],[249093.7911,1995583.8015],[249046.5391,1995585.1287]]]]},"geometry_name":"geometry","properties":{"ogc_fid":26,"zoning":"Ef","zone_name":"Education Zone","h":30,"e":0.5,"cos":4}},{"type":"Feature","id":"glup2030_cdudcp_v1.27","geometry":{"type":"MultiPolygon","coordinates":[[[[250929.1763,1992295.0254],[250868.41475634,1992147.66979011],[250842.86520822,1992085.70840763],[250841.22721692,1992081.73603972],[250868.396,1992072.104],[250898.70822427,1992061.348913],[250941.0912,1992046.311],[250987.4063,1992028.9777],[251024.7865,1992014.98820001],[251075.1632,1991996.67900001],[251124.7992,1991979.3223],[251165.9684,1991964.8231],[251176.1295,1991961.38990001],[251204.0685,1991951.69970001],[251246.81825171,1991935.04213261],[251308.1029,1991910.3188],[251342.7130794,1991896.28445582],[251307.1693,1991808.0377],[251305.51405512,1991692.7219417],[251305.09104548,1991663.25217685],[251252.6354361,1991671.7539584],[251246.81825171,1991672.69678285],[251151.94969689,1991688.07267378],[251112.57838116,1991696.22318275],[251091.32271494,1991700.62345475],[251078.65468398,1991703.24594521],[250984.50325886,1991723.62604862],[250992.65591492,1991759.88008066],[250886.42881179,1991786.08820025],[250862.24730415,1991700.74613779],[250735.46388792,1991730.56974467],[250725.25817575,1991696.22318275],[250706.0820454,1991631.68734853],[250682.44440081,1991552.13662141],[250823.30986602,1991508.89934104],[250931.41012868,1991478.04698746],[250903.14729653,1991361.7651117],[250896.77272212,1991335.53817642],[251027.52731401,1991299.22750792],[251069.97006192,1991287.44111842],[251078.46961755,1991285.08078413],[251057.31680624,1991188.74719778],[250997.04742494,1991201.00759728],[250940.80369085,1991212.44907279],[250938.06719073,1991213.00574989],[250879.08695652,1991225.0039025],[250826.39083362,1991235.72369926],[250723.13526225,1991256.72863625],[250714.68583325,1991226.2981741],[250699.40505406,1991171.2647307],[250664.78054419,1991046.56519934],[250579.00492218,1991088.32101649],[250522.60467116,1991115.77681936],[250422.61244825,1991164.45331834],[250408.36818042,1991142.21865137],[250390.38553869,1991114.14854944],[250361.41751742,1991133.7049458],[250345.4844,1991106.9055],[250340.0845,1991098.3257],[250337.9879697,1991095.17464644],[250334.9086,1991090.5464],[250271.35985,1990995.03295],[250239.585475,1990947.276225],[250203.91453516,1990893.59757937],[250200.01797032,1990887.67565873],[250283.41603031,1990825.23573561],[250335.78044468,1990786.0306269],[250343.90726673,1990779.94609515],[250291.2494228,1990496.0467136],[250266.44584011,1990362.32073357],[250319.57637385,1990356.97203482],[250326.77211534,1990356.24763302],[250371.42655945,1990348.30118505],[250403.81342954,1990338.58572538],[250471.20144144,1990330.22367094],[250469.3838806,1990311.87254597],[250458.68831411,1990203.88404137],[250541.4817619,1990206.20078774],[250847.01522042,1990184.84365955],[250839.49617474,1990140.33817124],[250818.4157504,1990015.5624193],[250816.8603689,1990006.35606306],[250814.56405262,1989990.3191212],[250804.00553216,1989916.58085596],[250801.88146697,1989902.89639091],[250792.26061685,1989840.91327071],[250789.9390935,1989825.95666507],[250774.91111055,1989812.51876559],[250769.79898017,1989807.9475404],[250753.91408755,1989704.3076561],[250628.78780434,1989737.85925479],[250635.30916953,1989789.57194029],[250602.946652,1989795.60324319],[250521.83738958,1989810.71932707],[250492.13090723,1989811.82570312],[250486.47151842,1989812.03647908],[250473.52200105,1989812.51876559],[250453.36634052,1989813.26943474],[250405.84764616,1989812.51876559],[250322.62415113,1989811.20405542],[250297.26558487,1989812.51876559],[250230.06974318,1989816.00252155],[250223.59565055,1989816.1456042],[250194.35623853,1989816.79181869],[250198.50992536,1989808.0096959],[250204.77288932,1989794.76793725],[250205.72211333,1989792.69586458],[250210.72886374,1989781.76656791],[250217.79940859,1989766.150535],[250220.42730365,1989760.34655574],[250225.84415801,1989748.38287008],[250232.74527039,1989733.1410464],[250249.972722,1989695.87042548],[250254.92004368,1989685.16717378],[250261.45801379,1989685.34901861],[250500.15823469,1989691.98814354],[250507.79447284,1989583.9718279],[250509.52847967,1989559.4439092],[250509.95049522,1989553.47440382],[250499.39134805,1989553.55420331],[250464.18398977,1989553.82027871],[250476.05676425,1989456.54341485],[250477.1735806,1989447.39303533],[250481.2263777,1989414.18736868],[250483.67061227,1989394.1610915],[250488.9473,1989350.92775669],[250489.52024137,1989346.23349247],[250508.96399524,1989348.42312368],[250531.20494043,1989350.92775669],[250571.24506497,1989355.43681943],[250578.78038949,1989356.28539949],[250579.5916794,1989350.92775669],[250586.27987129,1989306.75989208],[250591.43450512,1989272.71942597],[250592.53629395,1989265.44336975],[250595.25346873,1989247.49953531],[250597.29173506,1989234.03911538],[250644.4516395,1989237.86346962],[250700.35170961,1989242.39659311],[250745.99903816,1989242.4367765],[250746.29710275,1989206.2576854],[250764.91828391,1989205.87663894],[250763.05034923,1989150.01668078],[250762.38635372,1989115.27006575],[250747.57716405,1989115.06219723],[250745.17347681,1989115.028458],[250698.1418,1989114.36830001],[250695.75796453,1989114.37340338],[250677.6357,1989114.4122],[250609.46043726,1989113.26466695],[250577.2145,1989112.7219],[250518.1945,1989112.8746],[250445.6552,1989115.079],[250442.51716917,1989115.19064437],[250327.12474566,1989119.29605793],[250321.6756435,1989119.48992524],[250304.99081648,1989120.08353539],[250301.07122107,1989120.10829845],[250296.72352077,1989120.71687444],[250280.92458267,1989122.08417739],[250275.72899838,1989123.07589147],[250266.66517796,1989123.5347826],[250250.55004986,1989124.35067384],[250245.89129962,1989128.16362265],[250243.17102943,1989181.41232],[250241.82752201,1989204.06165362],[250239.27214105,1989247.14118917],[250237.33798036,1989279.74796891],[250236.2694722,1989289.16382815],[250234.53625113,1989304.43724036],[250232.98380489,1989318.11763674],[250232.54901246,1989321.94909497],[250230.36688161,1989334.92703103],[250200.55078048,1989405.85297701],[250199.53519074,1989408.2688416],[250037.43681902,1989793.86521137],[250017.44556991,1989841.41999555],[250012.72485323,1989852.64954213],[250001.10679983,1989880.28633555],[249979.38415404,1989931.95973158],[249959.86995093,1989978.37972826],[249948.5259823,1990005.36453431],[249931.54654038,1990045.7548917],[249919.89839333,1990073.4632713],[249915.69545942,1990083.46112656],[249911.94846987,1990092.37439049],[249897.1808107,1990131.85898731],[249890.42168323,1990151.49656396],[249886.29417498,1990160.70408239],[249883.58498089,1990165.72110849],[249880.57916355,1990171.28743688],[249872.12020438,1990181.98048834],[249864.20671413,1990190.95130955],[249856.90419953,1990197.51298933],[249851.40085519,1990202.06383177],[249845.68584376,1990205.6621723],[249841.34666841,1990207.99051029],[249826.37698851,1990216.24743547],[249767.82364,1990241.30251772],[249749.09244918,1990249.31762766],[249733.66308222,1990255.682067],[249689.45747684,1990273.91637913],[249633.8639722,1990296.80050909],[249592.6881086,1990315.58596333],[249585.27226654,1990319.63347201],[249591.2688,1990328.1174],[249664.0993,1990449.8609],[249551.4978,1990485.1452],[249372.6421,1990540.1776],[249166.7993,1990598.9142],[249073.94895196,1990627.60388577],[248978.4188,1990657.1216],[248775.2218,1990716.3873],[248681.27157228,1990744.57236832],[248621.7658,1990762.4241],[248536.5712,1990785.1779],[248426.5062,1990811.10670001],[248391.06275751,1990827.78595161],[248372.532,1990836.50630001],[248363.10500935,1990841.61730687],[248284.6916,1990884.1305],[248178.72519723,1990933.79129025],[248163.1512,1990949.0504],[248173.1405,1990992.3374],[248188.9309,1991036.3757],[248194.6459,1991047.32950001],[248207.0029,1991066.2284],[248210.8384,1991072.09450001],[248230.0936,1991098.6707],[248241.3185,1991114.1634],[248245.7911,1991120.26880001],[248251.3198,1991127.81590001],[248296.4763,1991193.22100001],[248326.8962,1991241.23070001],[248333.54389229,1991251.72229375],[248345.0936,1991269.95040001],[248351.71132843,1991280.82651863],[248372.2928,1991314.6518],[248423.2256,1991401.85105],[248426.4796,1991407.825],[248441.4723,1991436.38],[248449.6108,1991451.9788],[248456.7617,1991466.1557],[248460.9879,1991474.5345],[248476.4793,1991506.4963],[248493.3069,1991542.85010001],[248498.8918,1991556.25910001],[248501.84080001,1991563.33940001],[248503.03868222,1991566.21541407],[248504.7898,1991570.4197],[248524.6336,1991617.91250001],[248529.25919116,1991628.86252089],[248535.7034,1991644.1177],[248537.30645889,1991647.91255899],[248541.77717587,1991658.4959135],[248544.91905,1991665.93355],[248554.1347,1991687.7494],[248558.18906781,1991696.22318275],[248582.4061,1991746.8377],[248593.8646,1991770.7864],[248601.98862982,1991790.8119136],[248611.3211,1991813.8162],[248623.9809,1991845.02210001],[248626.5946,1991851.16450001],[248638.3003,1991878.6727],[248653.6591,1991914.7658],[248662.82636824,1991936.30896912],[248664.85295969,1991941.07147865],[248676.8976,1991969.3765],[248694.4455,1992010.78840001],[248696.29578167,1992015.15496015],[248698.08961354,1992019.38830195],[248702.12573524,1992028.91332099],[248703.23788552,1992031.53793279],[248715.86995938,1992061.348913],[248728.1269,1992090.2746],[248741.0264,1992120.71660001],[248762.0331,1992170.29130001],[248772.5337,1992195.07200001],[248778.14332932,1992207.77201205],[248788.42766054,1992231.05539195],[248795.67343936,1992247.45959143],[248797.4543,1992251.4914],[248798.5952,1992254.0742],[248817.6084,1992300.463],[248853.1638,1992384.9914],[248859.8284,1992400.8358],[248875.1525,1992437.26680001],[248889.2586,1992470.1183],[248893.85485299,1992480.82255815],[248908.3304,1992514.5348],[248909.7138,1992517.7565],[248916.884,1992530.62850001],[248924.2924,1992541.0002],[248932.9707,1992550.52520001],[248941.6491,1992557.2986],[248953.2907,1992563.2252],[248963.6624,1992568.0936],[248971.3001,1992570.5542],[249049.6698,1992583.25420001],[249078.7983,1992587.4205],[249165.1554,1992599.77220001],[249187.5392,1992603.8997],[249206.284,1992607.5115],[249207.6216,1992605.6011],[249209.2707,1992603.952],[249211.1811,1992602.61440001],[249213.2948,1992601.6287],[249215.5475,1992601.0251],[249217.8708,1992600.82190001],[249220.1941,1992601.0251],[249222.4468,1992601.6287],[249224.5604,1992602.61440001],[249226.4708,1992603.952],[249228.1199,1992605.6011],[249248.6396,1992592.33990001],[249318.0929,1992552.38770001],[249370.6128,1992522.75430001],[249402.7597,1992503.9689],[249452.766,1992475.6584],[249465.7452,1992468.4123],[249517.4568,1992439.5427],[249550.5298,1992420.8895],[249561.7459,1992415.151],[249573.284,1992409.2478],[249583.2605,1992403.3358],[249591.1434,1992398.6645],[249609.52,1992388.4617],[249638.9008,1992377.4978],[249679.8284,1992364.48200001],[249740.5768,1992346.70200001],[249786.0853,1992332.0969],[249837.4145,1992316.2219],[249841.0034,1992315.0763],[249858.3818,1992309.52870001],[249873.345,1992304.7522],[249912.8342,1992293.0444],[249945.1001,1992283.2059],[249953.1832,1992280.74120001],[250004.3008,1992264.2312],[250026.2877,1992257.72240001],[250057.53376404,1992247.45959143],[250064.2291,1992245.2605],[250073.8537,1992241.95760001],[250343.09669903,1992169.39374004],[250346.48337247,1992176.27292046],[250352.1983839,1992191.61878449],[250358.12506242,1992211.72715804],[250369.87258592,1992246.33472726],[250377.80362795,1992272.5338998],[250379.29177142,1992277.44978949],[250389.02845756,1992305.38984537],[250391.23238269,1992312.85475307],[250395.59013735,1992327.61488981],[250402.68098487,1992349.52243363],[250405.53849058,1992361.79912485],[250411.88850328,1992385.61167248],[250420.24935334,1992429.32092656],[250426.33478217,1992459.24536141],[250426.830963,1992462.4835942],[250428.84832887,1992475.64956089],[250428.58374501,1992492.58292808],[250426.73165797,1992503.56315838],[250422.89519196,1992516.66005957],[250416.94205506,1992539.94343947],[250410.72433429,1992559.78722916],[250400.40556365,1992596.03521832],[250397.78212058,1992605.90956655],[250390.8805446,1992631.88633169],[250387.57324632,1992647.09990379],[250386.6472028,1992654.24366808],[250369.50855681,1992658.40726184],[250335.35605622,1992662.14214191],[250284.21199559,1992666.16381662],[250264.64931888,1992666.88019633],[250263.61965406,1992687.77149873],[250265.73632496,1992714.36217691],[250268.03847213,1992740.97499814],[250269.04362324,1992752.59454504],[250269.34109173,1992759.85773404],[250270.63112642,1992791.3560809],[250270.67282376,1992798.48632618],[250274.29459469,1992845.59066417],[250275.02168272,1992870.49342905],[250275.12905208,1992874.17082986],[250277.24572298,1992920.34071387],[250280.2884374,1992952.88452895],[250284.12490341,1992998.7898291],[250288.71195987,1993039.06642245],[250289.54887259,1993046.41492435],[250290.27517329,1993052.40690518],[250292.19471121,1993068.243093],[250294.50532263,1993084.47372929],[250297.61868039,1993106.3431692],[250298.83425081,1993117.61863271],[250300.52030917,1993133.2582775],[250301.4551464,1993141.92969871],[250304.00705799,1993176.78232288],[250306.21765593,1993210.72150296],[250308.46661876,1993232.81425548],[250314.68433952,1993269.85599623],[250316.40413463,1993285.20186025],[250318.07283282,1993295.49894907],[250319.81815746,1993306.2688792],[250321.82810381,1993318.67171886],[250323.89005505,1993330.52793846],[250326.59061334,1993346.05614863],[250327.38393225,1993352.33371565],[250329.63332776,1993370.13328012],[250330.57824162,1993377.4901095],[250333.33750183,1993398.97292113],[250336.90938397,1993422.25630103],[250341.93647736,1993442.62925844],[250347.49273847,1993471.07202366],[250355.58413345,1993498.79695055],[250356.4885898,1993501.89604365],[250364.55839761,1993528.22213796],[250367.68202951,1993534.07894778],[250371.36366249,1993540.98200961],[250373.02508121,1993544.09716971],[250376.06779563,1993558.64928215],[250378.35357135,1993566.64949718],[250379.24280198,1993569.76180437],[250387.70948557,1993591.19309724],[250391.93797764,1993606.86339137],[250394.45637407,1993616.19627224],[250400.40951098,1993637.09839738],[250408.47931878,1993659.98490149],[250416.41683466,1993687.23703933],[250421.71299258,1993705.17563874],[250428.71998426,1993728.90899767],[250432.27236995,1993739.37918706],[250438.77417104,1993758.54239027],[250447.10856271,1993787.11744742],[250455.70753824,1993815.03104491],[250464.83568149,1993841.62172309],[250469.46589909,1993855.24779202],[250471.05340226,1993869.00615286],[250471.47765163,1993882.03060837],[250471.89240509,1993894.76353977],[250472.37632157,1993909.61977576],[250475.55132793,1993950.23339865],[250477.66420076,1993978.38759844],[250477.5357069,1994022.33250118],[250478.92024432,1994044.48509995],[250479.38779393,1994051.96589378],[250480.8925678,1994059.63098285],[250481.5782206,1994061.89938533],[250483.15267149,1994067.10827287],[250486.14566647,1994074.32352863],[250489.84183803,1994081.20511643],[250494.20449023,1994087.68471522],[250501.46630901,1994099.32763127],[250505.48847561,1994105.77639426],[250510.21181391,1994113.34934988],[250527.27747304,1994141.65982317],[250531.17585946,1994149.45659599],[250541.43270969,1994169.97029646],[250554.00044316,1994199.60368906],[250563.34076873,1994223.05386816],[250569.36223604,1994242.34709324],[250570.61477983,1994247.27898444],[250575.82491201,1994267.7938799],[250577.01923919,1994272.49654318],[250585.61821473,1994305.30494213],[250594.08489833,1994343.40501833],[250594.77524945,1994348.68417397],[250596.33386116,1994360.60296939],[250598.97969978,1994375.81654149],[250607.44638338,1994403.86243091],[250610.88597359,1994423.17705287],[250611.80173391,1994433.55566976],[250612.87035256,1994445.66668118],[250613.66410415,1994463.39379997],[250617.36827823,1994483.89904931],[250621.86620389,1994510.75431136],[250625.86142021,1994538.66790885],[250629.45976074,1994574.65131416],[250630.9534995,1994588.05102951],[250633.05810127,1994606.93054538],[250633.73174513,1994615.98080419],[250635.49227281,1994639.63311078],[250637.16771139,1994663.41145068],[250637.83114913,1994672.82716315],[250638.24394498,1994678.68568889],[250640.36061588,1994735.41246901],[250641.93296787,1994766.26987685],[250642.90062096,1994785.2600687],[250645.31512565,1994803.91456383],[250647.3974595,1994816.26390779],[250648.44271558,1994822.46283066],[250652.27879618,1994840.8776211],[250656.81773212,1994859.13188311],[250665.15212379,1994891.6756982],[250671.76588563,1994907.84267158],[250677.05839761,1994920.77992308],[250687.50946018,1994946.7091416],[250688.81881538,1994950.53273738],[250706.5387382,1995002.2786822],[250712.38034325,1995019.33741186],[250735.39913929,1995091.43651439],[250737.4992571,1995098.68986248],[250741.68678677,1995113.15267501],[250751.14187911,1995145.80849813],[250753.95983529,1995155.40787732],[250767.41378665,1995201.23881733],[250780.11381205,1995265.79727978],[250790.14635633,1995302.83957611],[250832.59152085,1995293.97356313],[250873.01993504,1995286.03604725],[250925.830874,1995275.55852629],[250932.92960285,1995274.03914924],[250942.28904752,1995272.03589968],[250955.99343433,1995269.10268005],[250986.60295182,1995263.09133011],[251002.87769476,1995259.89516163],[251020.24358487,1995256.08893915],[251041.50693869,1995251.42847803],[251107.38832045,1995239.25762036],[251191.98901049,1995222.58883702],[251210.4118,1995218.7381],[251228.253425,1995214.99768964],[251252.21710284,1995209.98140266],[251328.73478829,1995195.2705935],[251388.1206,1995183.695],[251406.7048,1995180.7163],[251406.0208,1995175.4034],[251404.1097,1995160.56],[251400.3728,1995136.2177],[251397.4101,1995116.5189],[251395.81,1995102.5259],[251394.8845,1995089.9626],[251392.9009,1995063.0387],[251392.1824,1995053.2856],[251390.8434,1995028.2822],[251390.7034,1995023.3094],[251390.5507,1995017.888],[251389.8965,1994994.6658],[251389.4065,1994977.2706],[251389.2871,1994973.8341],[251388.9006,1994962.7014],[251388.4978,1994951.101],[251387.9338,1994934.8609],[251386.7597,1994901.0471],[251385.7896,1994873.1111],[251385.2829,1994858.5182],[251385.04,1994851.5215],[251384.4095,1994833.3645],[251383.6479,1994811.4325],[251383.1287,1994796.4816],[251382.6991,1994775.3962],[251382.3375,1994757.6526],[251381.931,1994737.7063],[251381.8399,1994733.2319],[251381.604,1994721.6592],[251381.0744,1994695.6675],[251380.8264,1994683.4956],[251380.7355,1994679.0348],[251380.5843,1994671.6153],[251380.1237,1994649.0131],[251380.0771,1994646.7291],[251379.9825,1994642.0831],[251379.7184,1994629.1244],[251379.6062,1994624.6064],[251379.4522,1994618.4004],[251379.2175,1994608.9465],[251379.108,1994604.5372],[251378.9184,1994596.8973],[251378.3627,1994574.5135],[251378.2656,1994570.6029],[251378.1088,1994564.2848],[251375.7937,1994481.2716],[251373.5889,1994406.0857],[251373.1278,1994391.945],[251372.7426,1994380.1336],[251372.5967,1994375.6586],[251370.2816,1994340.6012],[251369.165,1994329.7152],[251368.4932,1994323.165],[251367.6357,1994314.8043],[251367.2183,1994311.7304],[251365.2803,1994297.4599],[251364.9926,1994295.341],[251363.9977,1994288.0152],[251362.7983,1994279.3636],[251361.4327,1994269.5138],[251359.9628,1994258.9109],[251355.2475,1994233.961],[251349.2257,1994202.0977],[251348.8062,1994199.8779],[251334.5187,1994119.3121],[251328.7032,1994087.1413],[251325.0518,1994066.9425],[251320.924,1994044.1076],[251315.8655,1994016.1244],[251311.5047,1993991.2053],[251307.5311,1993968.4993],[251301.0135,1993941.8513],[251298.5762,1993931.019],[251296.251,1993920.6846],[251286.726,1993881.5262],[251276.5642,1993843.3691],[251267.2891,1993808.542],[251467.0864,1993781.4392],[251460.5529,1993757.0726],[251459.1237,1993751.978],[251404.4736,1993566.6343],[251386.5273,1993505.4059],[251384.5117,1993498.9372],[251378.5641,1993480.9293],[251365.4616,1993441.2579],[251362.932,1993434.0626],[251283.5569,1993221.3372],[251276.3238,1993201.9735],[251232.7319,1993085.2742],[251204.5464,1993010.6315],[251179.5542052,1992944.448216],[251175.4373,1992933.546],[251135.1854,1992825.9682],[251086.6432,1992696.2334],[251012.1722,1992500.4726],[251010.6681,1992496.6383],[250945.5555314,1992335.54805802],[250929.1763,1992295.0254]]]]},"geometry_name":"geometry","properties":{"ogc_fid":27,"zoning":"UBb","zone_name":"Zone of Surroundings of Central Urban Area","h":20,"e":0.6,"cos":3}},{"type":"Feature","id":"glup2030_cdudcp_v1.28","geometry":{"type":"MultiPolygon","coordinates":[[[[254107.1023,1980233.6864],[254029.7115,1980270.7281],[254019.7628,1980282.2477],[254017.1437,1980285.2802],[253934.9552,1980410.9774],[253925.9119,1980422.213],[253917.4926,1980432.6733],[253902.5863,1980453.6055],[253881.0062,1980483.9095],[253867.7509,1980502.5234],[253852.9342,1980516.811],[253839.2378,1980522.5449],[253789.4795,1980487.6033],[253774.2659,1980484.6268],[253761.3674,1980484.9575],[253741.5237,1980487.9341],[253714.7345,1980492.5643],[253682.7146,1980498.4096],[253654.5858,1980503.5445],[253634.8787,1980507.3608],[253617.1019,1980510.8033],[253614.0769,1980533.5384],[253611.4311,1980551.5301],[253610.1082,1980568.4635],[253609.3144,1980580.6343],[253611.9602,1980597.0385],[253612.6569,1980599.7257],[253615.6644,1980611.3261],[253620.818,1980641.0404],[253628.634,1980686.1052],[253629.9519,1980693.7042],[253635.2436,1980721.1548],[253637.5587,1980732.7304],[253639.4984,1980734.961],[253640.4408,1980748.9511],[253641.1834,1980759.9772],[253643.6527,1980778.7343],[253644.1418,1980785.934],[253645.8137,1980810.5391],[253647.798,1980830.3829],[253649.3855,1980845.8611],[253654.148,1980868.0861],[253660.0534,1980895.3982],[253660.4981,1980897.4549],[253663.2762,1980910.9487],[253664.8637,1980928.0144],[253666.5973,1980940.4391],[253667.2449,1980945.08],[253670.081,1980975.5671],[253670.42,1980979.2114],[253671.2163,1980981.9954],[253675.2222,1980995.9992],[253678.0003,1981032.1149],[253682.3659,1981071.4056],[253684.7472,1981087.6775],[253688.7159,1981103.5525],[253692.6847,1981121.0151],[253694.9805,1981140.1122],[253695.5951,1981145.2245],[253696.4028,1981150.4746],[253700.3576,1981176.1808],[253703.5326,1981204.359],[253705.517,1981225.3934],[253708.692,1981235.7122],[253715.042,1981240.4747],[253730.1233,1981246.0309],[253740.0452,1981246.0309],[253762.775,1981238.8383],[253769.1455,1981296.1722],[253770.2199,1981305.8424],[253774.4167,1981343.6135],[253780.2728,1981405.1381],[253794.0312,1981476.0465],[253798.5148,1981521.6302],[253800.3812,1981540.605],[253804.6146,1981581.8801],[253808.8479,1981603.0468],[253816.6587,1981634.2901],[253820.4896,1981649.6135],[253830.0146,1981723.697],[253831.236,1981738.7032],[253837.423,1981814.7139],[253841.6563,1981844.3473],[253842.7146,1981868.689],[253843.773,1981899.3807],[253841.6563,1981925.8391],[253833.1896,1981936.4224],[253811.5599,1981953.9291],[253809.7686,1981956.9147],[253804.4161,1981965.8354],[253804.4161,1981974.5666],[253809.1786,1981984.8854],[253813.9411,1982002.3479],[253818.555,1982013.553],[253819.4974,1982015.8417],[253820.3945,1982025.4109],[253821.8787,1982041.2418],[253825.8474,1982067.4356],[253830.6099,1982112.6794],[253839.3412,1982176.9733],[253842.5162,1982215.8671],[253847.2787,1982234.1234],[253851.2475,1982244.4422],[253857.5975,1982250.7922],[253867.9162,1982255.5547],[253882.2038,1982257.1422],[253898.0788,1982257.1422],[253921.8914,1982259.5234],[253961.5789,1982262.6984],[254024.9465,1982268.0494],[254068.8745,1982271.7588],[254249.1353,1982286.9806],[254346.3945,1982294.9587],[254531.0165,1982310.1032],[254582.1999,1982314.3017],[254677.7785,1982322.142],[254731.8376,1982326.5764],[254957.0206,1982345.048],[254994.0623,1982347.6938],[255027.3999,1982348.7521],[255039.0416,1982347.6938],[255046.2802,1982346.0852],[255402.4737,1982084.2572],[255797.762,1981792.9504],[256123.2001,1981554.8249],[256153.3627,1981307.1744],[256188.2877,1981049.2051],[256200.9878,1980955.5424],[256205.7503,1980877.7548],[256207.3378,1980605.498],[256205.7503,1980308.6349],[256205.4857,1980035.0552],[255811.7849,1980032.9385],[255489.5218,1980022.8843],[255208.5337,1980016.5343],[255002.1583,1980018.1218],[254810.0704,1980018.1218],[254592.5825,1980010.1843],[254336.9944,1980121.3095],[254107.1023,1980233.6864]]]]},"geometry_name":"geometry","properties":{"ogc_fid":28,"zoning":"UEb","zone_name":"City-Expansion Zone (sub-center)","h":0,"e":0,"cos":0}},{"type":"Feature","id":"glup2030_cdudcp_v1.29","geometry":{"type":"MultiPolygon","coordinates":[[[[245350.5131,1975957.21],[245355.2752,1975963.5981],[245358.4317,1975967.8326],[245361.1262,1975972.2906],[245363.5594,1975976.3166],[245372.9839,1975991.9097],[245386.0543,1976018.1564],[245393.1981,1976030.3802],[245397.99,1976038.6707],[245377.9203,1976049.7386],[245357.641,1976060.9222],[245324.4092,1976079.3372],[245294.7758,1976093.9422],[245281.2291,1976101.9856],[245276.4369,1976105.1804],[245272.3391,1976107.9122],[245264.9308,1976115.5323],[245256.8874,1976123.3639],[245250.7491,1976130.2431],[245246.3019,1976135.8606],[245244.7166,1976137.8631],[245240.5891,1976144.6894],[245236.779,1976152.1507],[245233.604,1976160.7232],[245230.5878,1976169.2957],[245230.2174,1976180.9903],[245229.3707,1976191.997],[245229.5824,1976201.7337],[245229.8299,1976206.1077],[245230.2174,1976212.952],[245231.2757,1976218.8787],[245234.0274,1976227.9804],[245238.049,1976237.7171],[245251.518,1976265.9162],[245257.8307,1976279.1328],[245285.4858,1976337.0328],[245310.9874,1976390.3928],[245324.1527,1976417.9401],[245335.55,1976439.5114],[245337.2063,1976442.6461],[245346.4667,1976456.9336],[245363.4001,1976483.4251],[245373.5865,1976497.7126],[245378.3526,1976507.3364],[245380.4657,1976511.6033],[245396.8699,1976540.6722],[245404.9133,1976554.2189],[245411.4749,1976564.1673],[245417.3752,1976570.729],[245422.561,1976575.9148],[245429.9694,1976581.9473],[245443.1986,1976592.1073],[245457.6977,1976602.2674],[245479.0545,1976614.1657],[245506.9682,1976632.1268],[245535.2324,1976650.3135],[245551.5875,1976661.5416],[245555.8899,1976664.4951],[245572.6418,1976680.8633],[245529.2995846,1976585.16965687],[245486.0866719,1976494.22459383],[245434.67727275,1976411.69897941],[245397.1144171,1976333.79083436],[245394.15922903,1976327.6615554],[245381.42631304,1976302.04077086],[245332.86259486,1976204.32234091],[245332.7184413,1976190.46493691],[245368.28863684,1976169.61235658],[245451.08307863,1976122.7475782],[245677.90987665,1975999.02198597],[245893.41137204,1975879.86233559],[246124.78590507,1975754.66652661],[246236.36985462,1975690.83759461],[246301.47071116,1975646.47426661],[246397.82320188,1975561.71485751],[246535.08501192,1975447.55782723],[246646.61330255,1975350.16692556],[246777.159697,1975243.213253],[246929.0115565,1975115.34992931],[247109.75243292,1974960.54605736],[247137.97628329,1974939.37816959],[247181.02433423,1974925.78404824],[247299.51839055,1974891.14732408],[247384.73121327,1974866.23896052],[247590.22374412,1974813.70703534],[247678.64117467,1974798.72103016],[247785.46189488,1974783.23976637],[248007.31476108,1974758.06497304],[248189.42904379,1974739.06174354],[248204.26167138,1974755.1560218],[248125.73089709,1974824.2340177],[247995.69154349,1974942.18403003],[247932.69799323,1975003.06037354],[247882.33819674,1975058.62949663],[247845.30064625,1975116.71642669],[247814.42597754,1975168.95496374],[247785.71938945,1975237.15801313],[247756.84946122,1975323.59375818],[247723.76609867,1975435.41555512],[247619.34023101,1975789.00944255],[247522.48967737,1976111.62648947],[247481.87903184,1976228.47245192],[247476.18393405,1976248.80161209],[247461.26928864,1976302.04077086],[247435.1445531,1976395.29534751],[247425.94115845,1976428.14768661],[247375.6879366,1976593.98375553],[247366.82826631,1976623.22074451],[247362.20728045,1976639.34605552],[247297.94177414,1976863.60583609],[247231.85144277,1977074.58650933],[247229.70025683,1977081.45375675],[247184.06792366,1977235.06869419],[247148.78700336,1977363.84832924],[247111.35463464,1977506.19522624],[247056.46243994,1977727.05121207],[247008.83734469,1977922.18181066],[246981.82847396,1978057.83272935],[246971.26315167,1978098.33313148],[246969.2768445,1978105.94730898],[246955.71465724,1978140.82150478],[246895.65273492,1978269.25178549],[246811.24147596,1978454.93535052],[246793.8222951,1978486.87051542],[246731.2615,1978597.5454],[246766.6364,1978714.4386],[246769.189,1978723.6873],[246771.5723,1978732.3223],[246781.2414,1978767.3554],[246828.0153,1978703.5106],[246891.5154,1978613.5521],[247019.8429,1978657.2496],[246997.3873,1978738.2728],[247045.14250191,1978650.88419225],[247081.35583082,1978585.64157223],[247101.4428094,1978541.47517535],[247106.03238345,1978531.37811246],[247165.83558524,1978399.8110685],[247167.7476283,1978395.60457378],[247195.31770686,1978336.65153346],[247229.58117379,1978263.38603502],[247232.90010645,1978254.63053608],[247257.36901943,1978190.08040412],[247275.24432793,1978120.50003268],[247301.06309555,1977990.11525621],[247347.83338656,1977798.48698054],[247375.79879692,1977685.94325596],[247401.75285665,1977581.49399116],[247438.34471761,1977442.31423432],[247472.1158198,1977318.91982245],[247498.47992695,1977230.13481455],[247516.31733295,1977170.06472671],[247584.7746137,1976951.52802278],[247654.3095774,1976708.98828309],[247714.40111366,1976510.56970252],[247768.69679455,1976316.65655649],[247808.85970609,1976201.08814695],[247906.76865012,1975874.94556251],[247932.59783143,1975787.49130427],[247989.73597386,1975594.0172144],[248011.4606217,1975520.45590682],[248043.7976191,1975411.15685563],[248056.52261365,1975372.98187197],[248066.52121819,1975342.98605834],[248081.58611416,1975306.26537442],[248094.89276496,1975283.85417308],[248100.0489483,1975275.17007481],[248123.11507866,1975238.64870174],[248149.1169455,1975210.85360271],[248198.93062451,1975162.86237536],[248229.31514137,1975135.29704048],[248324.73621401,1975048.72946942],[248466.74752944,1974923.81210862],[248471.79259858,1974919.16549732],[248501.28982153,1974890.72174558],[248508.02245881,1974884.22956161],[248599.1564,1974796.3504],[248705.2429,1974701.448],[248767.1185,1974642.9768],[248856.4834,1974557.557],[248889.4664,1974527.3227],[248996.8201,1974447.1158],[249102.1666,1974372.9831],[249226.1022,1974285.9645],[249309.7544,1974227.8586],[249368.0402,1974177.3461],[249370.8716,1974174.7732],[249478.8379,1974074.117],[249542.5046,1974012.2976],[249594.2639,1973960.5469],[249625.2731,1973945.6685],[249656.6964,1973930.4756],[249717.9237,1973901.1724],[249772.6993,1973872.8378],[249856.5574,1973839.6969],[250094.7481,1973788.568],[250161.859,1973771.7903],[250269.8638,1973744.7891],[250392.3494,1973724.179],[250404.6706,1973720.6947],[250443.6054,1973709.6845],[250470.7553,1973692.6178],[250494.1343,1973666.8696],[250636.9652,1973441.0129],[250712.6797,1973226.9236],[250760.9375,1973108.6998],[250903.109,1973018.8145],[251014.579,1972949.8672],[251143.02710099,1972863.36129971],[251266.20530265,1972783.80870038],[251378.96100966,1972717.43396263],[251590.01543814,1972655.65063323],[251747.54169932,1972604.02430359],[251756.43235299,1972601.06122078],[251809.8189357,1972583.26850591],[251900.10895812,1972536.26209817],[251978.16951023,1972476.69431079],[252008.22347591,1972453.76021426],[252181.00427631,1972313.75013674],[252300.65681241,1972231.01168093],[252427.92347318,1972120.76354797],[252487.36667132,1972063.04548847],[252519.67603105,1972005.58288569],[252530.98010626,1971978.15317425],[252554.80958028,1971898.72167446],[252576.74830302,1971803.32071367],[252579.97548883,1971789.28723366],[252635.62757615,1971522.37981954],[252677.50556179,1971345.0527241],[252718.26943039,1971152.44441192],[252726.72761186,1971112.4468585],[252801.56143899,1970807.20361625],[252802.17270516,1970804.61096292],[252811.13298322,1970765.0364015],[252916.837289,1970751.94029283],[252981.3918657,1970755.06390137],[253096.87537649,1970767.75439706],[253348.40461083,1970796.57545516],[253603.36596388,1970833.18529047],[253691.9268876,1970846.98699288],[253744.80412404,1970868.01675973],[253758.14949777,1970873.32433852],[253831.71631697,1970912.48087131],[254006.52241136,1971014.23367253],[254218.69345842,1971134.25613937],[254247.85337884,1971152.44441192],[254391.05019208,1971241.76230547],[254510.77111744,1971366.62511775],[254554.39057012,1971419.55914105],[254636.06589199,1971518.67554727],[254702.24853297,1971603.54194835],[254721.02733778,1971670.06347986],[254786.35524156,1971937.1393218],[254792.74845932,1971989.05195029],[254773.12623219,1972018.03846108],[254700.27360977,1972114.30799785],[254574.34018606,1972273.03658398],[254554.39057012,1972298.85788011],[254535.85727048,1972322.84600197],[254442.87737538,1972443.24304563],[254418.49595809,1972474.8138552],[254254.70505235,1972685.49651218],[254113.25587452,1972866.60433799],[253962.66347618,1973064.48709511],[253844.28037365,1973219.70049621],[253721.88893197,1973375.65088157],[253718.81294494,1973379.71034323],[253664.24473672,1973454.32401568],[253656.5350593,1973464.8658195],[253603.71330222,1973529.00652452],[253803.53304106,1973690.23304231],[253922.06661146,1973558.9994465],[254009.90845381,1973467.98259781],[254023.3824605,1973454.32401568],[254087.16694166,1973389.6657745],[254201.30194492,1973246.28830863],[254350.27073685,1973050.51966409],[254491.34475604,1972869.89187719],[254554.39057012,1972788.7965308],[254655.63768023,1972658.56315076],[254809.96706274,1972458.7270221],[254936.35713246,1972299.42287172],[255012.5432256,1972198.81348084],[255054.81745849,1972138.45763108],[255080.10552721,1972077.83576132],[255093.65477778,1972017.9465395],[255089.94134398,1971944.56537644],[255082.59163101,1971889.11003939],[255020.38388243,1971631.76605621],[255015.26725489,1971610.59934721],[255011.64725753,1971595.62396937],[254994.44930647,1971529.47800374],[254975.31824095,1971478.44149723],[254940.61457374,1971420.09551961],[254870.19615609,1971331.09911682],[254868.4636679,1971328.95688299],[254799.99607918,1971245.86861125],[254741.4634139,1971174.83678308],[254691.11621811,1971115.89018235],[254627.94890885,1971051.11695254],[254584.06991137,1971012.05533913],[254547.61648991,1970982.86932067],[254486.42926456,1970943.79059289],[254369.70283818,1970875.03078176],[254367.49873705,1970873.7592913],[254357.34619506,1970868.01675973],[254156.64021043,1970754.49243718],[254011.49292025,1970670.00371603],[253980.17185915,1970651.7720536],[253881.19630075,1970599.63299169],[253821.50498043,1970574.42977141],[253758.75587377,1970554.01622098],[253648.67337957,1970536.6249321],[253384.68206919,1970498.76926837],[253130.68156119,1970469.66504349],[253009.60501778,1970456.35830801],[253000.46971771,1970455.6360319],[252918.44872034,1970451.66727397],[252886.6908,1970457.4786],[252833.774,1970475.4703],[252796.7323,1970489.2287],[252779.9923,1970496.6139],[252760.7489,1970505.1037],[252724.7654,1970520.9787],[252702.5404,1970532.6204],[252678.1987,1970548.4955],[252652.7986,1970559.0788],[252614.6986,1970569.6622],[252596.7069,1970577.0705],[252576.5985,1970587.6539],[252515.01117412,1970757.7696166],[252484.31944607,1970857.25314891],[252481.464381,1970868.01675973],[252433.71358948,1971048.03750296],[252412.93904994,1971144.69341283],[252343.20361009,1971455.3563125],[252321.02666258,1971561.65155443],[252287.0476167,1971724.51485646],[252265.98364703,1971817.44413443],[252246.28158364,1971880.69747459],[252236.93871862,1971888.9135932],[252122.94875438,1971989.15640572],[252093.85378462,1972009.39701249],[251996.53326586,1972077.10034291],[251823.1946751,1972217.60965512],[251785.84673224,1972246.54116015],[251740.81158884,1972281.42753884],[251696.00067725,1972305.15096262],[251653.9142117,1972319.00870128],[251499.19391451,1972369.7153533],[251327.14776223,1972419.20808204],[251312.82512072,1972423.32829397],[251248.3912,1972446.5582],[251133.35397801,1972513.95530544],[251111.3415,1972526.8518],[250978.6962,1972550.2658],[250870.5617,1972566.7412],[250830.345,1972603.7829],[250793.3033,1972637.6496],[250750.9698,1972677.8664],[250688.528,1972729.7248],[250663.1844,1972749.9205],[250620.7946,1972783.6999],[250562.5861,1972827.6209],[250490.6193,1972880.5376],[250417.5942,1972936.6294],[250344.569,1972994.8379],[250287.4189,1973036.1129],[250229.2105,1973075.8005],[250163.5937,1973117.0756],[250083.1602,1973164.7007],[250016.485,1973204.9174],[249983.6766,1973220.7925],[249967.9561,1973229.01],[249937.1099,1973245.1342],[249882.0764,1973271.5926],[249845.0347,1973285.3509],[249793.1763,1973305.4593],[249748.7262,1973318.1593],[249685.226,1973336.151],[249606.9092,1973352.0261],[249491.5506,1973375.3094],[249397.5677,1973394.6874],[249388.8921,1973396.4762],[249322.1138,1973408.5587],[249278.4426,1973451.3567],[249269.208,1973466.1853],[249196.6225,1973582.741],[249064.0452,1973783.0799],[249055.0478,1973796.676],[248915.9018,1973998.2796],[248913.5386,1974001.8659],[248846.2057,1974108.9865],[248821.2993,1974141.3648],[248799.1155,1974163.5486],[248666.5219,1974294.5637],[248477.1418,1974476.053],[248444.9907,1974505.9076],[248411.78312833,1974514.78809001],[248333.84142954,1974519.11818439],[248286.2027632,1974525.17402767],[248255.5975073,1974529.0645781],[248038.06727572,1974553.77011605],[247986.10931274,1974559.19181653],[247850.34261382,1974574.59549328],[247761.37464104,1974584.68952888],[247648.76917172,1974600.96082174],[247547.19729823,1974618.30912217],[247333.54404495,1974672.89268469],[247123.87935742,1974734.11869742],[247121.82291981,1974734.74387547],[247061.49779915,1974753.79391357],[247038.56896791,1974764.37866049],[246982.10890788,1974806.54078225],[246799.86408979,1974962.63743079],[246649.88822004,1975088.93290005],[246518.64790008,1975196.4550899],[246516.2470962,1975198.48592842],[246404.44727939,1975296.11393746],[246298.41908874,1975384.26528202],[246268.85396771,1975408.84558612],[246266.66431983,1975410.72007231],[246177.81724868,1975489.02596553],[246127.57864699,1975522.97096667],[246031.09260121,1975577.89379273],[246028.66112694,1975579.2778627],[245876.71583501,1975661.49483573],[245797.83144562,1975704.17885464],[245581.38282459,1975823.85746067],[245350.5131,1975957.21]]]]},"geometry_name":"geometry","properties":{"ogc_fid":29,"zoning":"UF","zone_name":"Zone of Villages surrounded by Rice Field","h":10,"e":0.4,"cos":1}},{"type":"Feature","id":"glup2030_cdudcp_v1.30","geometry":{"type":"MultiPolygon","coordinates":[[[[252576.5985,1970587.6539],[252521.565,1970624.1664],[252480.29,1970658.0332],[252444.3066,1970690.8416],[252418.9065,1970718.3583],[252397.7398,1970735.2917],[252371.2814,1970758.575],[252356.4647,1970780.8001],[252344.823,1970800.9085],[252330.0063,1970817.8418],[252312.0146,1970834.7752],[252270.7395,1970870.7586],[252198.7727,1970935.3171],[252134.2143,1970994.5839],[252085.5308,1971035.3298],[252064.2038,1971053.9909],[252060.1308,1971057.5548],[252030.4974,1971084.0132],[251988.164,1971124.2299],[251923.6055,1971185.6134],[251895.0305,1971215.2468],[251869.6304,1971242.7635],[251838.9387,1971271.3386],[251808.2469,1971296.7386],[251787.0802,1971320.022],[251776.5953,1971332.4729],[251727.8135,1971390.4013],[251697.1217,1971424.268],[251674.8967,1971452.8431],[251650.555,1971478.2432],[251631.5049,1971501.5265],[251613.5132,1971530.1016],[251581.7632,1971577.7267],[251558.4798,1971614.7684],[251537.3131,1971645.4602],[251519.3214,1971672.9769],[251507.6797,1971696.2603],[251442.0629,1971803.6813],[251395.6089,1971867.6846],[251354.221,1971927.5066],[251351.3514,1971932.5052],[251321.4126,1971984.6567],[251300.2459,1972019.5817],[251275.9042,1972061.9152],[251239.9208,1972113.7736],[251204.9957,1972169.3362],[251183.829,1972192.6196],[251164.779,1972211.6696],[251142.554,1972241.303],[251117.1539,1972274.1114],[251090.6955,1972313.2698],[251062.1205,1972354.5449],[251039.8954,1972379.945],[251008.1453,1972416.9867],[250949.9369,1972481.016],[250924.5986,1972512.2062],[250899.1368,1972540.2828],[250870.5617,1972566.7412],[250978.6962,1972550.2658],[251111.3415,1972526.8518],[251133.35397801,1972513.95530544],[251248.3912,1972446.5582],[251312.82512072,1972423.32829397],[251327.14776223,1972419.20808204],[251499.19391451,1972369.7153533],[251653.9142117,1972319.00870128],[251696.00067725,1972305.15096262],[251740.81158884,1972281.42753884],[251785.84673224,1972246.54116015],[251823.1946751,1972217.60965512],[251996.53326586,1972077.10034291],[252093.85378462,1972009.39701249],[252122.94875438,1971989.15640572],[252236.93871862,1971888.9135932],[252246.28158364,1971880.69747459],[252265.98364703,1971817.44413443],[252287.0476167,1971724.51485646],[252321.02666258,1971561.65155443],[252343.20361009,1971455.3563125],[252412.93904994,1971144.69341283],[252433.71358948,1971048.03750296],[252481.464381,1970868.01675973],[252484.31944607,1970857.25314891],[252515.01117412,1970757.7696166],[252576.5985,1970587.6539]]]]},"geometry_name":"geometry","properties":{"ogc_fid":30,"zoning":"N","zone_name":"Agriculture Zone","h":10,"e":0,"cos":0}},{"type":"Feature","id":"glup2030_cdudcp_v1.31","geometry":{"type":"MultiPolygon","coordinates":[[[[252525.1152,1977527.8267],[252540.2888,1977529.6559],[252660.9525,1977544.2018],[252689.5362,1977547.8216],[252706.3948,1977549.9565],[252722.2698,1977550.7502],[252789.7289,1977558.9933],[252824.58,1977563.2518],[252891.9215,1977570.8506],[252906.5591,1977572.5023],[252945.9849,1977577.113],[252986.0744,1977581.8013],[252995.2476,1977582.874],[253075.3065,1977592.4459],[253147.8832,1977601.856],[253232.5977,1977611.1669],[253249.076,1977612.9781],[253300.278,1977618.6056],[253372.0023,1977627.3369],[253435.1717,1977633.9515],[253455.182,1977636.5709],[253591.3864,1977652.6907],[253640.7393,1977658.784],[253665.544,1977660.7684],[253695.6883,1977664.2189],[253747.2543,1977670.1214],[253862.0093,1977683.2569],[253917.957,1977689.661],[253981.2936,1977697.0099],[253992.445,1977698.2156],[254114.8553,1977711.4504],[254214.7517,1977722.2511],[254365.1447,1977739.1139],[254413.6992,1977745.0235],[254465.4983,1977751.328],[254455.9424,1977720.0847],[254444.0827,1977692.9978],[254329.5176,1977454.973],[254274.5183,1977344.2166],[254206.5074,1977207.2578],[254202.3067,1977198.7986],[254192.405,1977178.1606],[254177.5308,1977148.7461],[254171.4805,1977136.7812],[254147.5184,1977089.395],[254106.9745,1977004.0061],[254080.1316,1976947.4726],[254070.8381,1976927.8269],[254004.5661,1976791.5476],[253928.0725,1976634.249],[253856.5093,1976486.8408],[253828.3773,1976428.8936],[253795.1191,1976357.362],[253787.3855,1976342.553],[253776.466,1976321.6432],[253773.9568,1976316.0909],[253757.8128,1976280.3681],[253741.144,1976227.1867],[253735.1988,1976198.33305],[253729.2536,1976169.4794],[253723.655,1976142.3082],[253721.37722213,1976132.33774447],[253678.17866459,1976136.22689628],[253668.5418,1976137.0945],[253594.39973813,1976151.19509911],[253557.90795157,1976158.13523592],[253547.80024645,1976160.05755497],[253542.45918146,1976161.07333757],[253521.7599,1976165.01],[253504.57304432,1976158.13523592],[253411.4265,1976120.8765],[253391.0949,1976033.4511],[253403.6875,1976042.8956],[253391.06497486,1976031.38686467],[253355.04765155,1975998.54764777],[253340.4961,1975985.2801],[253318.00533499,1975853.33462632],[253315.9147,1975841.0696],[253325.37641434,1975814.22477532],[253328.807,1975804.4915],[253322.82359394,1975797.39689923],[253308.05299119,1975779.88320744],[253227.423,1975684.2792],[253236.5919,1975666.7749],[253196.586,1975645.3432],[253168.8706,1975618.7365],[253082.7499,1975551.2366],[253089.04325424,1975522.28729756],[253100.582,1975469.2093],[253093.95004859,1975443.19164445],[253059.9622,1975309.8547],[253074.7789,1975291.2449],[253017.39731287,1975206.179147],[253002.4639,1975184.041],[253006.9812,1975176.5776],[252939.7479,1975122.1505],[252885.3934,1975121.0377],[252749.0807,1975106.1289],[252735.11620949,1975072.61423885],[252715.3905,1975025.2727],[252618.61651531,1974936.43113143],[252596.0434,1974915.7083],[252605.1898094,1974895.75271115],[252618.61651531,1974866.45839343],[252626.8149,1974848.5712],[252618.61651531,1974842.5384107],[252601.1347,1974829.6744],[252601.1347,1974789.7323],[252530.56300587,1974797.16081437],[252443.8528,1974806.2881],[252440.53486071,1974800.481777],[252420.4092,1974765.2623],[252393.3542,1974766.3303],[252389.1137,1974802.3735],[252384.8053,1974805.6799],[252393.4343,1974832.7174],[252304.3857,1974928.1271],[252260.2919,1974932.9373],[252216.5873,1974962.8404],[252202.05568219,1974978.09856395],[252180.41942646,1975000.81658072],[252160.1426,1975022.1072],[252055.8552,1975028.6957],[251979.8849,1974987.4917],[251888.2412,1974971.0429],[251848.6032,1974945.304],[251809.3294,1974939.073],[251722.84139043,1975043.90895535],[251693.8703,1975079.0261],[251660.37206641,1975090.19216373],[251614.9171,1975105.3438],[251606.7454,1975156.4167],[251580.99810093,1975182.7732852],[251509.0319,1975256.4425],[251453.2882,1975292.5532],[251432.24523955,1975273.31964229],[251417.5115,1975259.8528],[251404.8907,1975289.8698],[251389.412,1975372.1885],[251390.2162,1975399.2634],[251441.02473426,1975546.84068],[251464.08625664,1975613.82463839],[251562.8694719,1975900.74805448],[251589.33576735,1975977.62143707],[251615.8747,1976054.7058],[251592.2191,1976062.7929],[251599.60309804,1976084.09050052],[251599.60309804,1976084.09050052],[251633.5055,1976181.8749],[251653.45851055,1976235.18205668],[251686.1662148,1976322.56509648],[251687.05099381,1976324.92890284],[251699.8998,1976386.9976],[251704.1207,1976449.2417],[251699.432,1976498.4428],[251655.92308632,1976614.37310489],[251644.12241519,1976645.81621129],[251610.72841057,1976734.79515395],[251557.71929862,1976876.03891275],[251613.71368018,1976879.93169658],[251760.867,1976893.575],[251772.7733,1977066.8775],[251919.3714,1977102.7321],[251919.6573,1977108.9505],[251920.9589,1977137.2603],[251921.2534,1977151.5443],[251921.3652,1977156.9691],[251921.7526,1977175.7572],[251923.737,1977214.2542],[251923.737,1977258.7043],[251923.135,1977276.1633],[251922.9432,1977281.7231],[251922.9432,1977294.4231],[251926.3372,1977300.5604],[251920.5164,1977310.8792],[251916.283,1977323.3146],[251914.2721,1977339.9204],[251906.4934,1977372.7918],[251900.9372,1977390.5189],[251892.2059,1977428.8836],[251889.0309,1977440.2607],[251885.66975859,1977453.16673217],[252105.5339,1977478.8397],[252131.8704,1977481.76],[252252.8693,1977496.1358],[252318.0945,1977503.8852],[252394.9858,1977513.0206],[252413.1891,1977514.9256],[252460.8619,1977520.4206],[252525.1152,1977527.8267]]]]},"geometry_name":"geometry","properties":{"ogc_fid":31,"zoning":"N","zone_name":"Agriculture Zone","h":10,"e":0,"cos":0}},{"type":"Feature","id":"glup2030_cdudcp_v1.32","geometry":{"type":"MultiPolygon","coordinates":[[[[251446.52464238,1990032.40079034],[251445.83204674,1989999.0530156],[251423.79482422,1989999.15464036],[251423.25830786,1989995.21714018],[251418.66359975,1989930.24754244],[251417.85063216,1989918.75210563],[251417.07580099,1989847.06443361],[251413.37807313,1989731.57368458],[251380.18519046,1989730.50347019],[251380.60911529,1989725.72046472],[251373.32380003,1989654.55611395],[251437.57686265,1989653.49650012],[251436.9983754,1989615.10599514],[251438.11308148,1989587.18164669],[251440.25893168,1989533.42624892],[251440.50122724,1989527.35653626],[251445.91528788,1989465.15751757],[251448.76958049,1989432.36619682],[251449.99023541,1989418.34279679],[251451.39798392,1989402.16998652],[251453.69518028,1989376.38917735],[251459.46347392,1989311.65318888],[251457.84972516,1989293.92779976],[251442.18944202,1989241.76923601],[251466.48309366,1989237.72204505],[251465.99946673,1989229.32802057],[251455.5353484,1989205.41065674],[251437.33379844,1989181.03321017],[251353.5743129,1989210.52078775],[251309.77240988,1989225.94127421],[251286.52418855,1989122.02801902],[251283.40070079,1989108.52660439],[251263.92691639,1989108.80077828],[251265.24594561,1989103.23809022],[251266.17771118,1989099.30859329],[251267.56702603,1989093.44949248],[251272.61432127,1989072.16374035],[251278.99851644,1989045.23993463],[251290.7601909,1988995.63790504],[251296.37281651,1988971.96800821],[251304.84294579,1988936.24727772],[251320.70398617,1988869.35715963],[251328.70344698,1988835.62136007],[251333.64130378,1988798.27881807],[251335.05876428,1988787.55927313],[251336.43939579,1988777.11824722],[251338.05668752,1988764.88747854],[251339.50688486,1988753.92036111],[251343.34869157,1988724.86669792],[251349.87015599,1988675.54812326],[251365.84524234,1988672.56531938],[251382.87097064,1988669.38634386],[251403.71752907,1988665.49395832],[251415.20719011,1988663.34865501],[251439.3495,1988658.8409],[251446.15330001,1988661.0621],[251494.4867,1988607.51280001],[251497.78500001,1988604.1191],[251501.6065,1988600.187],[251513.31810001,1988588.1366],[251526.45560001,1988574.35760001],[251546.65530001,1988553.17140001],[251565.8947,1988532.74940001],[251576.73380001,1988521.24400001],[251598.5137,1988501.0484],[251605.12830001,1988497.07970001],[251608.8977,1988494.76940001],[251613.33040001,1988492.05260001],[251632.11590001,1988483.85050001],[251651.43050001,1988476.04520001],[251671.9989,1988468.77970001],[251698.68740001,1988459.35220001],[251739.1687,1988444.42970001],[251745.589,1988441.6932],[251768.22000001,1988432.0472],[251782.9838,1988426.01460001],[251805.9893,1988413.12940001],[251829.32560001,1988399.9531],[251836.6755,1988395.643],[251855.0432,1988384.87180001],[251892.7993,1988361.7737],[251896.4335,1988359.32360001],[251900.59620001,1988356.51740001],[251916.34730001,1988345.89860001],[251950.6646,1988325.1051],[251964.03000001,1988315.5741],[251968.2317,1988312.5779],[251976.88280001,1988306.40870001],[251992.7062,1988295.12500001],[252009.3572,1988281.9095],[252038.4316,1988258.83390001],[252062.04030001,1988241.01500001],[252101.02710001,1988211.5894],[252106.77690001,1988207.2541],[252119.0616,1988197.38050001],[252164.45840001,1988160.89380001],[252184.3773,1988144.8844],[252187.1527,1988142.714],[252226.49910001,1988111.9437],[252260.3129,1988086.8611],[252270.8314,1988079.02980001],[252276.7499,1988074.6233],[252282.0617,1988070.66860001],[252294.13290001,1988063.51080001],[252313.65300001,1988051.9361],[252344.5266,1988036.4116],[252370.56170001,1988024.3466],[252394.69170001,1988017.1499],[252398.6155,1988016.074],[252420.93850001,1988009.95320001],[252450.1485,1988002.75650001],[252461.2801,1988000.44540001],[252476.52750001,1987997.2796],[252527.19550001,1987984.52499999],[252562.91420001,1987976.62890001],[252579.67150001,1987972.21990001],[252632.9559,1987958.2002],[252649.19500001,1987953.9276],[252689.4117,1987942.5505],[252691.905,1987941.8219],[252753.5564,1987923.806],[252756.98220001,1987922.8049],[252778.8675,1987916.4096],[252816.672,1987904.60310001],[252824.6489,1987902.1119],[252829.1914,1987900.69330001],[252908.8543,1987876.8874],[252936.1593,1987866.88610001],[252968.2269,1987851.64610001],[252986.3244,1987840.05730001],[253000.77070001,1987829.1035],[253004.9685,1987824.50060001],[253011.3687,1987817.4827],[253013.453,1987815.19730001],[253012.8984,1987813.2568],[253011.2565,1987811.5862],[253009.9072,1987809.67150001],[253008.88650001,1987807.5632],[253008.22130001,1987805.3172],[253009.8088,1987791.162],[253013.96880001,1987759.5006],[253014.65950001,1987754.24370001],[253019.42200001,1987706.6186],[253022.22660001,1987664.6556],[253022.0678,1987639.25560001],[253019.0516,1987608.9343],[253016.86680001,1987599.16280001],[253015.18860001,1987591.65690001],[253008.99740001,1987558.9544],[253002.3299,1987526.41050001],[252993.93590001,1987481.56490001],[252990.6383,1987463.849],[252983.7759,1987426.98130001],[252977.29360001,1987392.5853],[252973.16970001,1987371.1191],[252972.1078,1987365.5912],[252969.2503,1987345.11240001],[252962.74150001,1987311.29860001],[252955.42580001,1987271.2053],[252941.2044,1987197.1218],[252929.62880001,1987137.5904],[252921.3606,1987099.5565],[252918.29670001,1987070.5105],[252917.8385,1987034.01170001],[252916.60340001,1986993.252],[252914.91,1986961.9253],[252913.0976,1986925.6376],[252912.1144,1986899.4597],[252910.45180001,1986855.1922],[252906.6514,1986773.2915],[252905.8877,1986756.83310001],[252901.38980001,1986688.30590001],[252898.7806,1986653.33690001],[252893.18770001,1986578.3801],[252890.8365,1986555.65170001],[252890.01270001,1986547.68840001],[252887.896,1986521.7592],[252883.6627,1986450.85070001],[252882.65950001,1986429.27520001],[252879.69390001,1986365.4959],[252879.0589,1986351.9492],[252877.0234,1986324.70970001],[252874.98570001,1986297.44],[252871.86220001,1986255.6407],[252869.7456,1986214.58790001],[252868.8665,1986189.89360001],[252866.83510001,1986132.83150001],[252865.86860001,1986086.82280001],[252865.2476,1986057.26629999],[252860.48510001,1985999.05790001],[252858.36850001,1985982.3891],[252855.93430001,1985957.3198],[252854.6643,1985933.031],[252854.30960001,1985918.7261],[252854.18800001,1985913.82220001],[252855.2993,1985894.6134],[252856.60900001,1985882.85260001],[252858.09070001,1985867.8243],[252862.5357,1985848.56260001],[252866.13400001,1985829.9359],[252872.9661,1985807.86880001],[252875.3415,1985800.19660001],[252888.4649,1985757.8632],[252894.4706,1985735.5164],[252897.56660001,1985723.99650001],[252905.60990001,1985697.337],[252921.0881,1985638.5994],[252929.22400001,1985604.4681],[252940.4688,1985538.98360001],[252946.0912,1985494.9965],[252950.06,1985463.2464],[252953.0366,1985439.43390001],[252956.01310001,1985420.5823],[252957.2826,1985414.9701],[252962.297,1985392.801],[252967.6146,1985373.57600002],[252970.896,1985361.7124],[252991.4012,1985301.85030001],[253007.60700001,1985253.2606],[253022.8206,1985197.0365],[253036.38050001,1985141.14310001],[253037.05250001,1985138.85229999],[253044.9574,1985111.9066],[253058.1866,1985064.28150001],[253071.6804,1985026.9752],[253083.3221,1985002.3689],[253099.19710001,1984970.3543],[253121.6206,1984930.90920001],[253139.48,1984902.1357],[253143.43649559,1984897.0685998],[253150.32638195,1984888.24469972],[253152.4588437,1984885.51365046],[253158.3316,1984877.99240001],[253201.3265,1984819.784],[253261.1886,1984742.06250001],[253273.7734,1984718.27910001],[253266.246,1984680.50980001],[253262.18470001,1984657.38510001],[253254.73400001,1984615.0094],[253249.44230001,1984575.6393],[253246.8632,1984560.09310001],[253240.25070001,1984520.23540001],[253234.496,1984497.6797],[253232.92760001,1984493.55710001],[253229.8658,1984485.50880001],[253222.5879,1984471.75100001],[253210.10310001,1984451.20580001],[253208.63440001,1984448.7889],[253184.9523,1984415.6898],[253179.25090001,1984407.72120001],[253154.2704,1984371.43720001],[253133.58370001,1984341.39000001],[253120.46030001,1984321.0699],[253112.8403,1984307.73490001],[253107.97200001,1984297.7866],[253095.66880001,1984268.62940001],[253072.4681,1984185.77170001],[253069.3089,1984174.9486],[253063.8956,1984156.40290001],[253056.9106,1984131.00280001],[253045.9039,1984098.40610001],[253040.3476,1984080.14980001],[253033.733,1984057.66020001],[253026.0601,1984032.26010001],[253012.52560001,1983989.204],[252993.1425,1983927.5423],[252989.24370001,1983915.1393],[252985.2441,1983900.68220001],[252959.88500001,1983815.2809],[252938.75730001,1983744.1291],[252931.4185,1983719.41440001],[252908.92880001,1983638.4517],[252885.3135,1983541.7921],[252880.4596,1983521.92460001],[252869.0812,1983477.48030001],[252861.7371,1983448.79409999],[252814.4966,1983264.27189999],[252806.263,1983232.1113],[252789.7033,1983167.42900002],[252777.31380001,1983119.03520001],[252776.07070001,1983114.17970001],[252766.1961,1983077.2456],[252765.11580001,1983073.20500001],[252756.1246,1983039.575],[252741.5707,1982975.05250001],[252732.3121,1982934.006],[252720.71790001,1982882.53110001],[252717.6012,1982868.6935],[252697.04080001,1982761.3933],[252688.0339,1982714.3882],[252670.67720001,1982623.4613],[252653.07700001,1982531.64140001],[252635.0421,1982437.554],[252620.08,1982359.49700001],[252609.17450001,1982304.22030001],[252598.7247,1982251.25380001],[252583.70130001,1982175.1048],[252570.95380001,1982110.49160001],[252553.4728,1982012.1822],[252551.302,1982001.62470001],[252540.94040001,1981951.2302],[252528.8068,1981885.33200002],[252521.3246,1981844.6953],[252512.26,1981795.4651],[252504.23590001,1981748.56100001],[252497.23910001,1981707.6614],[252495.681,1981693.95499999],[252491.11250001,1981668.83430001],[252487.614,1981649.5972],[252484.5239,1981632.6056],[252483.6557,1981623.35080001],[252481.4694,1981609.89690001],[252477.5756,1981578.7628],[252475.56670001,1981562.7001],[252474.63800001,1981550.5363],[252472.9497,1981528.4231],[252472.34300001,1981514.759],[252471.74940001,1981501.39090001],[252470.0986,1981471.1339],[252466.72230001,1981409.2496],[252465.53170001,1981367.97450001],[252467.11920001,1981342.17760001],[252470.5667,1981285.4856],[252470.6911,1981283.43990001],[252473.07230001,1981228.6711],[252476.37960001,1981181.2312],[252481.539,1981121.30300001],[252481.7637,1981117.91420001],[252487.2856,1981034.61750001],[252489.91510001,1980994.95240001],[252493.1013,1980946.8893],[252500.5436,1980849.5199],[252505.80140001,1980780.73060001],[252508.2391,1980738.63520001],[252515.5266,1980612.79290001],[252516.49790001,1980596.01980001],[252516.6493,1980593.40520001],[252516.77040001,1980589.9735],[252518.23680001,1980548.426],[252515.591,1980524.61340001],[252512.9451,1980504.50510001],[252509.24100001,1980485.9842],[252501.83260001,1980462.1716],[252497.5993,1980433.0674],[252492.0522,1980396.65560001],[252489.41280001,1980379.32990002],[252488.7357,1980374.88540001],[252477.6232,1980299.87590001],[252474.05130001,1980268.9196],[252470.0825,1980209.7851],[252467.70130001,1980190.5366],[252456.57930001,1980051.51780001],[252456.0682,1980045.1298],[252455.36330001,1979986.307],[252455.29520001,1979980.62840001],[252452.09080001,1979920.9398],[252451.7516,1979857.5713],[252447.9507,1979798.73120001],[252445.78500001,1979731.13650001],[252445.35680001,1979717.7731],[252444.86770001,1979705.91250001],[252442.4865,1979693.60930001],[252434.7584,1979656.15810001],[252432.1677,1979643.603],[252422.54740001,1979578.21900001],[252418.31410001,1979541.1773],[252413.2341,1979471.77690001],[252405.16920001,1979379.26100001],[252402.90210001,1979347.1711],[252403.0608,1979316.2148],[252403.38560001,1979311.04030001],[252407.03270001,1979252.9315],[252408.39430001,1979231.23860001],[252410.9167,1979152.39110001],[252408.49400001,1979089.47280001],[252404.14780001,1979020.4961],[252402.4776,1978989.69060001],[252401.17120001,1978965.5949],[252401.17120001,1978931.1983],[252401.17120001,1978871.9157],[252401.08850001,1978818.1072],[252401.0389,1978785.9259],[252406.4013,1978727.086],[252413.5638,1978583.0423],[252425.89340001,1978582.2309],[252438.8051,1978583.07750001],[252447.90670001,1978583.28920001],[252458.4901,1978584.34750001],[252468.43840001,1978584.1359],[252476.4818,1978583.92420001],[252490.87520001,1978579.6909],[252512.2535,1978573.12920001],[252533.84360001,1978568.89580001],[252564.74700001,1978560.0058],[252597.132,1978548.9991],[252605.23560001,1978546.4102],[252570.40950001,1978467.8233],[252549.8136,1978416.9762],[252536.58440001,1978393.62670001],[252534.40160001,1978392.1979],[252526.54350001,1978387.89840001],[252503.59080001,1978375.7276],[252500.25050001,1978373.11810001],[252496.8638,1978365.9214],[252492.4188,1978357.2431],[252490.0904,1978348.5647],[252489.87880001,1978338.828],[252487.9738,1978330.573],[252486.06880001,1978324.4347],[252484.79880001,1978318.71970001],[252485.01040001,1978308.7713],[252486.49210001,1978295.22460001],[252488.8469,1978276.57150001],[252493.5036,1978264.29480001],[252497.73690001,1978250.74810001],[252503.8753,1978228.0997],[252516.4577,1978183.575],[252520.46950001,1978162.62470001],[252525.6547,1978133.67430001],[252528.6446,1978114.4741],[252533.63920001,1978060.9991],[252537.1652,1977977.0157],[252536.1999,1977965.26880001],[252534.82320001,1977956.13240001],[252531.50270001,1977941.28920001],[252525.6995,1977926.20090001],[252523.2344,1977919.79180001],[252503.1481,1977860.0179],[252496.2028,1977828.59860001],[252495.838,1977826.07860001],[252492.5647,1977803.4631],[252490.58040001,1977785.27300001],[252491.5726,1977759.47600001],[252493.83250001,1977730.234],[252523.3474,1977542.75590001],[252525.1152,1977527.82670001],[252460.86190001,1977520.42060001],[252413.1891,1977514.9256],[252394.9858,1977513.02060001],[252318.09450001,1977503.8852],[252252.8693,1977496.13580001],[252131.87040001,1977481.76000001],[252105.5339,1977478.83970001],[251885.66975859,1977453.16673216],[251729.1241,1977434.88730001],[251721.02228523,1977433.99174632],[251690.08660991,1977430.5721967],[251613.36276378,1977422.09134095],[251538.84750001,1977435.47000001],[251569.02730001,1977447.721],[251586.8051,1977504.77560001],[251592.38425082,1977531.43131585],[251599.0982,1977563.50880001],[251598.95525601,1977591.52610006],[251598.2778,1977724.3088],[251598.2336257,1977746.48507929],[251597.8811,1977923.45920001],[251661.00076239,1977921.10640613],[251713.2846611,1977919.15751681],[251738.56563241,1977918.21516522],[251800.8797,1977915.89240001],[251815.6097,1978018.1456],[251819.6572523,1978052.97902561],[251830.56070261,1978146.81463249],[251835.78470001,1978191.77260001],[251828.86505378,1978346.77294653],[251826.14307919,1978407.74528415],[251824.5548,1978443.3228],[251824.5548,1978489.85989937],[251824.55480001,1978555.7889],[251819.4453,1978655.6547],[251826.66678092,1978720.42875836],[251832.91210001,1978776.447],[251841.6315,1978812.5705],[251846.66720001,1978888.10710001],[251839.6304,1978949.93110001],[251843.27170001,1978989.14510001],[251846.57714109,1979008.86760405],[251857.68962821,1979075.17224133],[251860.26370001,1979090.53090001],[251864.30360001,1979194.9921],[251872.03330243,1979307.74153514],[251873.99286064,1979336.32466392],[251879.51059454,1979416.80918257],[251896.12180636,1979659.10890454],[251901.90209026,1979743.42311332],[251919.68790899,1980002.8562587],[251924.89434267,1980078.79999148],[251932.02390001,1980182.79540001],[251937.08099178,1980259.78989373],[251943.67278549,1980360.15030663],[251943.8593,1980362.99000001],[251933.60183949,1980430.3962465],[251932.49740001,1980437.65400001],[251924.2115,1980461.0616],[251956.5479,1980677.3649],[251957.68583812,1980736.91772682],[251958.65811861,1980787.80103094],[251959.81220001,1980848.1987],[251962.8571471,1980875.49838452],[251974.6246,1980981.0003],[251981.04750001,1981092.52290001],[251983.27740001,1981156.3169],[251972.4889,1981182.00810001],[251979.93382968,1981326.19890538],[251982.2106,1981370.29460001],[251981.39854739,1981377.8932735],[251977.28120001,1981416.42080001],[251988.2872,1981530.56950001],[251998.80115503,1981608.98613762],[252007.69010001,1981675.2829],[252010.29047743,1981709.94078525],[252017.8992,1981811.35],[252036.15897915,1981915.69175104],[252057.0022,1982173.5212],[252059.53625457,1982221.98117599],[252068.92400218,1982401.50770715],[252075.8048,1982533.0926],[252089.56140001,1982722.057],[252089.73173764,1982839.08943116],[252089.88490001,1982944.3214],[252114.31390001,1983161.2032],[252134.70500001,1983265.19740001],[252153.9635,1983479.89530001],[252159.10562886,1983554.92355534],[252160.7346,1983578.6917],[252157.33390001,1983735.6895],[252155.75432111,1983841.86227004],[252155.23310001,1983876.8966],[252132.34260001,1984023.19640001],[252136.18080001,1984087.48680001],[252132.0492775,1984127.59838287],[252114.39530001,1984298.995],[252100.8199,1984465.6008],[252100.4286,1984526.26090001],[252123.1137,1984614.31330001],[252167.1813,1984816.1473],[252207.0855999,1984931.94778355],[252242.06020001,1985033.44250001],[252204.69524459,1985171.86225204],[252156.8815,1985348.98990001],[252134.5371,1985497.0136],[252131.5141644,1985596.7317772],[252131.51400001,1985596.73720001],[252491.12769223,1985591.29892911],[252491.4867,1985591.29350002],[252485.95734305,1985642.93055763],[252451.7175,1985962.68650001],[252454.49399088,1985977.05404044],[252495.72701598,1986190.42306771],[252528.22591782,1986358.59552298],[252640.60778253,1986940.13929994],[252667.3742,1987078.64780001],[252354.54370001,1987317.79480001],[252179.90130001,1987268.3053],[252078.38179097,1987275.40397393],[252045.0911,1987277.73180001],[251980.95209265,1987317.44523859],[251938.83801526,1987343.52133323],[251754.40140001,1987502.59490001],[251662.9743,1987622.1556],[251627.89667051,1987679.59827885],[251605.2095,1987716.75050001],[251602.45022908,1987723.43848915],[251529.16840001,1987901.0608],[251507.49725254,1987999.41699591],[251485.24391327,1988100.41551494],[251476.058,1988142.10650001],[251475.94925463,1988144.4192085],[251470.28193751,1988264.94711844],[251467.42070001,1988325.7976],[251428.6841411,1988323.63136298],[251367.92647365,1988320.23365516],[251349.51780001,1988319.20420001],[251275.93788014,1988332.82822768],[251185.0008,1988349.6661],[251066.91330001,1988382.2765],[251066.4577918,1988426.70556923],[251066.14884082,1988456.83983333],[251065.66250261,1988504.2754867],[251065.58285118,1988512.04439559],[251065.20372846,1988549.02264097],[251064.78339366,1988590.0205615],[251064.06516721,1988660.07374764],[251062.53773537,1988809.0538711],[251061.85534919,1988875.61132645],[251059.48377981,1989106.92554161],[251059.28220001,1989126.5869],[251080.50283397,1989136.37975096],[251094.14,1989142.673],[251095.79156401,1989149.35127117],[251096.43536731,1989151.9545569],[251114.6518256,1989225.61470421],[251116.1998,1989231.8741],[251117.42985139,1989236.0312127],[251127.47579705,1989269.98274394],[251131.16397673,1989282.44740899],[251162.8393755,1989389.4983853],[251173.62448814,1989425.94802391],[251200.52705585,1989516.86862006],[251228.3757,1989610.9866],[251231.18054634,1989617.77252329],[251232.622778,1989621.26179587],[251235.40928153,1989628.00334134],[251249.18240851,1989661.32544591],[251260.9704,1989689.8448],[251315.39968224,1989866.54265274],[251334.6914,1989929.1708],[251338.37017249,1989939.41879405],[251372.79468621,1990035.31551323],[251387.94410176,1990076.30795353],[251389.94471311,1990083.09051818],[251408.2082,1990133.9673],[251422.79428981,1990176.2371689],[251432.49980106,1990204.36332838],[251447.87894104,1990248.93142302],[251461.5213,1990288.4664],[251467.09167635,1990309.79681683],[251478.29881684,1990352.71186665],[251478.80814107,1990354.66220129],[251479.69945846,1990358.07528692],[251480.59077585,1990361.48837256],[251481.10010007,1990363.43870721],[251489.64695853,1990396.1668466],[251487.36870176,1990382.33455353],[251493.95750176,1990352.21415353],[251475.13517477,1990298.43624573],[251460.22250944,1990178.25763762],[251451.75285736,1990110.00216659],[251447.40935063,1990074.99859199],[251446.92838007,1990051.84034889],[251446.52464238,1990032.40079034]]]]},"geometry_name":"geometry","properties":{"ogc_fid":32,"zoning":"UEb","zone_name":"City-Expansion Zone (sub-center)","h":0,"e":0,"cos":0}},{"type":"Feature","id":"glup2030_cdudcp_v1.33","geometry":{"type":"MultiPolygon","coordinates":[[[[251538.8475,1977435.47],[251613.36276377,1977422.09134095],[251690.0866099,1977430.5721967],[251721.02228523,1977433.99174633],[251729.1241,1977434.8873],[251885.66975859,1977453.16673217],[251889.0309,1977440.2607],[251892.2059,1977428.8836],[251900.9372,1977390.5189],[251906.4934,1977372.7918],[251914.2721,1977339.9204],[251916.283,1977323.3146],[251920.5164,1977310.8792],[251926.3372,1977300.5604],[251922.9432,1977294.4231],[251922.9432,1977281.7231],[251923.135,1977276.1633],[251923.737,1977258.7043],[251923.737,1977214.2542],[251921.7526,1977175.7572],[251921.3652,1977156.9691],[251921.2534,1977151.5443],[251920.9589,1977137.2603],[251919.6573,1977108.9505],[251919.3714,1977102.7321],[251772.7733,1977066.8775],[251760.867,1976893.575],[251613.71368018,1976879.93169658],[251557.71929862,1976876.03891275],[251503.31189929,1977021.00843412],[251496.27794532,1977039.75053453],[251469.656,1977110.6852],[251468.4268,1977134.6541],[251485.08859816,1977218.16402265],[251500.5842,1977295.8289],[251509.7895289,1977329.42355213],[251538.8475,1977435.47]]]]},"geometry_name":"geometry","properties":{"ogc_fid":33,"zoning":"UDb","zone_name":"Zone of Surroundings of Urban Area relevant to Ag*","h":20,"e":0.5,"cos":2}},{"type":"Feature","id":"glup2030_cdudcp_v1.34","geometry":{"type":"MultiPolygon","coordinates":[[[[252805.65457447,1998459.27369792],[252736.387,1998453.2806],[252587.5915,1998410.7676],[252526.7818,1998435.0292],[252169.5468,1998580.8196],[251886.1267,1998715.4442],[251531.8515,1998878.4108],[251312.2009,1998970.5223],[251205.9184,1998977.6078],[251050.0373,1998977.6078],[250610.7361,1998977.6078],[250348.5725,1998956.3513],[249866.7583,1998956.3513],[249505.3976,1999020.1208],[249363.6876,1999119.3179],[249285.7471,1999225.6004],[249172.379,1999331.883],[249073.182,1999303.5409],[249016.4979,1999239.7714],[248952.7284,1999083.8903],[248704.7358,1998800.4702],[248577.1967,1998417.8531],[248392.9737,1998226.5445],[248316.3438,1998215.1018],[248251.0235,1998205.348],[248246.3544,1998206.5153],[248084.2579,1998247.0394],[247826.1334,1998311.5705],[247653.6912,1998371.262],[247641.9103,1998375.34],[247481.1412,1998421.9183],[247449.4103,1998431.1114],[247447.36627987,1998430.58819378],[247125.71721598,1998348.25593666],[246857.75647258,1998248.63712371],[246856.50358447,1998251.2899781],[246854.17904389,1998256.38266199],[246829.11815213,1998311.28693014],[246824.67689596,1998322.72136629],[246821.01438944,1998330.64170472],[246815.73771421,1998342.05275707],[246805.60562306,1998360.78647988],[246794.32038686,1998378.84901248],[246781.92629551,1998396.16946687],[246768.47199074,1998412.67986735],[246754.01027519,1998428.31541736],[246738.59790519,1998443.01475377],[246722.29536793,1998456.72018773],[246705.16664422,1998469.377931],[246687.27895727,1998480.93830715],[246668.70250892,1998491.35594642],[246649.78139808,1998500.45948397],[246621.57488139,1998512.04702596],[246591.44981105,1998522.16809702],[246546.52431698,1998538.19679088],[246532.40870581,1998542.3238128],[246492.33620982,1998554.03992392],[246453.16074959,1998565.47042955],[246393.26356682,1998583.63829541],[246384.38551273,1998586.3311649],[246346.36106565,1998596.40831519],[246322.42443433,1998602.7519454],[246267.41542479,1998617.74519293],[246242.22424253,1998625.34598069],[246221.72709042,1998631.53046623],[246194.98730362,1998640.20524656],[246192.71263543,1998640.9431824],[246171.89948987,1998648.06986259],[246127.50133035,1998667.03344894],[246088.38608849,1998685.64741929],[246077.29261533,1998690.92652715],[246066.74762996,1998696.52650385],[245871.28528029,1998803.66789327],[245829.61250708,1998744.55111167],[245790.42673604,1998691.76678257],[245782.38510249,1998680.93447735],[245761.72983277,1998653.11125157],[245748.04884123,1998635.6357493],[245737.10895208,1998621.66161175],[245673.2528734,1998538.45495811],[245664.44831466,1998526.16492371],[245657.17897239,1998516.01785452],[245625.79794001,1998476.02397257],[245600.90448386,1998478.29789404],[245569.42496531,1998482.35105094],[245538.12537149,1998487.56764991],[245483.41454799,1998497.59936305],[245480.15082049,1998498.38914583],[245452.70302764,1998505.03118135],[245430.3842307,1998509.08914443],[245398.76160466,1998514.57039961],[245364.24378445,1998517.13784078],[245342.27327381,1998516.41526409],[245326.8469352,1998517.36503976],[245266.57858249,1998527.81439102],[245215.27677886,1998534.8830915],[245152.64376935,1998543.51308017],[245086.68550603,1998552.60124422],[245076.7399412,1998554.76533466],[245017.77495579,1998567.59573323],[244996.09711862,1998573.15415302],[244963.42680433,1998582.22924033],[244925.50641803,1998593.67690411],[244909.61419302,1998597.41625117],[244893.0777016,1998601.30719033],[244805.2269761,1998621.97794927],[244731.37452627,1998635.87098438],[244695.96928858,1998640.69897134],[244650.59478948,1998649.73282602],[244495.93948455,1998669.91369391],[244420.6009097,1998679.4158565],[244402.05109182,1998681.35203278],[244377.56796153,1998683.90751103],[244354.98266862,1998685.61137743],[244256.18260543,1998687.827575],[244121.30486005,1998689.99231682],[244105.85439207,1998690.9985987],[244097.4206349,1998692.74872766],[243966.92268749,1998719.00746099],[243875.96383114,1998737.4667583],[243854.83596267,1998741.41971435],[243850.36316978,1998742.25655946],[243827.62511133,1998746.51077686],[243802.75018957,1998749.0283749],[243792.34529107,1998750.0814577],[243683.87302941,1998761.81150806],[243636.9149094,1998767.15122739],[243632.65445288,1998767.63569402],[243565.28069627,1998775.29692387],[243527.65640933,1998779.40312777],[243504.81180924,1998781.89632017],[243476.00855529,1998785.03982251],[243415.06684078,1998791.6908218],[243408.70196527,1998792.38546558],[243312.19898122,1998803.0842443],[243269.58777817,1998807.80832446],[243229.76417216,1998812.22335838],[243203.89135747,1998815.06572394],[243107.63891326,1998825.63993612],[243097.38059087,1998826.76690675],[243089.17570542,1998827.66828853],[242940.168078,1998844.80018152],[242917.54368168,1998847.10879339],[242822.28095671,1998856.82947961],[242783.25415211,1998860.67869869],[242726.18993574,1998866.30695018],[242698.44551725,1998869.31920133],[242673.48985949,1998872.02867275],[242633.40681867,1998876.38054574],[242540.59174781,1998885.31027559],[242450.68316583,1998892.56514676],[242363.83603746,1998903.15625998],[242234.14001276,1998913.5101443],[242142.08791249,1998920.07017903],[242123.10571835,1998921.4229331],[242070.59887151,1998928.49639433],[242033.49744111,1998930.41874824],[242028.65551798,1998930.66962508],[242018.12614642,1998931.21518838],[241981.57117081,1998935.44263454],[241937.44294048,1998939.11998706],[241928.72961753,1998939.84609731],[241889.56212706,1998943.29480716],[241828.43702972,1998950.78756103],[241809.96341437,1998953.05206872],[241721.46888878,1998963.75494644],[241645.3617103,1998974.33114836],[241624.50299509,1998977.22977091],[241599.1759124,1998980.3401144],[241548.4008231,1998986.57565168],[241467.15248717,1998997.09323562],[241383.25596319,1999007.97854411],[241290.54486881,1999019.6151218],[241255.47323252,1999024.0171173],[241240.27402962,1999026.15659454],[241165.12965705,1999036.73410153],[241098.31113435,1999045.01071613],[241077.62085035,1999047.57356097],[241014.87851262,1999056.46417563],[241007.02042366,1999057.71928706],[240979.28983476,1999062.14847834],[240968.37563989,1999064.07451274],[240946.4730945,1999071.20848466],[240932.71309801,1999075.69031208],[240824.27096057,1999112.06539981],[240763.49268349,1999133.42019863],[240684.57478577,1999159.644469],[240682.14233173,1999160.74827168],[240654.77041399,1999173.16914191],[240600.75445042,1999192.60416602],[240577.6638,1999200.91221642],[240577.6638,1999207.8867],[240567.0355,1999282.2844],[240538.6935,1999374.396],[240462.0971,1999414.4351],[240382.8125,1999455.8793],[240280.0727,1999512.5633],[240294.2437,1999597.5893],[240295.0363,1999631.6709],[240297.1292,1999721.6682],[240297.6677,1999744.8213],[240302.2745,1999743.8682],[240375.727,1999728.6711],[240567.0355,1999629.4741],[240680.4036,1999633.0168],[240751.2586,1999643.6451],[240797.3144,1999739.2994],[240751.2586,1999845.5819],[240662.6898,1999919.9797],[240552.8645,1999944.779],[240347.385,1999927.0652],[240226.9314,1999937.6935],[240113.5634,1999916.437],[240088.7641,1999962.4927],[240173.7901,2000043.976],[240251.7307,2000132.5448],[240255.2734,2000206.9426],[240173.7901,2000263.6266],[240074.5931,2000373.4519],[240127.7344,2000458.4779],[240173.7901,2000571.846],[240226.9314,2000653.3293],[240329.6712,2000720.6416],[240393.4407,2000720.6416],[240535.1508,2000695.8423],[240659.1471,2000734.8126],[240673.3181,2000816.2958],[240655.6043,2000940.2921],[240591.8348,2001014.6899],[240485.5523,2001085.545],[240393.4407,2001106.8015],[240287.1582,2001106.8015],[240166.7046,2001135.1435],[240024.9946,2001205.9985],[239975.396,2001333.5376],[239954.1395,2001432.7346],[239869.1135,2001524.8462],[239748.6599,2001553.1882],[239707.1798,2001565.6322],[239677.8049,2001574.4447],[239601.8092,2001605.3179],[239458.2268,2001663.6483],[239451.0688,2001666.5562],[239427.8509,2001709.1224],[239415.5528,2001731.6689],[239410.8575,2001740.277],[239408.9423,2001743.7882],[239323.5298,2001599.2439],[239348.329,2001492.9614],[239330.6153,2001386.6788],[239149.9349,2001368.9651],[239140.8026,2001359.8328],[239050.7379,2001269.768],[239064.9089,2001156.4],[239050.7379,2001074.9167],[238951.5409,2001050.1174],[238891.3141,2001152.8572],[238884.2286,2001252.0543],[238767.3178,2001266.2253],[238586.6374,2001269.768],[238434.2991,2001269.768],[238399.7214,2001273.0693],[238371.1392,2001275.7981],[238381.1579,2001220.1695],[238368.5361,2001189.6668],[238363.3266,2001177.0773],[238345.58456086,2001134.2007142],[238306.79469665,2001170.83893473],[238303.95693493,2001173.51928801],[238291.75237928,2001185.41359858],[238272.86779391,2001203.81812964],[238232.87968642,2001242.78972216],[238155.67486391,2001318.03196473],[238023.76990911,2001444.92535795],[237964.0839272,2001502.34364663],[237955.86993208,2001510.24556141],[237854.17485238,2001607.52505213],[237776.46326152,2001682.66212347],[237676.69126914,2001777.63645575],[237667.102112,2001786.76450637],[237650.39559299,2001802.66767168],[237546.11526976,2001901.71282488],[237474.65991697,2001972.19732493],[237469.76659243,2001976.90699777],[237421.72540785,2002023.1451453],[237385.11780349,2002057.56404564],[237371.56820051,2002070.30354177],[237355.40804246,2002084.68351391],[237343.03338911,2002095.18093168],[237331.73563376,2002104.76481693],[237314.17289793,2002117.58674248],[237302.65982574,2002125.99202488],[237297.68079559,2002129.62703679],[237267.31115017,2002149.34884846],[237235.04422263,2002168.62419713],[237221.3165756,2002175.81383516],[237184.62149815,2002195.03230168],[237098.71997581,2002239.46392482],[237041.79864596,2002268.7664101],[236954.74384912,2002313.4986271],[236886.06474859,2002347.70228739],[236829.19374836,2002378.29005905],[236810.72420828,2002387.76070454],[236771.49390092,2002407.87687048],[236737.25063043,2002426.13081202],[236722.44441086,2002435.96085425],[236706.47255528,2002446.56477742],[236699.43303016,2002452.01542628],[236695.48714673,2002455.07069275],[236692.7022408,2002457.57366206],[236685.19841058,2002464.96159004],[236672.96546388,2002478.3721506],[236666.43020885,2002485.87060562],[236661.06865372,2002492.61106716],[236656.83190988,2002498.43464601],[236652.64055833,2002504.1958313],[236650.77141634,2002506.86673624],[236647.92836531,2002511.71869995],[236642.97581699,2002521.31128271],[236637.99906935,2002531.98626851],[236633.45693479,2002542.85329902],[236629.35680554,2002553.89468836],[236625.7053545,2002565.0924669],[236622.50852433,2002576.42841041],[236619.77151782,2002587.88406988],[236617.4987894,2002599.44080142],[236615.69403788,2002611.07979668],[236614.36020048,2002622.78211338],[236613.49944797,2002634.52870625],[236613.21201653,2002643.28838262],[236614.1023551,2002661.94424386],[236620.63076262,2002798.73834455],[236621.60058069,2002814.51353931],[236624.9975225,2002869.76866422],[236637.41070681,2003071.68323557],[236640.00617103,2003113.90141518],[236641.91542781,2003144.95764976],[236642.80006662,2003156.31939501],[236645.25403992,2003187.83668675],[236649.53411594,2003242.80729485],[236653.61097667,2003306.47794589],[236653.9335791,2003311.5162113],[236659.7647592,2003402.58506502],[236910.916,2003368.8483],[236967.6,2003319.2498],[237053.6737,2003250.9373],[237247.058,2003097.4578],[237259.758,2003087.3784],[237413.9867,2002964.9746],[237562.7823,2002887.0341],[237587.0353,2002885.1685],[237654.8938,2002879.9486],[237846.2024,2002865.7776],[238053.057,2002878.8697],[238089.3929,2002881.1694],[238094.0956,2002881.467],[238139.2347,2002884.324],[238351.6827,2002897.77],[238405.9571,2002901.2051],[238523.6622,2002901.8052],[238628.5677,2002902.3446],[238809.5837,2002903.2753],[238879.0469,2002903.6379],[239162.9307,2002905.1199],[239482.9124,2002906.8438],[239627.5381,2002907.8195],[239681.3477,2002908.2906],[239766.3737,2002908.2906],[239771.1848,2002841.3282],[239769.4578,2002830.1028],[239753.0514,2002747.2073],[239740.099,2002657.4038],[239740.099,2002644.4514],[239740.9625,2002632.3624],[239746.1435,2002622.0005],[239760.5829,2002591.423],[239768.5943,2002573.6448],[239792.2387,2002526.1313],[239795.0902,2002523.0118],[239803.9976,2002488.1588],[239830.766,2002394.9013],[239850.6264,2002329.2757],[239860.9883,2002291.282],[239870.4867,2002261.9231],[239880.8487,2002231.7008],[239888.6201,2002223.0659],[239895.1843,2002215.043],[239906.7535,2002210.9769],[239919.7059,2002206.6595],[239940.4298,2002201.4785],[239962.8807,2002194.5705],[239973.2426,2002187.6626],[239978.4236,2002186.7991],[240029.3698,2002175.5737],[240089.8144,2002160.0307],[240151.9861,2002148.8053],[240225.3831,2002140.1704],[240279.7833,2002134.1259],[240318.6406,2002124.6275],[240385.1297,2002101.3131],[240402.5458,2002094.3466],[240442.0017,2002068.4537],[240494.9499,2002033.7065],[240641.4333,2001937.5767],[240739.5738,2001884.9507],[240748.0404,2001880.4106],[240761.9038,2001872.9766],[240779.2396,2001863.6806],[241024.6265,2001732.0963],[241036.7581,2001725.591],[241130.333,2001675.4131],[241220.4112,2001645.0607],[241337.8605,2001605.4854],[241614.597,2001512.2372],[241621.6085,2001509.8746],[241664.0489,2001495.5741],[241782.1993,2001455.7625],[241801.4688,2001449.5959],[241818.8425,2001445.297],[241911.3065,2001422.4181],[241958.3791,2001410.7706],[242033.045,2001392.2955],[242221.5306,2001344.6064],[242426.4749,2001292.753],[242625.2555,2001242.4591],[242795.2503,2001199.4484],[242913.8368,2001169.4446],[242958.3928,2001158.1714],[243411.865,2001066.0598],[243457.5348,2001061.2446],[243569.7987,2001049.1456],[243686.6027,2001036.2632],[243766.2897,2001027.4745],[243774.6091,2001026.5495],[243802.7662,2001023.4187],[243807.5022,2001022.8921],[243837.7782,2001019.5256],[243865.3372,2001016.4613],[244089.4645,2001004.0098],[244138.3122,2001001.296],[244210.3407,2000997.2944],[244316.9146,2000991.3737],[244375.4934,2000988.1193],[244440.025,2000987.7154],[244594.0243,2000986.7516],[244764.5905,2000988.0845],[244918.4471,2000989.2868],[245017.9163,2000990.0641],[245065.2207,2000990.4337],[245327.8813,2000992.4862],[246055.1917,2000998.1696],[246198.0326,2000997.6333],[246231.4434,2000997.5078],[246321.6997,2000997.1689],[246367.6958,2000996.9962],[246621.6028,2000996.0428],[246844.7913,2000995.2048],[246876.886,2001002.7565],[246905.018,2001009.3758],[246921.2053,2001027.1177],[246930.3777,2001043.1165],[246943.0274,2001070.1664],[246962.6968,2001113.5548],[246976.0207,2001142.9459],[246986.2022,2001165.4049],[247033.8898,2001264.3567],[247039.1189,2001275.2072],[247065.2001,2001331.2817],[247071.9553,2001350.0031],[247090.1793,2001401.1797],[247096.2691,2001418.2809],[247109.7628,2001457.1747],[247108.9691,2001474.6373],[247100.2378,2001497.6561],[247090.1025,2001508.5153],[247074.044,2001517.4998],[247056.5815,2001523.8499],[247050.2315,2001530.1999],[247047.8502,2001542.1061],[247051.819,2001582.5875],[247055.7877,2001606.4],[247062.1377,2001626.2438],[247073.2503,2001652.4376],[247082.7753,2001663.5501],[247091.5065,2001665.9314],[247107.3816,2001663.5501],[247155.0067,2001648.4689],[247170.9502,2001642.4858],[247180.7988,2001638.79],[247183.6684,2001637.7131],[247230.9512,2001661.2421],[247252.2077,2001703.7551],[247331.7906,2001873.3014],[247333.691,2001877.3499],[247390.375,2002011.9745],[247397.129,2002021.1849],[247427.6599,2002048.3683],[247447.059,2002065.1158],[247560.4271,2002050.9448],[247571.8402,2002052.3282],[247589.1759,2002054.4295],[247677.3379,2002065.1158],[247808.4197,2002107.6288],[247918.245,2002104.086],[247966.2079,2002089.6971],[248059.955,2002061.573],[248119.066,2002046.6344],[248201.2565,2002026.2006],[248208.7506,2002026.1455],[248357.6393,2002026.1455],[248527.5982,2002026.1455],[248577.606,2002024.4211],[248653.3118,2002021.8105],[248683.7278,2002020.7617],[248733.0778,2002019.06],[248736.2242,2002019.7597],[248921.104,2002060.8713],[248985.7506,2002078.9512],[249042.6361,2002092.1804],[249076.3706,2002102.1023],[249108.7821,2002110.0398],[249137.4895,2002112.8179],[249160.5083,2002112.8179],[249189.0833,2002108.0554],[249219.7443,2002099.8598],[249246.335,2002092.3191],[249250.3037,2002092.716],[249253.0819,2002095.891],[249254.8957,2002100.4115],[249360.1448,2002075.744],[249367.2823,2002076.2538],[249459.3419,2002082.8295],[249503.4113,2002085.848],[249511.4057,2002086.3955],[249523.2854,2002087.2092],[249550.2511,2002089.0562],[249717.9627,2002100.5433],[249944.6988,2002135.9708],[250002.2987,2002134.4939],[250219.5102,2002128.9243],[250362.6716,2002123.7812],[250395.5881,2002122.595],[250420.732,2002121.6889],[250614.2789,2002114.7143],[250658.8575,2002124.6206],[250933.1265,2002185.5693],[251010.0306,2002229.676],[251032.1802,2002242.3795],[251102.8392,2002282.9045],[251124.4637,2002295.3068],[251174.0336,2002323.7366],[251411.398,2002288.3091],[251443.134,2002278.5054],[251515.4105,2002256.1783],[251549.5418,2002219.6657],[251617.8044,2002152.9906],[251629.7107,2002134.7343],[251632.0919,2002117.2718],[251630.5044,2002091.078],[251632.8857,2002074.4092],[251647.1732,2002052.1841],[251668.6045,2002029.9591],[251697.1796,2002016.4653],[251805.9235,2001968.0465],[251823.3861,2001956.1402],[251829.7361,2001940.662],[251836.8799,2001929.1527],[251867.0424,2001929.9464],[251901.9675,2001929.9464],[251923.3988,2001926.7714],[251949.5926,2001917.2464],[252000.3927,2001887.0838],[252036.9053,2001865.6525],[252069.4491,2001848.19],[252094.8491,2001829.14],[252112.3117,2001807.7087],[252119.7308,2001798.5672],[252134.5367,2001780.3242],[252152.793,2001760.4804],[252181.368,2001731.1116],[252202.0056,2001706.5053],[252225.8181,2001678.724],[252249.4968,2001644.5149],[252301.9232,2001609.5855],[252308.4177,2001605.2585],[252336.0561,2001586.8443],[252502.5654,2001572.6733],[252739.4565,2001572.6733],[252761.1863,2001572.6733],[252948.2062,2001601.5939],[253090.73449998,2001623.63438597],[253116.797897,2001538.06780065],[253176.61705428,2001348.9471307],[253197.88860992,2001281.69625264],[253220.59867217,2001209.20552833],[253225.67461418,2001193.6604689],[253230.75384169,2001176.81878067],[253232.01648835,2001172.63210043],[253235.40383531,2001161.40040789],[253236.25535031,2001158.5769366],[253236.90762227,2001156.41411954],[253255.67831919,2001094.17430097],[253278.13155355,2001023.66337713],[253318.48449682,2000891.27848716],[253365.08387526,2000738.40107379],[253367.97030629,2000729.25919223],[253369.9711,2000726.258],[253386.62578906,2000670.17369436],[253389.46429921,2000661.18358741],[253392.57256759,2000649.69213632],[253398.89905517,2000626.30273943],[253400.57482118,2000618.85647131],[253402.69258318,2000607.36156522],[253403.03709412,2000602.08874317],[253404.41345996,2000575.40598626],[253404.61812101,2000571.43834846],[253403.94829571,2000558.46141238],[253403.94829571,2000547.824846],[253403.36893666,2000542.82793573],[253401.78889143,2000534.03648016],[253396.62837364,2000505.32346752],[253392.9178537,2000485.35134779],[253384.38897108,2000439.44407133],[253382.59539389,2000429.79003103],[253376.89160505,2000399.08906209],[253371.75484463,2000371.44037322],[253358.32109286,2000299.1325276],[253357.19680705,2000291.57190201],[253356.51539809,2000286.4045507],[253351.10974722,2000245.4116535],[253346.80603193,2000220.98960875],[253323.91651468,2000091.09985199],[253317.1899736,2000050.9814166],[253294.4345341,1999915.26278226],[253267.39158598,1999754.63867432],[253262.8354682,1999727.57800035],[253261.23265389,1999718.05814654],[253257.06785838,1999693.32166732],[253245.83288252,1999626.59244394],[253236.42335119,1999570.70529951],[253222.83574698,1999490.00283179],[253205.44337567,1999386.70225995],[253201.86244945,1999365.43364055],[253196.49566835,1999333.0886266],[253192.07373905,1999306.37230818],[253180.48421798,1999236.35098609],[253162.95600781,1999130.44941844],[253160.31739233,1999117.08610776],[253158.56283559,1999111.80877113],[253149.70083939,1999088.92327234],[253127.5005092,1999048.03269751],[253010.77330641,1998833.71744574],[252992.0229011,1998799.2910418],[252978.24074673,1998773.9865214],[252964.11742204,1998747.7572011],[252935.21247616,1998694.07599637],[252877.70103958,1998587.26786694],[252854.10803687,1998543.45180814],[252805.65457447,1998459.27369792]]]]},"geometry_name":"geometry","properties":{"ogc_fid":34,"zoning":"N","zone_name":"Agriculture Zone","h":10,"e":0,"cos":0}},{"type":"Feature","id":"glup2030_cdudcp_v1.35","geometry":{"type":"MultiPolygon","coordinates":[[[[240374.0116504,1996813.51697617],[240361.72397756,1996896.03478184],[240355.1083947,1996940.46169553],[240353.2826576,1996953.0013062],[240340.75365567,1997039.247459],[240337.75444805,1997059.84201803],[240325.81884751,1997141.79980834],[240312.45624585,1997230.77518033],[240309.71246816,1997252.28046495],[240303.58144569,1997300.33442494],[240301.8655652,1997313.78321793],[240300.41183746,1997325.17730022],[240293.68987007,1997377.08582623],[240288.33666548,1997402.61649425],[240286.75554025,1997410.53004113],[240284.98481867,1997419.39251964],[240279.77565561,1997440.18768745],[240273.56968149,1997460.70744058],[240266.38133837,1997480.90402709],[240258.14880689,1997500.92143539],[240241.74748845,1997535.65363911],[240217.16421804,1997575.65353674],[240188.43164323,1997620.46267125],[240155.27996766,1997671.66723947],[240122.00183377,1997724.27838448],[240092.58014207,1997773.53492449],[240087.26576229,1997781.94312164],[240078.6982796,1997795.49824681],[240063.19058414,1997820.03389646],[240029.30870248,1997873.04907599],[240008.78805001,1997905.2551],[240003.65335748,1997913.31371467],[240000.93210196,1997917.58457402],[239957.62452685,1997986.08928375],[239929.96696109,1998030.34138896],[239862.028,1998003.3511],[239773.04210001,1998161.6099],[239720.11600001,1998267.23670001],[239641.1495,1998424.8333],[239676.011,1998428.6113],[239708.86930001,1998431.3254],[239718.0629,1998432.9793],[239754.2441,1998436.7374],[239805.9216,1998442.10510001],[239839.6523,1998445.6865],[239894.3309,1998451.4985],[239936.9037,1998456.507],[239938.13740001,1998464.8345],[239945.5252,1998514.7019],[239951.82960001,1998557.2567],[239964.76780001,1998644.58920001],[239964.76779999,1998757.28209999],[239964.76780001,1998765.0427],[239964.7678,1998902.53860001],[239964.76779999,1998910.2955],[239975.39600001,1999023.6636],[239984.7463,1999057.55830001],[239991.4116,1999081.72010001],[239992.49173509,1999085.63536307],[240010.16822753,1999079.49543629],[240065.01261728,1999060.44524643],[240352.49661988,1998960.58772486],[240383.12701583,1998950.4204926],[240403.13391265,1998943.77954785],[240442.64139174,1998930.66572076],[240465.18308985,1998922.55518422],[240499.18821894,1998910.32008814],[240541.81994329,1998894.98113024],[240558.17443723,1998887.55976326],[240574.98653079,1998879.930746],[240666.46064053,1998849.53406978],[240726.83972382,1998828.31953001],[240838.55340864,1998790.84705684],[240853.56300712,1998785.95821619],[240895.49521863,1998772.30029587],[240929.56028038,1998766.28881439],[240959.70351132,1998761.47427056],[240970.17175493,1998759.80225942],[241038.13384526,1998750.1720037],[241061.4328493,1998747.28602435],[241125.77955554,1998739.31558642],[241198.45753607,1998729.08525485],[241215.8821743,1998726.63251985],[241345.274958,1998710.39186182],[241428.59543513,1998699.58129358],[241510.85992619,1998688.93216852],[241562.60852194,1998682.57707782],[241582.67857278,1998680.11233473],[241585.57055584,1998679.75717891],[241604.06913419,1998677.18653179],[241682.80921723,1998666.24444941],[241773.70255038,1998655.25145041],[241791.93604588,1998653.01637677],[241858.14583247,1998644.90033841],[241903.11601028,1998640.9407001],[241912.52929652,1998640.15625959],[241951.87466019,1998636.87747929],[241993.10734016,1998632.10907412],[242013.1322997,1998631.07151145],[242017.97422286,1998630.8206346],[242042.763986,1998629.53619092],[242092.38651008,1998622.8512913],[242120.76268487,1998620.82908114],[242211.54017606,1998614.35988062],[242220.73353474,1998613.62595702],[242333.72798846,1998604.6053914],[242420.44787389,1998594.02979561],[242514.16049247,1998586.46797049],[242602.84995131,1998577.93516541],[242641.10872227,1998573.78135599],[242666.06437997,1998571.07188459],[242695.27553796,1998567.90038743],[242753.8079891,1998562.12732375],[242792.33073663,1998558.32781989],[242873.83180507,1998550.01138433],[242887.08957528,1998548.65855064],[242907.80658207,1998546.54457035],[243019.7767995,1998533.67098921],[243055.6620484,1998529.54514508],[243064.61994621,1998528.561038],[243074.87826854,1998527.43406737],[243171.13071274,1998516.85985519],[243196.8553952,1998514.03376331],[243236.53088526,1998509.63515023],[243279.14208829,1998504.91107008],[243375.89956811,1998494.18407674],[243382.51898728,1998493.46165283],[243443.46070185,1998486.81065351],[243472.26395574,1998483.66715118],[243495.10855589,1998481.17395879],[243532.05896256,1998477.14130018],[243598.75917815,1998469.55666029],[243603.01963471,1998469.07219365],[243650.79835408,1998463.63916202],[243761.11375749,1998451.70979669],[243772.54143037,1998450.5531986],[243784.85932777,1998449.30650063],[243795.19147965,1998447.37338835],[243799.6642729,1998446.53654317],[243818.54160532,1998443.00465516],[243907.49977553,1998424.95137945],[243951.2350583,1998416.15098718],[244037.35234879,1998398.82250799],[244065.43116464,1998392.99573971],[244109.14164832,1998390.14889598],[244250.41158376,1998387.88156169],[244321.52940301,1998386.28630827],[244340.32445696,1998385.86471386],[244350.70631334,1998385.08149197],[244386.25477232,1998381.37104675],[244457.76024114,1998372.35233897],[244601.84216565,1998353.55118446],[244646.36673118,1998344.68654767],[244683.34563107,1998339.6439704],[244743.10803181,1998328.40153858],[244824.36590149,1998309.28203984],[244840.90239288,1998305.39110068],[244847.724873,1998303.78581124],[244879.91921028,1998294.06676603],[244918.68653886,1998283.29806363],[244948.60255486,1998275.6272903],[245034.23984844,1998256.99317038],[245042.27040337,1998255.88666763],[245111.69467753,1998246.32093377],[245119.36028275,1998245.26471619],[245174.32768705,1998237.6909451],[245220.2024235,1998231.37002169],[245290.66608964,1998219.02457499],[245308.41131036,1998217.93202934],[245337.97650865,1998216.11174605],[245358.03029344,1998216.77128454],[245361.93005005,1998216.48122],[245377.93251928,1998213.70745866],[245390.53879217,1998211.41540905],[245409.59096933,1998206.80501148],[245421.03276795,1998204.03623391],[245430.13578688,1998202.36711492],[245486.40931092,1998192.04886682],[245525.59485806,1998185.5179423],[245568.09298747,1998180.04608014],[245609.2396634,1998176.28748956],[245628.85994337,1998175.90916323],[245662.894956,1998174.48634932],[245737.7751834,1998165.01354947],[245771.68657275,1998160.72355443],[245908.32444725,1998351.45249726],[245914.25276828,1998359.72767284],[245957.28412793,1998415.79900562],[246004.07618291,1998393.53183093],[246064.24156586,1998367.83366129],[246097.82686243,1998356.33363756],[246102.41255563,1998354.84597122],[246132.10086734,1998345.21464602],[246155.56568027,1998338.13474556],[246184.62606274,1998329.36652671],[246244.55228307,1998313.03304492],[246269.50880682,1998306.4191252],[246302.39477761,1998297.70376192],[246306.18582653,1998296.5538703],[246367.60480872,1998277.92441599],[246408.22784114,1998266.0715418],[246448.22131516,1998254.37853458],[246453.94660074,1998252.70461632],[246493.2646085,1998238.67658341],[246516.69131193,1998230.80595183],[246527.64320689,1998226.30679498],[246530.16267961,1998225.09459794],[246532.33881401,1998223.87422562],[246534.4342636,1998222.51998762],[246536.09633213,1998221.2917562],[246538.35056213,1998219.43167838],[246540.15604121,1998217.70972748],[246541.85015606,1998215.87810403],[246543.42625795,1998213.9439964],[246544.87816137,1998211.91499514],[246546.20016817,1998209.79906329],[246547.38708999,1998207.60450501],[246548.4342687,1998205.339933],[246552.6075281,1998194.59547994],[246574.05224757,1998147.6136471],[246581.26494355,1998131.81182336],[246584.40068635,1998124.94192963],[246594.75626038,1998103.01512721],[246594.49746241,1998098.37667113],[246591.96893943,1998066.99388156],[246587.37953997,1998026.68180355],[246583.18684695,1997984.32485351],[246579.96571776,1997953.6234658],[246575.17979253,1997913.87098491],[246573.89499903,1997905.32046272],[246571.29674828,1997888.02865596],[246570.14634434,1997863.50387255],[246568.07914965,1997821.83756476],[246566.37320504,1997783.28321684],[246565.81856951,1997743.23853009],[246564.97467822,1997700.41104756],[246564.28443201,1997656.53111045],[246564.24374995,1997653.94489428],[246562.45435214,1997590.28147486],[246563.35493171,1997560.1120594],[246563.63607239,1997550.69384667],[246564.12240759,1997532.69944421],[246564.7113399,1997510.9089487],[246565.56306707,1997488.62208751],[246567.52419081,1997447.15832864],[246570.41569497,1997405.30036362],[246573.23125902,1997364.67579657],[246576.02573636,1997328.06814345],[246580.37380592,1997282.54929018],[246583.62882977,1997247.37403245],[246584.83002353,1997234.39339033],[246588.43482427,1997209.98269924],[246593.319559,1997176.90465713],[246598.93656863,1997139.71094477],[246602.16017863,1997113.78190783],[246603.72972128,1997098.69685899],[246604.94749139,1997086.99273522],[246608.30911718,1997057.79966898],[246612.069939,1997031.84999854],[246615.06846025,1997014.28723118],[246617.3497158,1997000.92559156],[246624.19154828,1996968.83413923],[246631.5732489,1996928.32480653],[246640.77138426,1996895.71323572],[246645.12833469,1996881.05268629],[246652.11203643,1996857.55347366],[246654.05286987,1996850.13448133],[246658.9371793,1996831.46388508],[246661.18982348,1996822.85279883],[246672.0035772,1996780.25336517],[246673.17946193,1996776.0710541],[246677.72355003,1996759.91032067],[246681.97495358,1996744.79036225],[246683.24614966,1996740.26938329],[246688.24607465,1996724.66917418],[246695.5576116,1996701.85656359],[246708.05330578,1996677.34027762],[246714.36531718,1996667.06091642],[246706.8317,1996657.3758],[246544.7083,1996562.52390001],[246493.96710001,1996609.79620001],[246456.5801,1996642.09450001],[246378.95810001,1996708.69959999],[246166.31990001,1996911.4011],[246068.4756,1996948.176],[246052.1203,1996962.7563],[246035.134,1996977.99630001],[246029.419,1996981.64760001],[246014.6552,1996985.7751],[246008.1994,1996987.0206],[246001.6514,1996987.6142],[245995.0769,1996987.55010001],[245988.5417,1996986.8288],[245982.1114,1996985.45760001],[245975.7614,1996980.0601],[245966.0776,1996968.9476],[245963.53760001,1996965.7726],[245961.5564,1996965.13570001],[245959.0926,1996964.34380001],[245932.03770001,1996865.75560001],[245902.7036,1996755.00420001],[245923.6957,1996692.80910001],[245931.80780001,1996604.19140001],[245893.44310001,1996579.71740001],[245704.92710001,1996514.23290001],[245685.74480001,1996522.1704],[245694.5664,1996563.6829],[245577.8348,1996605.18740001],[245420.66270001,1996629.0776],[244996.4724,1996691.25230001],[244827.7396,1996712.3439],[244791.0104,1996736.6156],[244752.11650001,1996737.40940001],[244729.8915,1996633.4279],[244728.5206,1996498.031],[244653.11420001,1996394.8433],[244407.05130002,1996204.3429],[244357.622,1996134.95190001],[244534.62860001,1996023.82670001],[244513.99110001,1995988.9016],[244659.2476,1995893.6514],[244586.9544,1995721.5979],[244524.3098,1995576.1508],[244303.8635,1995656.65430001],[244041.7324,1995718.33220001],[243835.5501,1995736.02950001],[243541.86200001,1995874.936],[243287.86150001,1995962.24870001],[243136.82470001,1995974.8569],[243049.51210001,1995971.68190001],[242951.08690001,1995952.6318],[242948.489,1995952.9094],[242937.1119,1995991.27400001],[242909.5951,1996062.9763],[242898.74720001,1996093.93260001],[242894.57540001,1996116.9874],[242893.7201,1996121.71390001],[242891.38740001,1996143.6557],[242847.75190001,1996149.40370001],[242799.93470001,1996156.90790001],[242783.84060001,1996159.43360001],[242758.8026,1996163.36289999],[242726.06040001,1996167.99310001],[242711.17750001,1996169.6468],[242710.42870001,1996192.36660001],[242554.85340001,1996218.2958],[241325.2728048,1996449.78772399],[241228.47081734,1996440.99583659],[241039.33701062,1996512.09839159],[240943.85850718,1996527.21008639],[240955.22389286,1996577.41668582],[240954.15217609,1996639.11805157],[240941.03957679,1996694.68402544],[240908.30848842,1996837.37441619],[240825.4151524,1996852.06828906],[240653.00650697,1996837.73484023],[240374.0116504,1996813.51697617]]],[[[240374.0116504,1996813.51697617],[240380.36625767,1996774.3260164],[240377.13281715,1996792.55679647],[240374.0116504,1996813.51697617]]],[[[241877.56502008,1995078.11774877],[241883.00572173,1995077.9274545],[241879.47970001,1995078.0101],[241877.56502008,1995078.11774877]]]]},"geometry_name":"geometry","properties":{"ogc_fid":35,"zoning":"N","zone_name":"Agriculture Zone","h":10,"e":0,"cos":0}},{"type":"Feature","id":"glup2030_cdudcp_v1.36","geometry":{"type":"MultiPolygon","coordinates":[[[[239641.1495,1998424.8333],[239720.116,1998267.2367],[239773.0421,1998161.6099],[239862.028,1998003.3511],[239796.8652,1997960.2847],[239666.15473093,1997886.40205969],[239549.922,1997820.7028],[239544.042,1997837.8686],[239434.2571,1998035.304],[239462.0802,1998048.245],[239572.4645,1998106.2894],[239452.6786,1998290.5509],[239154.43120438,1998333.54699904],[238891.6736,1998371.4268],[238913.256,1998409.1518],[238945.9038,1998470.6667],[238996.295,1998468.0343],[239030.8418,1998465.2706],[239051.0641,1998537.4596],[239055.4462,1998549.8755],[239392.4551,1998526.5017],[239353.5406,1998731.0361],[239280.905,1998966.7587],[239012.5213,1998869.5265],[239036.863,1998834.6014],[238970.1879,1998789.093],[238938.4378,1998840.9514],[238373.2867,1998550.2399],[238141.362,1998430.8333],[238129.4197,1998455.7252],[238127.7759,1998459.6432],[238125.9451,1998464.0071],[238123.4939,1998469.8496],[238115.1594,1998489.7154],[238110.105,1998501.7628],[238101.7048,1998523.5232],[238098.554,1998522.136],[238074.08,1998511.8834],[238067.6638,1998509.5053],[238026.7857,1998494.3547],[238021.6183,1998492.6592],[238016.2971,1998505.9942],[238001.745,1998525.1765],[237990.5002,1998540.3901],[237977.9325,1998558.911],[237962.3881,1998579.7469],[237952.1355,1998596.2834],[237946.1824,1998608.1897],[237939.5678,1998624.7262],[237930.6381,1998644.2393],[237923.0313,1998663.4216],[237918.7318,1998677.643],[237917.9785,1998681.0616],[237915.7338,1998691.2494],[237914.4323,1998697.156],[237910.4636,1998716.6691],[237906.8255,1998739.8202],[237904.8362,1998756.6191],[237903.849,1998764.9556],[237900.8724,1998782.8151],[237900.9761,1998790.4913],[237901.2031,1998807.2891],[237901.6261,1998814.3392],[237902.1953,1998823.8256],[237905.5026,1998834.4089],[237917.7396,1998857.56],[237960.4038,1998917.7528],[238016.2971,1998998.4509],[238054.9925,1999055.9979],[238072.1905,1999079.149],[238083.766,1999092.7089],[238100.3025,1999104.2844],[238130.0682,1999122.8053],[238213.7428,1999170.7611],[238293.7794,1999217.7248],[238330.4705,1999241.4305],[238372.1725,1999268.3738],[238374.1468,1999269.6494],[238464.436,1999319.9203],[238488.8997,1999334.4757],[238519.6033,1999352.7439],[238556.7097,1999374.8214],[238563.1405,1999378.0643],[238595.405,1999394.3345],[238612.0303,1999401.3171],[238615.5224,1999402.7838],[238628.3762,1999408.1824],[238645.0145,1999415.1705],[238739.6032,1999456.5117],[238803.7648,1999487.6003],[238829.7085,1999499.1607],[238816.1509,1999555.1664],[238801.4665,1999620.6509],[238793.529,1999656.3698],[238783.2102,1999710.7417],[238772.8914,1999755.1918],[238764.1602,1999801.2294],[238756.2226,1999831.392],[238747.0945,1999857.1889],[238730.8226,1999889.3359],[238712.5663,1999919.1015],[238691.5319,1999952.836],[238679.6256,1999972.6798],[238672.085,1999982.6017],[238643.5099,2000017.5267],[238566.9129,2000104.4425],[238492.3002,2000189.7708],[238428.4032,2000262.796],[238400.2494,2000294.9152],[238397.2218,2000299.3113],[238388.9708,2000311.3128],[238378.3969,2000326.693],[238364.2511,2000356.3991],[238362.5219,2000360.0305],[238354.8479,2000381.7094],[238353.5142,2000385.4771],[238347.8086,2000401.5954],[238346.6468,2000404.8775],[238336.7249,2000432.6588],[238336.0901,2000436.9438],[238334.3135,2000448.936],[238332.4916,2000461.2339],[238328.0933,2000509.1752],[238325.877,2000533.333],[238321.9082,2000627.2602],[238314.9612,2000707.647],[238314.1753,2000716.7412],[238313.4486,2000725.1503],[238312.6478,2000734.4167],[238312.36292623,2000750.36868362],[238311.9863,2000771.4585],[238317.278,2000784.0262],[238340.4291,2000805.1929],[238354.9812,2000813.1304],[238366.8875,2000820.4065],[238395.9917,2000833.6357],[238419.3834,2000845.3078],[238426.3612,2000848.7897],[238429.877,2000845.3886],[238444.136,2000831.5944],[238446.7458,2000828.8025],[238462.5143,2000833.8029],[238467.5352,2000835.3951],[238482.1815,2000836.7186],[238515.941,2000839.7692],[238537.0389,2000844.6379],[238543.5641,2000842.4628],[238616.1048,2000849.6963],[238620.8205,2000850.1665],[238624.4882,2000850.5322],[238638.5225,2000851.9316],[238738.4029,2000864.4994],[238811.4942,2000872.4369],[238817.9972,2000872.8368],[238824.5052,2000872.5277],[238830.9411,2000871.5131],[238837.2285,2000869.8052],[238843.2932,2000867.4241],[238849.0632,2000864.3981],[238854.4701,2000860.763],[238859.45,2000856.5619],[238888.2235,2000830.1035],[238939.8174,2000777.8482],[238947.5639,2000770.2092],[238963.6299,2000754.3663],[238979.505,2000737.4991],[238990.0883,2000722.947],[239001.3331,2000704.4261],[239013.4616,2000676.1264],[239018.2004,2000665.0693],[239032.4217,2000638.9416],[239040.8235,2000619.9995],[239086.9922,2000515.9101],[239097.15,2000493.3598],[239136.6016,2000405.7771],[239137.9114,2000403.1892],[239177.6121,2000324.7483],[239183.5935,2000313.264],[239197.5071,2000286.5499],[239218.9534,2000245.3731],[239245.9166,2000196.7831],[239250.7034,2000188.1569],[239267.9014,2000151.7766],[239282.1228,2000122.0109],[239289.7295,2000100.1827],[239302.9587,2000067.1098],[239315.1912,2000028.3352],[239320.4874,2000011.5471],[239340.6619,1999948.047],[239353.8911,1999907.698],[239369.1047,1999857.0963],[239384.3183,1999806.1639],[239393.9429,1999777.4906],[239400.1933,1999758.8696],[239408.7569,1999733.1789],[239420.6986,1999697.3538],[239434.9199,1999654.3589],[239451.4564,1999617.3172],[239477.2534,1999562.416],[239511.6493,1999502.8847],[239516.9409,1999489.3247],[239519.5868,1999467.8273],[239530.8316,1999397.7126],[239531.8023,1999390.8663],[239537.1155,1999353.3948],[239541.7068,1999334.0629],[239543.3993,1999326.9364],[239553.6519,1999291.879],[239558.9248,1999270.5479],[239560.928,1999262.4441],[239563.9046,1999242.2696],[239569.527,1999214.4883],[239542.341,1999205.5255],[239484.9263,1999186.74],[239482.9628,1999184.9206],[239481.3157,1999182.8105],[239480.0275,1999180.464],[239479.1313,1999177.9416],[239478.6503,1999175.3083],[239478.5968,1999172.632],[239478.9722,1999169.9816],[239479.7669,1999167.4254],[239495.6419,1999124.9597],[239499.3657,1999115.1676],[239506.3576,1999096.7815],[239513.5013,1999078.1283],[239524.6139,1999044.7908],[239535.3295,1999009.4688],[239538.0352,1998999.4578],[239539.2983,1998994.7844],[239542.4733,1998973.3531],[239547.84,1998933.9972],[239549.617,1998920.9655],[239553.5858,1998899.5342],[239560.7296,1998841.5904],[239566.6827,1998800.3153],[239573.4296,1998759.0402],[239577.5306,1998734.9631],[239587.0557,1998691.0422],[239597.186,1998644.1422],[239601.3432,1998624.8962],[239618.8057,1998546.0502],[239632.5641,1998480.4334],[239639.4433,1998443.9208],[239641.1495,1998424.8333]]]]},"geometry_name":"geometry","properties":{"ogc_fid":36,"zoning":"UDb","zone_name":"Zone of Surroundings of Urban Area relevant to Ag*","h":20,"e":0.5,"cos":2}},{"type":"Feature","id":"glup2030_cdudcp_v1.37","geometry":{"type":"MultiPolygon","coordinates":[[[[240577.6638,1999200.91221642],[240600.75445042,1999192.60416602],[240654.77041399,1999173.16914191],[240682.14233173,1999160.74827168],[240684.57478577,1999159.644469],[240763.49268349,1999133.42019863],[240824.27096057,1999112.06539981],[240932.71309801,1999075.69031208],[240946.4730945,1999071.20848466],[240968.37563989,1999064.07451274],[240979.28983476,1999062.14847834],[241007.02042366,1999057.71928706],[241014.87851262,1999056.46417563],[241077.62085035,1999047.57356097],[241098.31113435,1999045.01071613],[241165.12965705,1999036.73410153],[241240.27402962,1999026.15659454],[241255.47323252,1999024.0171173],[241290.54486881,1999019.6151218],[241383.25596319,1999007.97854411],[241467.15248717,1998997.09323562],[241548.4008231,1998986.57565168],[241599.1759124,1998980.3401144],[241624.50299509,1998977.22977091],[241645.3617103,1998974.33114836],[241721.46888878,1998963.75494644],[241809.96341437,1998953.05206872],[241828.43702972,1998950.78756103],[241889.56212706,1998943.29480716],[241928.72961753,1998939.84609731],[241937.44294048,1998939.11998706],[241981.57117081,1998935.44263454],[242018.12614642,1998931.21518838],[242028.65551798,1998930.66962508],[242033.49744111,1998930.41874824],[242070.59887151,1998928.49639433],[242123.10571835,1998921.4229331],[242142.08791249,1998920.07017903],[242234.14001276,1998913.5101443],[242363.83603746,1998903.15625998],[242450.68316583,1998892.56514676],[242540.59174781,1998885.31027559],[242633.40681867,1998876.38054574],[242673.48985949,1998872.02867275],[242698.44551725,1998869.31920133],[242726.18993574,1998866.30695018],[242783.25415211,1998860.67869869],[242822.28095671,1998856.82947961],[242917.54368168,1998847.10879339],[242940.168078,1998844.80018152],[243089.17570542,1998827.66828853],[243097.38059087,1998826.76690675],[243107.63891326,1998825.63993612],[243203.89135747,1998815.06572394],[243229.76417216,1998812.22335838],[243269.58777817,1998807.80832446],[243312.19898122,1998803.0842443],[243408.70196527,1998792.38546558],[243415.06684078,1998791.6908218],[243476.00855529,1998785.03982251],[243504.81180924,1998781.89632017],[243527.65640933,1998779.40312777],[243565.28069627,1998775.29692387],[243632.65445288,1998767.63569402],[243636.9149094,1998767.15122739],[243683.87302941,1998761.81150806],[243792.34529107,1998750.0814577],[243802.75018957,1998749.0283749],[243827.62511133,1998746.51077686],[243850.36316978,1998742.25655946],[243854.83596267,1998741.41971435],[243875.96383114,1998737.4667583],[243966.92268749,1998719.00746099],[244097.4206349,1998692.74872766],[244105.85439207,1998690.9985987],[244121.30486005,1998689.99231682],[244256.18260543,1998687.827575],[244354.98266862,1998685.61137743],[244377.56796153,1998683.90751103],[244402.05109182,1998681.35203278],[244420.6009097,1998679.4158565],[244495.93948455,1998669.91369391],[244650.59478948,1998649.73282602],[244695.96928858,1998640.69897134],[244731.37452627,1998635.87098438],[244805.2269761,1998621.97794927],[244893.0777016,1998601.30719033],[244909.61419302,1998597.41625117],[244925.50641803,1998593.67690411],[244963.42680433,1998582.22924033],[244996.09711862,1998573.15415302],[245017.77495579,1998567.59573323],[245076.7399412,1998554.76533466],[245086.68550603,1998552.60124422],[245152.64376935,1998543.51308017],[245215.27677886,1998534.8830915],[245266.57858249,1998527.81439102],[245326.8469352,1998517.36503976],[245342.27327381,1998516.41526409],[245364.24378445,1998517.13784078],[245398.76160466,1998514.57039961],[245430.3842307,1998509.08914443],[245452.70302764,1998505.03118135],[245480.15082049,1998498.38914583],[245483.41454799,1998497.59936305],[245538.12537149,1998487.56764991],[245569.42496531,1998482.35105094],[245600.90448386,1998478.29789404],[245625.79794001,1998476.02397257],[245657.17897239,1998516.01785452],[245664.44831466,1998526.16492371],[245673.2528734,1998538.45495811],[245737.10895208,1998621.66161175],[245748.04884123,1998635.6357493],[245761.72983277,1998653.11125157],[245782.38510249,1998680.93447735],[245790.42673604,1998691.76678257],[245829.61250708,1998744.55111167],[245871.28528029,1998803.66789327],[246066.74762996,1998696.52650385],[246077.29261533,1998690.92652715],[246088.38608849,1998685.64741929],[246127.50133035,1998667.03344894],[246171.89948987,1998648.06986259],[246192.71263543,1998640.9431824],[246194.98730362,1998640.20524656],[246221.72709042,1998631.53046623],[246242.22424253,1998625.34598069],[246267.41542479,1998617.74519293],[246322.42443433,1998602.7519454],[246346.36106565,1998596.40831519],[246384.38551273,1998586.3311649],[246393.26356682,1998583.63829541],[246453.16074959,1998565.47042955],[246492.33620982,1998554.03992392],[246532.40870581,1998542.3238128],[246546.52431698,1998538.19679088],[246591.44981105,1998522.16809702],[246621.57488139,1998512.04702596],[246649.78139808,1998500.45948397],[246668.70250892,1998491.35594642],[246687.27895727,1998480.93830715],[246705.16664422,1998469.377931],[246722.29536793,1998456.72018773],[246738.59790519,1998443.01475377],[246754.01027519,1998428.31541736],[246768.47199074,1998412.67986735],[246781.92629551,1998396.16946687],[246794.32038686,1998378.84901248],[246805.60562306,1998360.78647988],[246815.73771421,1998342.05275707],[246821.01438944,1998330.64170472],[246824.67689596,1998322.72136629],[246829.11815213,1998311.28693014],[246854.17904389,1998256.38266199],[246856.50358447,1998251.2899781],[246857.75647258,1998248.63712371],[246764.30819399,1998215.3613768],[246574.05224757,1998147.61364709],[246552.6075281,1998194.59547995],[246548.43426869,1998205.339933],[246547.38708998,1998207.60450501],[246546.20016816,1998209.79906329],[246544.87816136,1998211.91499515],[246543.42625795,1998213.9439964],[246541.85015605,1998215.87810403],[246540.15604121,1998217.70972748],[246538.35056212,1998219.43167838],[246536.09633213,1998221.29175619],[246534.4342636,1998222.51998762],[246532.33881401,1998223.87422562],[246530.16267961,1998225.09459793],[246527.64320689,1998226.30679497],[246516.69131192,1998230.80595182],[246493.2646085,1998238.67658341],[246453.94660073,1998252.70461633],[246448.22131515,1998254.37853457],[246408.22784114,1998266.0715418],[246367.60480872,1998277.92441599],[246306.18582653,1998296.55387029],[246302.3947776,1998297.70376191],[246269.50880681,1998306.4191252],[246244.55228306,1998313.03304492],[246184.62606273,1998329.3665267],[246155.56568026,1998338.13474556],[246132.10086734,1998345.214646],[246102.41255562,1998354.84597121],[246097.82686242,1998356.33363756],[246064.24156586,1998367.83366129],[246004.07618291,1998393.53183093],[245957.28412793,1998415.79900563],[245914.25276828,1998359.72767283],[245908.32444725,1998351.45249726],[245771.68657275,1998160.72355443],[245737.77518339,1998165.01354946],[245662.89495599,1998174.48634931],[245628.85994336,1998175.90916323],[245609.23966339,1998176.28748955],[245568.09298746,1998180.04608014],[245525.59485805,1998185.5179423],[245486.40931091,1998192.04886682],[245430.13578688,1998202.36711492],[245421.03276794,1998204.03623392],[245409.59096932,1998206.80501148],[245390.53879217,1998211.41540905],[245377.93251928,1998213.70745866],[245361.93005005,1998216.48122],[245358.03029342,1998216.77128454],[245337.97650864,1998216.11174605],[245308.41131036,1998217.93202933],[245290.66608964,1998219.02457498],[245220.20242349,1998231.37002169],[245174.32768705,1998237.6909451],[245119.36028274,1998245.26471619],[245111.69467753,1998246.32093377],[245042.27040337,1998255.88666763],[245034.23984844,1998256.99317038],[244948.60255486,1998275.6272903],[244918.68653886,1998283.29806363],[244879.91921027,1998294.06676603],[244847.724873,1998303.78581124],[244840.90239288,1998305.39110068],[244824.36590149,1998309.28203983],[244743.10803181,1998328.40153858],[244683.34563107,1998339.64397039],[244646.36673118,1998344.68654766],[244601.84216564,1998353.55118445],[244457.76024114,1998372.35233897],[244386.25477232,1998381.37104674],[244350.70631333,1998385.08149196],[244340.32445696,1998385.86471387],[244321.529403,1998386.28630827],[244250.41158376,1998387.88156169],[244109.14164832,1998390.14889598],[244065.43116464,1998392.9957397],[244037.35234879,1998398.82250799],[243951.2350583,1998416.15098718],[243907.49977554,1998424.95137944],[243818.54160532,1998443.00465515],[243799.6642729,1998446.53654316],[243795.19147965,1998447.37338835],[243784.85932777,1998449.30650063],[243772.54143037,1998450.5531986],[243761.11375748,1998451.70979669],[243650.79835408,1998463.63916202],[243603.0196347,1998469.07219366],[243598.75917814,1998469.55666029],[243532.05896255,1998477.14130019],[243495.10855589,1998481.17395879],[243472.26395573,1998483.66715119],[243443.46070184,1998486.81065352],[243382.51898727,1998493.46165282],[243375.89956811,1998494.18407674],[243279.14208828,1998504.91107007],[243236.53088525,1998509.63515023],[243196.85539519,1998514.03376331],[243171.13071274,1998516.85985519],[243074.87826853,1998527.43406737],[243064.61994622,1998528.56103799],[243055.66204839,1998529.54514508],[243019.77679949,1998533.6709892],[242907.80658207,1998546.54457035],[242887.08957527,1998548.65855063],[242873.83180506,1998550.01138433],[242792.33073662,1998558.32781988],[242753.80798909,1998562.12732375],[242695.27553796,1998567.90038743],[242666.06437996,1998571.07188458],[242641.10872227,1998573.78135599],[242602.84995129,1998577.93516541],[242514.16049247,1998586.46797048],[242420.44787389,1998594.02979561],[242333.72798845,1998604.6053914],[242220.73353474,1998613.62595703],[242211.54017605,1998614.35988062],[242120.76268486,1998620.82908114],[242092.38651008,1998622.8512913],[242042.763986,1998629.53619091],[242017.97422287,1998630.8206346],[242013.1322997,1998631.07151145],[241993.10734016,1998632.10907412],[241951.87466019,1998636.87747929],[241912.52929651,1998640.15625959],[241903.11601028,1998640.94070011],[241858.14583246,1998644.90033841],[241791.93604589,1998653.01637677],[241773.70255038,1998655.25145041],[241682.80921722,1998666.2444494],[241604.0691342,1998677.18653179],[241585.57055583,1998679.75717892],[241582.67857277,1998680.11233473],[241562.60852194,1998682.57707782],[241510.85992618,1998688.93216852],[241428.59543512,1998699.58129358],[241345.274958,1998710.39186181],[241215.8821743,1998726.63251985],[241198.45753606,1998729.08525485],[241125.77955554,1998739.31558642],[241061.4328493,1998747.28602435],[241038.13384525,1998750.1720037],[240970.17175492,1998759.80225942],[240959.70351132,1998761.47427055],[240929.56028037,1998766.28881439],[240895.49521862,1998772.30029587],[240853.5630071,1998785.95821619],[240838.55340863,1998790.84705684],[240726.83972382,1998828.31953],[240666.46064052,1998849.53406978],[240574.98653079,1998879.930746],[240558.17443723,1998887.55976325],[240541.81994329,1998894.98113024],[240499.18821894,1998910.32008814],[240465.18308984,1998922.55518422],[240442.64139174,1998930.66572076],[240403.13391265,1998943.77954785],[240383.12701582,1998950.4204926],[240352.49661987,1998960.58772486],[240065.01261728,1999060.44524643],[240010.16822753,1999079.49543629],[239992.49173509,1999085.63536306],[240002.0301,1999120.2119],[240004.0621,1999127.3694],[240060.4221,1999122.8606],[240164.1124,1999101.1191],[240280.0727,1999076.8048],[240407.6117,1999083.8903],[240542.2363,1999090.9759],[240577.6638,1999179.5446],[240577.6638,1999200.91221642]]]]},"geometry_name":"geometry","properties":{"ogc_fid":37,"zoning":"UF","zone_name":"Zone of Villages surrounded by Rice Field","h":10,"e":0.4,"cos":1}},{"type":"Feature","id":"glup2030_cdudcp_v1.38","geometry":{"type":"MultiPolygon","coordinates":[[[[239992.49173509,1999085.63536306],[239991.4116,1999081.7201],[239984.7463,1999057.5583],[239975.396,1999023.6636],[239964.7678,1998910.2955],[239964.7678,1998902.5386],[239964.7678,1998765.0427],[239964.7678,1998757.2821],[239964.7678,1998644.5892],[239951.8296,1998557.2567],[239945.5252,1998514.7019],[239938.1374,1998464.8345],[239936.9037,1998456.507],[239894.3309,1998451.4985],[239839.6523,1998445.6865],[239805.9216,1998442.1051],[239754.2441,1998436.7374],[239718.0629,1998432.9793],[239708.8693,1998431.3254],[239676.011,1998428.6113],[239641.1495,1998424.8333],[239639.4433,1998443.9208],[239632.5641,1998480.4334],[239618.8057,1998546.0502],[239601.3432,1998624.8962],[239597.186,1998644.1422],[239587.0557,1998691.0422],[239577.5306,1998734.9631],[239573.4296,1998759.0402],[239566.6827,1998800.3153],[239560.7296,1998841.5904],[239553.5858,1998899.5342],[239549.617,1998920.9655],[239547.84,1998933.9972],[239542.4733,1998973.3531],[239539.2983,1998994.7844],[239538.0352,1998999.4578],[239535.3295,1999009.4688],[239524.6139,1999044.7908],[239513.5013,1999078.1283],[239506.3576,1999096.7815],[239499.3657,1999115.1676],[239495.6419,1999124.9597],[239479.7669,1999167.4254],[239478.9722,1999169.9816],[239478.5968,1999172.632],[239478.6503,1999175.3083],[239479.1313,1999177.9416],[239480.0275,1999180.464],[239481.3157,1999182.8105],[239482.9628,1999184.9206],[239484.9263,1999186.74],[239542.341,1999205.5255],[239569.527,1999214.4883],[239563.9046,1999242.2696],[239560.928,1999262.4441],[239558.9248,1999270.5479],[239553.6519,1999291.879],[239543.3993,1999326.9364],[239541.7068,1999334.0629],[239537.1155,1999353.3948],[239531.8023,1999390.8663],[239530.8316,1999397.7126],[239519.5868,1999467.8273],[239516.9409,1999489.3247],[239511.6493,1999502.8847],[239477.2534,1999562.416],[239451.4564,1999617.3172],[239434.9199,1999654.3589],[239420.6986,1999697.3538],[239408.7569,1999733.1789],[239400.1933,1999758.8696],[239393.9429,1999777.4906],[239384.3183,1999806.1639],[239369.1047,1999857.0963],[239353.8911,1999907.698],[239340.6619,1999948.047],[239320.4874,2000011.5471],[239315.1912,2000028.3352],[239302.9587,2000067.1098],[239289.7295,2000100.1827],[239282.1228,2000122.0109],[239267.9014,2000151.7766],[239250.7034,2000188.1569],[239245.9166,2000196.7831],[239218.9534,2000245.3731],[239197.5071,2000286.5499],[239183.5935,2000313.264],[239177.6121,2000324.7483],[239137.9114,2000403.1892],[239136.6016,2000405.7771],[239097.15,2000493.3598],[239086.9922,2000515.9101],[239040.8235,2000619.9995],[239032.4217,2000638.9416],[239018.2004,2000665.0693],[239013.4616,2000676.1264],[239001.3331,2000704.4261],[238990.0883,2000722.947],[238979.505,2000737.4991],[238963.6299,2000754.3663],[238947.5639,2000770.2092],[238939.8174,2000777.8482],[238888.2235,2000830.1035],[238859.45,2000856.5619],[238854.4701,2000860.763],[238849.0632,2000864.3981],[238843.2932,2000867.4241],[238837.2285,2000869.8052],[238830.9411,2000871.5131],[238824.5052,2000872.5277],[238817.9972,2000872.8368],[238811.4942,2000872.4369],[238738.4029,2000864.4994],[238638.5225,2000851.9316],[238624.4882,2000850.5322],[238620.8205,2000850.1665],[238616.1048,2000849.6963],[238543.5641,2000842.4628],[238537.0389,2000844.6379],[238515.941,2000839.7692],[238482.1815,2000836.7186],[238467.5352,2000835.3951],[238462.5143,2000833.8029],[238457.97097176,2000837.93319568],[238452.16745609,2000843.20911555],[238310.3028,2000972.1769],[238305.2753,2000987.2595],[238296.1318,2001014.6899],[238345.58456086,2001134.2007142],[238363.3266,2001177.0773],[238368.5361,2001189.6668],[238381.1579,2001220.1695],[238371.1392,2001275.7981],[238399.7214,2001273.0693],[238434.2991,2001269.768],[238586.6374,2001269.768],[238767.3178,2001266.2253],[238884.2286,2001252.0543],[238891.3141,2001152.8572],[238951.5409,2001050.1174],[239050.7379,2001074.9167],[239064.9089,2001156.4],[239050.7379,2001269.768],[239140.8026,2001359.8328],[239149.9349,2001368.9651],[239330.6153,2001386.6788],[239348.329,2001492.9614],[239323.5298,2001599.2439],[239408.9423,2001743.7882],[239410.8575,2001740.277],[239415.5528,2001731.6689],[239427.8509,2001709.1224],[239451.0688,2001666.5562],[239458.2268,2001663.6483],[239601.8092,2001605.3179],[239677.8049,2001574.4447],[239707.1798,2001565.6322],[239748.6599,2001553.1882],[239869.1135,2001524.8462],[239954.1395,2001432.7346],[239975.396,2001333.5376],[240024.9946,2001205.9985],[240166.7046,2001135.1435],[240287.1582,2001106.8015],[240393.4407,2001106.8015],[240485.5523,2001085.545],[240591.8348,2001014.6899],[240655.6043,2000940.2921],[240673.3181,2000816.2958],[240659.1471,2000734.8126],[240535.1508,2000695.8423],[240393.4407,2000720.6416],[240329.6712,2000720.6416],[240226.9314,2000653.3293],[240173.7901,2000571.846],[240127.7344,2000458.4779],[240074.5931,2000373.4519],[240173.7901,2000263.6266],[240255.2734,2000206.9426],[240251.7307,2000132.5448],[240173.7901,2000043.976],[240088.7641,1999962.4927],[240113.5634,1999916.437],[240226.9314,1999937.6935],[240347.385,1999927.0652],[240552.8645,1999944.779],[240662.6898,1999919.9797],[240751.2586,1999845.5819],[240797.3144,1999739.2994],[240751.2586,1999643.6451],[240680.4036,1999633.0168],[240567.0355,1999629.4741],[240375.727,1999728.6711],[240302.2745,1999743.8682],[240297.6677,1999744.8213],[240297.1292,1999721.6682],[240295.0363,1999631.6709],[240294.2437,1999597.5893],[240280.0727,1999512.5633],[240382.8125,1999455.8793],[240462.0971,1999414.4351],[240538.6935,1999374.396],[240567.0355,1999282.2844],[240577.6638,1999207.8867],[240577.6638,1999200.91221642],[240577.6638,1999179.5446],[240542.2363,1999090.9759],[240407.6117,1999083.8903],[240280.0727,1999076.8048],[240164.1124,1999101.1191],[240060.4221,1999122.8606],[240004.0621,1999127.3694],[240002.0301,1999120.2119],[239992.49173509,1999085.63536306]]]]},"geometry_name":"geometry","properties":{"ogc_fid":38,"zoning":"UEa","zone_name":"City-Expansion Zone","h":23,"e":0.5,"cos":5}},{"type":"Feature","id":"glup2030_cdudcp_v1.39","geometry":{"type":"MultiPolygon","coordinates":[[[[240530.45587564,1995135.45994012],[240529.26729453,1995125.58012241],[240482.07940001,1995126.9986],[240471.36070001,1995127.32080001],[240464.0619,1995127.54020001],[240389.4545,1995128.82150001],[240378.59810001,1995129.0079],[240332.7561,1995164.70620001],[240235.8157417,1995223.76261122],[240240.09313336,1995286.01657032],[240242.20246532,1995311.31207458],[240245.69105213,1995353.14786171],[240248.62698795,1995388.35615453],[240252.83489887,1995441.25560624],[240253.78426479,1995453.19049198],[240254.4047816,1995491.66253429],[240251.38489797,1995538.94372442],[240244.78348419,1995594.7556772],[240237.18351293,1995648.54949684],[240216.27930486,1995796.51284541],[240193.94166222,1995951.21431693],[240193.33714609,1995955.84377387],[240191.97325567,1995966.2886098],[240187.82732104,1995998.03867328],[240174.99957825,1996096.27506256],[240168.10844457,1996149.04818883],[240162.86558188,1996186.3429405],[240161.17234261,1996198.38768425],[240155.5283451,1996238.53588143],[240149.99794531,1996277.876009],[240146.02575167,1996306.13194157],[240136.62698069,1996374.23365089],[240135.6340183,1996381.42846781],[240127.79988757,1996438.1930911],[240119.38193421,1996499.18798211],[240108.80648954,1996575.81564543],[240101.49068934,1996628.82454414],[240081.01692014,1996744.25918734],[240077.28343759,1996769.33137075],[240064.99576476,1996851.84917639],[240058.13353418,1996897.93245161],[240056.39893795,1996909.872928],[240043.87755514,1996996.06663292],[240040.88598517,1997016.60874672],[240029.04667877,1997097.90531732],[240015.28943451,1997189.50843152],[240012.12479253,1997214.3123822],[240005.99377005,1997262.3663422],[240004.27788957,1997275.81513515],[240002.85983563,1997286.92961194],[239997.67552921,1997326.96397814],[239994.42975827,1997342.44380883],[239992.21744669,1997353.51644942],[239990.52588985,1997360.2692057],[239988.51064134,1997366.93252736],[239986.17639093,1997373.49090801],[239983.60711817,1997379.73809721],[239977.51880829,1997392.63098873],[239963.07595897,1997416.13121812],[239936.24592268,1997457.97329855],[239902.59017295,1997509.95643673],[239866.41504294,1997567.14759465],[239836.96682522,1997616.44854342],[239833.67274925,1997621.6602974],[239825.1052666,1997635.21542255],[239810.00002046,1997659.11433312],[239778.55400639,1997708.3180963],[239776.41301714,1997711.66811476],[239755.78183899,1997744.04760271],[239750.64714653,1997752.10621727],[239747.63950338,1997756.82654608],[239703.63440388,1997826.43461257],[239675.5678172,1997871.34115126],[239669.66536286,1997880.7850323],[239666.15473094,1997886.4020597],[239796.8652,1997960.28469999],[239862.028,1998003.3511],[239929.96696109,1998030.34138896],[239957.62452685,1997986.08928375],[240000.93210196,1997917.58457402],[240003.65335748,1997913.31371467],[240008.78805001,1997905.2551],[240029.30870248,1997873.04907598],[240063.19058414,1997820.03389646],[240078.6982796,1997795.49824681],[240087.26576228,1997781.94312164],[240092.58014207,1997773.53492449],[240122.00183377,1997724.27838449],[240155.27996765,1997671.66723947],[240188.43164323,1997620.46267125],[240217.16421804,1997575.65353674],[240241.74748845,1997535.65363911],[240258.14880689,1997500.92143538],[240266.38133837,1997480.90402709],[240273.56968149,1997460.70744058],[240279.77565561,1997440.18768745],[240284.98481867,1997419.39251964],[240286.75554025,1997410.53004113],[240288.33666548,1997402.61649425],[240293.68987006,1997377.08582623],[240300.41183746,1997325.17730022],[240301.8655652,1997313.78321793],[240303.58144569,1997300.33442494],[240309.71246816,1997252.28046495],[240312.45624585,1997230.77518033],[240325.81884751,1997141.79980835],[240337.75444805,1997059.84201802],[240340.75365567,1997039.247459],[240353.2826576,1996953.0013062],[240355.1083947,1996940.46169553],[240361.72397756,1996896.03478184],[240374.0116504,1996813.51697617],[240377.13281715,1996792.55679647],[240380.36625767,1996774.3260164],[240397.88639722,1996675.5445312],[240402.98295809,1996638.6157772],[240405.98961903,1996616.83012513],[240416.5650637,1996540.20246182],[240424.98301705,1996479.2075708],[240432.81714779,1996422.44294752],[240434.02692033,1996413.67716547],[240443.15721475,1996347.52078634],[240447.07679894,1996319.63908749],[240452.60719874,1996280.29895988],[240458.25119625,1996240.15076272],[240459.94443551,1996228.10601896],[240465.39231883,1996189.35286692],[240470.90699303,1996147.12080486],[240472.47414462,1996135.11939767],[240484.35053909,1996044.16851216],[240485.3018874,1996036.88300841],[240489.44782203,1996005.1329449],[240490.81171243,1995994.68810896],[240491.15295438,1995992.07483747],[240513.26540062,1995838.93298497],[240534.23360977,1995690.51662648],[240542.30821138,1995633.36329687],[240550.25891005,1995566.14375357],[240554.55917994,1995498.81603395],[240554.39263019,1995488.4899493],[240553.59219358,1995438.8628794],[240551.89025752,1995417.46711178],[240547.63694819,1995363.99693744],[240544.65343597,1995328.21809942],[240541.16484915,1995286.38231226],[240539.23743558,1995263.26840719],[240530.45587564,1995135.45994012]]]]},"geometry_name":"geometry","properties":{"ogc_fid":39,"zoning":"UF","zone_name":"Zone of Villages surrounded by Rice Field","h":10,"e":0.4,"cos":1}},{"type":"Feature","id":"glup2030_cdudcp_v1.40","geometry":{"type":"MultiPolygon","coordinates":[[[[238345.58456086,2001134.2007142],[238296.1318,2001014.6899],[238305.2753,2000987.2595],[238310.3028,2000972.1769],[238452.16745609,2000843.20911555],[238457.97097176,2000837.93319568],[238462.5143,2000833.8029],[238446.7458,2000828.8025],[238444.136,2000831.5944],[238429.877,2000845.3886],[238426.3612,2000848.7897],[238419.3834,2000845.3078],[238395.9917,2000833.6357],[238366.8875,2000820.4065],[238354.9812,2000813.1304],[238340.4291,2000805.1929],[238317.278,2000784.0262],[238311.9863,2000771.4585],[238312.36292623,2000750.36868362],[238247.7189338,2000812.90510444],[238210.12023724,2000849.48587322],[238170.18283519,2000887.20797856],[238100.79768538,2000952.74438792],[238096.25385561,2000957.03617497],[238082.36865043,2000970.56841224],[238063.48406503,2000988.97294333],[238045.93636514,2001006.0745731],[238023.49595755,2001027.94453584],[237946.98822217,2001102.50741153],[237815.78474834,2001228.72597567],[237756.09876648,2001286.1442643],[237748.19023616,2001293.75232003],[237646.80145039,2001390.73881608],[237644.90227521,2001392.55552928],[237568.76385413,2001466.18498108],[237469.84795692,2001560.34438459],[237460.2587998,2001569.47243519],[237443.67305104,2001585.26063763],[237337.45773682,2001686.14363975],[237265.29540133,2001757.32551684],[237261.72949968,2001760.75758639],[237214.95101833,2001805.78042129],[237179.62022974,2001838.99884441],[237169.06719122,2001848.92093539],[237158.63200201,2001858.2065952],[237148.96475026,2001866.40732434],[237146.00795278,2001868.91557548],[237137.27929155,2001875.28805899],[237127.41229497,2001882.49160044],[237108.63563278,2001894.68501891],[237088.41061963,2001906.76686896],[237082.13018837,2001910.05614552],[237050.0775652,2001926.84320002],[237046.11420552,2001928.91894698],[236961.15135441,2001972.86505268],[236904.58818253,2002001.98316211],[236819.31391347,2002045.80047312],[236748.10952417,2002081.2617812],[236700.61674041,2002106.80552792],[236689.68620674,2002112.6844586],[236673.83966855,2002120.81010465],[236632.48206492,2002142.01708654],[236583.36642344,2002168.19899134],[236556.51111552,2002186.02858042],[236531.44097779,2002202.67297174],[236515.76645239,2002214.80963333],[236503.12743246,2002224.59592695],[236487.09017799,2002239.00961155],[236468.98536894,2002256.83477838],[236449.03693666,2002278.70356155],[236435.84244137,2002293.8427304],[236422.2702739,2002310.90544274],[236414.2391017,2002321.94461961],[236408.42818,2002329.93197075],[236398.04737326,2002344.76559397],[236385.03764891,2002366.96804819],[236373.63040375,2002389.06272277],[236363.53873968,2002410.70906257],[236354.32836786,2002432.74482353],[236346.01427802,2002455.13414289],[236338.61000118,2002477.8405824],[236332.12758767,2002500.82718776],[236326.57758749,2002524.05654869],[236321.96903318,2002547.49085981],[236318.30942507,2002571.09198223],[236315.6047191,2002594.82150554],[236313.85931714,2002618.64081037],[236312.97722449,2002645.52320649],[236314.44341444,2002676.24526759],[236321.06987116,2002815.09385909],[236325.56284129,2002888.17713204],[236337.9760256,2003090.09170339],[236340.57148982,2003132.30988299],[236342.63081824,2003165.80720365],[236343.70530711,2003179.60726377],[236346.15928041,2003211.12455551],[236350.27911893,2003264.03717396],[236354.22407695,2003325.6478252],[236360.13696403,2003417.99274314],[236436.1873,2003432.6178],[236597.0684,2003411.007],[236646.4397,2003404.375],[236659.7647592,2003402.58506502],[236653.9335791,2003311.5162113],[236653.61097667,2003306.47794589],[236649.53411594,2003242.80729485],[236645.25403992,2003187.83668675],[236642.80006662,2003156.31939501],[236641.91542781,2003144.95764976],[236640.00617103,2003113.90141518],[236637.41070681,2003071.68323557],[236624.9975225,2002869.76866422],[236621.60058069,2002814.51353931],[236620.63076262,2002798.73834455],[236614.1023551,2002661.94424386],[236613.21201653,2002643.28838262],[236613.49944797,2002634.52870625],[236614.36020048,2002622.78211338],[236615.69403788,2002611.07979668],[236617.4987894,2002599.44080142],[236619.77151782,2002587.88406988],[236622.50852433,2002576.42841041],[236625.7053545,2002565.0924669],[236629.35680554,2002553.89468836],[236633.45693479,2002542.85329902],[236637.99906935,2002531.98626851],[236642.97581699,2002521.31128271],[236647.92836531,2002511.71869995],[236650.77141634,2002506.86673624],[236652.64055833,2002504.1958313],[236656.83190988,2002498.43464601],[236661.06865372,2002492.61106716],[236666.43020885,2002485.87060562],[236672.96546388,2002478.3721506],[236685.19841058,2002464.96159004],[236692.7022408,2002457.57366206],[236695.48714673,2002455.07069275],[236699.43303016,2002452.01542628],[236706.47255528,2002446.56477742],[236722.44441086,2002435.96085425],[236737.25063043,2002426.13081202],[236771.49390092,2002407.87687048],[236810.72420828,2002387.76070454],[236829.19374836,2002378.29005905],[236886.06474859,2002347.70228739],[236954.74384912,2002313.4986271],[237041.79864596,2002268.7664101],[237098.71997581,2002239.46392482],[237184.62149815,2002195.03230168],[237221.3165756,2002175.81383516],[237235.04422263,2002168.62419713],[237267.31115017,2002149.34884846],[237297.68079559,2002129.62703679],[237302.65982574,2002125.99202488],[237314.17289793,2002117.58674248],[237331.73563376,2002104.76481693],[237343.03338911,2002095.18093168],[237355.40804246,2002084.68351391],[237371.56820051,2002070.30354177],[237385.11780349,2002057.56404564],[237421.72540785,2002023.1451453],[237469.76659243,2001976.90699777],[237474.65991697,2001972.19732493],[237546.11526976,2001901.71282488],[237650.39559299,2001802.66767168],[237667.102112,2001786.76450637],[237676.69126914,2001777.63645575],[237776.46326152,2001682.66212347],[237854.17485238,2001607.52505213],[237955.86993208,2001510.24556141],[237964.0839272,2001502.34364663],[238023.76990911,2001444.92535795],[238155.67486391,2001318.03196473],[238232.87968642,2001242.78972216],[238272.86779391,2001203.81812964],[238291.75237928,2001185.41359858],[238303.95693493,2001173.51928801],[238306.79469665,2001170.83893473],[238345.58456086,2001134.2007142]]]]},"geometry_name":"geometry","properties":{"ogc_fid":40,"zoning":"UF","zone_name":"Zone of Villages surrounded by Rice Field","h":10,"e":0.4,"cos":1}},{"type":"Feature","id":"glup2030_cdudcp_v1.41","geometry":{"type":"MultiPolygon","coordinates":[[[[236556.51111552,2002186.02858042],[236583.36642345,2002168.19899134],[236632.48206492,2002142.01708653],[236673.83966856,2002120.81010466],[236689.68620675,2002112.68445861],[236700.61674041,2002106.80552792],[236748.10952417,2002081.26178121],[236819.31391347,2002045.80047313],[236904.58818254,2002001.98316212],[236961.15135441,2001972.86505268],[237046.11420551,2001928.91894698],[237050.0775652,2001926.84320002],[237082.13018838,2001910.05614553],[237088.41061964,2001906.76686897],[237108.63563278,2001894.6850189],[237127.41229496,2001882.49160044],[237137.27929156,2001875.288059],[237146.00795278,2001868.91557549],[237148.96475026,2001866.40732433],[237158.63200201,2001858.2065952],[237169.06719123,2001848.92093539],[237179.62022976,2001838.99884441],[237214.95101833,2001805.78042129],[237261.72949968,2001760.75758639],[237265.29540134,2001757.32551684],[237337.45773683,2001686.14363975],[237443.67305105,2001585.26063762],[237460.25879981,2001569.47243519],[237469.84795692,2001560.3443846],[237568.76385413,2001466.18498108],[237644.90227522,2001392.55552928],[237646.80145038,2001390.73881608],[237748.19023617,2001293.75232003],[237756.09876647,2001286.14426431],[237815.78474834,2001228.72597568],[237946.98822217,2001102.50741153],[238023.49595755,2001027.94453584],[238045.93636515,2001006.07457311],[238063.48406503,2000988.97294333],[238082.36865043,2000970.56841224],[238096.25385562,2000957.03617498],[238100.79768539,2000952.74438792],[238170.18283519,2000887.20797856],[238210.12023724,2000849.48587323],[238247.7189338,2000812.90510445],[238312.36292623,2000750.36868363],[238312.6478,2000734.41670001],[238313.44860001,2000725.1503],[238314.17530001,2000716.74120001],[238314.9612,2000707.64700001],[238321.9082,2000627.2602],[238325.877,2000533.33300001],[238328.0933,2000509.1752],[238332.4916,2000461.2339],[238334.31350001,2000448.936],[238336.0901,2000436.94380001],[238336.72490001,2000432.65879999],[238346.64680001,2000404.87749999],[238347.8086,2000401.5954],[238353.51420001,2000385.47710001],[238354.8479,2000381.70940001],[238362.5219,2000360.0305],[238364.25110001,2000356.3991],[238378.39690001,2000326.69299999],[238388.9708,2000311.3128],[238397.22180001,2000299.3113],[238400.2494,2000294.9152],[238428.40319999,2000262.796],[238492.30020001,2000189.77080001],[238566.9129,2000104.4425],[238643.50990001,2000017.52670001],[238672.085,1999982.6017],[238679.62560001,1999972.6798],[238691.5319,1999952.836],[238712.5663,1999919.1015],[238730.82260001,1999889.3359],[238747.09449999,1999857.1889],[238756.2226,1999831.392],[238764.1602,1999801.22940001],[238772.8914,1999755.19180001],[238783.2102,1999710.7417],[238793.529,1999656.36980001],[238801.46650001,1999620.65090001],[238816.1509,1999555.16640001],[238829.7085,1999499.16070001],[238803.7648,1999487.60030001],[238739.60320001,1999456.51170001],[238645.01450001,1999415.17049999],[238628.3762,1999408.1824],[238615.5224,1999402.7838],[238612.0303,1999401.31710001],[238595.40500001,1999394.3345],[238563.14050001,1999378.06430001],[238556.7097,1999374.8214],[238519.6033,1999352.7439],[238488.8997,1999334.4757],[238464.43600001,1999319.92030001],[238374.1468,1999269.64940001],[238372.1725,1999268.3738],[238330.47050001,1999241.4305],[238293.7794,1999217.72480001],[238213.7428,1999170.76110001],[238130.06820001,1999122.8053],[238100.30250001,1999104.2844],[238083.76600001,1999092.7089],[238072.1905,1999079.149],[238054.9925,1999055.9979],[238016.29710001,1998998.4509],[237960.40380001,1998917.7528],[237917.7396,1998857.56],[237905.5026,1998834.4089],[237902.19530001,1998823.8256],[237901.6261,1998814.3392],[237901.20310001,1998807.28910001],[237900.9761,1998790.4913],[237900.8724,1998782.81510001],[237903.84900001,1998764.9556],[237904.8362,1998756.61910001],[237906.82550001,1998739.8202],[237910.4636,1998716.6691],[237914.4323,1998697.156],[237915.7338,1998691.2494],[237917.97850001,1998681.06160001],[237918.7318,1998677.643],[237923.03130001,1998663.4216],[237930.63810001,1998644.2393],[237939.5678,1998624.7262],[237946.1824,1998608.1897],[237952.1355,1998596.28340001],[237962.38809999,1998579.74690001],[237977.9325,1998558.911],[237990.5002,1998540.3901],[238001.745,1998525.1765],[238016.2971,1998505.9942],[238021.6183,1998492.6592],[238026.7857,1998494.3547],[238067.6638,1998509.50530001],[238074.08,1998511.8834],[238098.554,1998522.13600001],[238101.7048,1998523.52319999],[238110.105,1998501.7628],[238115.1594,1998489.7154],[238123.4939,1998469.84960001],[238125.9451,1998464.00710001],[238127.77590001,1998459.6432],[238129.41970001,1998455.72520001],[238141.36200001,1998430.8333],[238373.2867,1998550.23990001],[238938.4378,1998840.95140001],[238970.18790001,1998789.09300001],[239036.863,1998834.6014],[239012.5213,1998869.52650001],[239280.905,1998966.7587],[239353.54060001,1998731.03610001],[239392.4551,1998526.5017],[239055.4462,1998549.8755],[239051.0641,1998537.45960001],[239030.8418,1998465.2706],[238996.29500001,1998468.03430001],[238945.90380001,1998470.6667],[238913.25600001,1998409.1518],[238891.6736,1998371.4268],[239154.43120439,1998333.54699905],[239452.6786,1998290.5509],[239572.4645,1998106.28940001],[239462.08020001,1998048.245],[239434.2571,1998035.30400001],[239544.042,1997837.8686],[239549.92200001,1997820.7028],[239666.15473094,1997886.4020597],[239669.66536286,1997880.7850323],[239675.56781721,1997871.34115126],[239703.63440388,1997826.43461258],[239747.63950338,1997756.82654608],[239750.64714653,1997752.10621727],[239755.78183899,1997744.04760271],[239776.41301714,1997711.66811476],[239778.55400639,1997708.3180963],[239810.00002046,1997659.11433312],[239825.1052666,1997635.21542255],[239833.67274925,1997621.6602974],[239836.96682522,1997616.44854342],[239866.41504294,1997567.14759465],[239902.59017295,1997509.95643673],[239936.24592268,1997457.97329855],[239963.07595898,1997416.13121811],[239977.51880829,1997392.63098872],[239983.60711817,1997379.73809721],[239986.17639093,1997373.49090801],[239988.51064134,1997366.93252736],[239990.52588985,1997360.26920569],[239992.2174467,1997353.51644942],[239994.42975827,1997342.44380882],[239997.67552921,1997326.96397815],[240002.85983563,1997286.92961194],[240004.27788956,1997275.81513515],[240005.99377005,1997262.3663422],[240012.12479253,1997214.3123822],[240015.28943451,1997189.50843151],[240029.04667877,1997097.90531733],[240040.88598517,1997016.60874672],[240043.87755514,1996996.06663292],[240056.39893795,1996909.872928],[240058.13353418,1996897.93245162],[240064.99576476,1996851.8491764],[240077.28343759,1996769.33137075],[238422.44666011,1996914.34604651],[237878.38717056,1996748.89992337],[238138.72155466,1996107.8767649],[238213.39670313,1995954.86996433],[238143.58350001,1995945.68410001],[238138.4794,1995945.01250001],[238122.9444,1995945.01250001],[237947.1708,1995945.0125],[237777.11870001,1995916.67050001],[237454.72830001,1995920.2132],[237341.36030001,1995913.1277],[237283.7147,1995887.1872],[237274.3858,1995879.05430001],[237257.98160001,1995867.6772],[237254.1219,1995864.97540001],[237242.10660001,1995856.56470001],[237223.85030001,1995846.2459],[237209.66210001,1995837.91059999],[237202.35280001,1995833.6165],[237195.1858,1995830.1071],[237179.334,1995822.34520001],[237165.5228,1995815.51890001],[237155.83900001,1995809.0102],[237143.139,1995800.91390001],[237127.5814,1995792.2885],[237121.8877,1995790.0556],[237114.0877,1995786.9968],[237096.88970001,1995783.028],[237088.1584,1995781.1759],[237071.2251,1995779.853],[237061.7001,1995777.4718],[237054.29170001,1995772.1801],[237052.283,1995770.0598],[237044.76670001,1995762.1259],[237019.4989,1995729.5821],[237012.2674,1995722.5207],[237005.47880001,1995715.0324],[236999.15830001,1995707.14510001],[236993.3293,1995698.8879],[236988.0134,1995690.29140001],[236978.75300001,1995672.432],[236974.39990002,1995665.1659],[236961.1582,1995643.06320001],[236949.94890001,1995625.54450001],[236946.28630001,1995619.82030001],[236939.06540001,1995608.53500001],[236916.70810001,1995574.5359],[236906.22390001,1995557.85070001],[236895.01220001,1995540.00780001],[236891.4308,1995533.1434],[236889.15190001,1995528.7755],[236891.43080001,1995527.8307],[236814.06279707,1995216.25399488],[236901.40240001,1994828.78240001],[236806.4048,1994662.5364],[236793.62,1994597.0781],[236717.836,1994209.0643],[236717.25050001,1994202.3209],[236776.80290001,1994193.9296],[236800.6967,1994192.49240002],[236811.9926,1994191.81290001],[236838.9801,1994189.9609],[236866.23230002,1994188.10880001],[236880.9396,1994187.0503],[236887.89460001,1994186.54970001],[236920.29240001,1994183.76630001],[236940.5803,1994182.0233],[237021.80760001,1994174.615],[237048.46560001,1994171.1355],[237056.94430001,1994170.0289],[237109.2053,1994164.70200001],[237152.9883,1994160.2393],[237231.6755,1994152.30180001],[237306.2796,1994145.8787],[237323.8697,1994144.3642],[237357.6496,1994140.79400001],[237421.5012,1994134.04550001],[237446.125,1994130.8936],[237471.1107,1994127.69550001],[237524.606,1994123.21780001],[237608.4561,1994116.1993],[237644.4585,1994112.3472],[237688.82350001,1994107.6003],[237719.6299,1994104.26120001],[237753.4514,1994100.59520001],[237800.4999,1994095.49560001],[237865.9152,1994089.0704],[237871.51930001,1994088.5199],[237902.18830001,1994085.5076],[237973.3878,1994078.89300001],[238004.31780001,1994075.8435],[238021.3183,1994074.16740001],[238029.7442,1994073.33670001],[238071.4968,1994069.1327],[238169.62060001,1994059.2527],[238183.113,1994057.8941],[238257.1752,1994051.74670001],[238264.56350001,1994051.0948],[238274.96470001,1994050.17720001],[238320.36870001,1994046.17140001],[238352.0021,1994043.3805],[238356.7277,1994042.99319999],[238384.2813,1994040.73470001],[238422.89130001,1994037.789],[238427.9055,1994037.4065],[238421.08370001,1993960.09240001],[238418.3567,1993929.1869],[238418.3567,1993861.87460001],[238421.89950001,1993759.13480001],[238432.52780001,1993631.59580001],[238471.49800001,1993539.4842],[238531.72480001,1993518.22770001],[238620.29360001,1993482.80020001],[238726.5761,1993472.1719],[238861.2007,1993468.62919999],[238981.6542,1993465.0864],[239080.8513,1993443.8299],[239087.9368,1993341.0901],[239091.47950001,1993213.55110001],[239041.88100001,1993135.6105],[238974.56870001,1993057.67000001],[238949.7695,1992990.35770001],[238971.02600001,1992827.3912],[239102.10780001,1992717.56590001],[239116.27880001,1992643.1681],[239084.394,1992590.0268],[238917.88470001,1992611.2833],[238758.4609,1992646.7108],[238662.8066,1992590.0268],[238634.4646,1992490.8298],[238634.4646,1992356.20520001],[238570.6951,1992249.92270001],[238432.5278,1992246.37990001],[238390.0147,1992200.32410001],[238396.36120001,1992162.24510001],[238404.1857,1992115.29810001],[238382.9292,1992044.44310001],[238276.6467,1991966.5025],[238173.90690001,1992012.5583],[238056.9961,1991987.759],[237975.5128,1991927.53230001],[237964.88460001,1991835.42070001],[237964.88460001,1991700.79620001],[237961.3418,1991622.85560001],[237929.45700001,1991555.5434],[237879.85850002,1991498.85930001],[237787.74700001,1991484.6883],[237731.06300001,1991481.1456],[237603.5239,1991527.2013],[237592.66040001,1991527.20130001],[237588.3774,1991529.4618],[237576.80780001,1991534.44960001],[237578.72270001,1991529.6324],[237579.35830001,1991527.2013],[237580.034,1991524.6171],[237580.7219,1991519.479],[237580.7762,1991514.2954],[237580.19600001,1991509.14409999],[237578.99010001,1991504.1024],[237576.0898,1991439.71960001],[237574.59720001,1991406.58550001],[237574.20110001,1991397.7926],[237574.7022,1991395.4345],[237575.55640001,1991393.18010001],[237576.7437,1991391.082],[237576.44850001,1991388.34300001],[237572.2152,1991372.46800001],[237571.2778,1991358.1391],[237570.36310001,1991344.1575],[237569.83390001,1991321.66790001],[237573.00890001,1991303.94070001],[237580.70170001,1991289.0352],[237587.8006,1991286.5703],[237595.9417,1991283.7435],[237606.9644,1991276.83380001],[237610.1234,1991274.8535],[237629.80850001,1991258.97850001],[237648.43520001,1991243.7384],[237657.965,1991235.95350001],[237663.4635,1991231.46170001],[237669.68550001,1991226.9367],[237679.76190001,1991219.6084],[237700.082,1991200.34670001],[237704.9763,1991195.3418],[237713.6325,1991186.4902],[237730.5488,1991169.19190001],[237744.29390001,1991155.06320001],[237764.90650001,1991135.44000001],[237770.7523,1991129.87480001],[237781.4293,1991118.77230001],[237797.31120001,1991102.2575],[237834.88210001,1991063.6283],[237836.50230001,1991061.9915],[237860.8114,1991037.4345],[237877.15420001,1991018.53190001],[237883.8066,1991010.89150001],[237895.6835,1990997.7733],[237905.8435,1990986.1846],[237909.51450001,1990985.41810001],[237912.1378,1990978.8598],[237915.4082,1990973.1847],[237917.1782,1990968.858],[237918.2657,1990966.19970001],[237922.14630001,1990959.46860001],[237924.898,1990957.352],[237932.53520001,1990952.0352],[237932.1187,1990948.2346],[237930.7958,1990935.66690001],[237930.13810001,1990929.1726],[237925.5041,1990883.4116],[237923.6557,1990868.3161],[237921.53530001,1990851.0001],[237922.5275,1990842.7318],[237925.43120001,1990831.37040001],[237917.02930001,1990825.01460001],[237903.2825,1990816.10070001],[237889.9359,1990807.4463],[237850.77750001,1990783.10450001],[237826.8901,1990769.0443],[237817.3341,1990763.41950001],[237808.07360001,1990758.49820001],[237802.736,1990757.37030001],[237797.60440001,1990755.51850001],[237791.2731,1990751.8992],[237788.3441,1990749.7974],[237784.3917,1990746.037],[237780.9944,1990741.7684],[237778.2168,1990737.07290001],[237776.1119,1990732.03990001],[237771.43930001,1990713.7889],[237768.07180001,1990676.12240001],[237767.15310001,1990665.8463],[237765.4068,1990647.2725],[237766.2006,1990639.97],[237766.1212,1990628.75160001],[237766.48150001,1990626.12640001],[237766.8472,1990623.4624],[237752.361,1990609.60100001],[237734.6057,1990599.0004],[237688.7298,1990594.9906],[237636.9354,1990596.24690001],[237596.4384,1990597.2291],[237501.51060001,1990606.937],[237447.64280001,1990625.5711],[237415.7442,1990641.12940001],[237387.4161,1990641.51350001],[237373.4634,1990637.83920001],[237298.5246,1990662.05460001],[237263.41980001,1990673.39820001],[237217.364,1990797.39450001],[237105.0493,1990867.1071],[237011.88440001,1990924.9336],[236895.65610001,1990938.14130001],[236856.00330001,1990942.64730001],[236753.2635,1990885.9633],[236512.35640001,1990907.21980001],[236406.07390001,1990974.53209999],[236296.2486,1991013.5024],[236204.44470001,1991034.2538],[236202.3657,1991135.72730001],[236109.83030001,1991289.22730001],[236100.9275,1991299.2956],[236084.7089,1991313.926],[236076.7714,1991322.0223],[236067.8814,1991332.1823],[236055.83620001,1991348.5931],[236045.0412,1991367.2198],[236030.15630001,1991391.741],[236023.848,1991403.5207],[236011.783,1991420.9568],[235998.6596,1991441.27689999],[235988.9229,1991457.9986],[235980.3901,1991474.05880001],[235972.4526,1991491.9976],[235968.3783,1991503.1419],[235967.0551,1991506.7614],[235964.04210001,1991516.10120001],[235962.1371,1991523.0862],[235962.3488,1991530.28290001],[235956.22090001,1991540.6871],[235947.62190001,1991557.55430001],[235942.66100001,1991567.8069],[235935.79500001,1991574.7655],[235925.64820001,1991578.66810001],[235913.5832,1991579.93810001],[235910.4447,1991581.0797],[235905.02070001,1991571.62080001],[235883.5233,1991521.0191],[235868.30970001,1991479.0164],[235864.6717,1991462.81070001],[235862.68730001,1991442.08490001],[235863.01810001,1991420.2568],[235862.02590001,1991383.87650001],[235861.15320001,1991372.90610001],[235859.7108,1991354.77230001],[235860.7029,1991328.3139],[235861.68190001,1991319.2097],[235863.6398,1991301.00090001],[235860.43840001,1991272.8227],[235860.25340001,1991270.14070001],[235858.8509,1991249.8039],[235858.45400001,1991238.95600001],[235857.1311,1991232.8705],[235854.61750001,1991229.4309],[235850.64880001,1991226.7851],[235840.4402,1991219.7736],[235823.6392,1991205.48610001],[235811.60060001,1991193.3153],[235802.70400001,1991183.7307],[235800.4371,1991180.07850001],[235796.9889,1991174.5232],[235792.8614,1991165.3157],[235788.0989,1991149.5994],[235783.97140002,1991141.34440001],[235778.73270001,1991135.6294],[235772.54140001,1991131.3431],[235765.0801,1991124.6756],[235752.85640001,1991114.51560001],[235736.7802,1991099.4621],[235723.0219,1991087.82040001],[235712.22690001,1991079.9887],[235694.4468,1991069.61700001],[235690.6301,1991066.1951],[235688.30850001,1991064.1137],[235684.41380001,1991055.8004],[235679.2544,1991040.3223],[235671.7138,1991011.3503],[235665.15330001,1990990.89350001],[235649.8856,1990943.28610001],[235640.55330001,1990915.06970001],[235510.5368,1990856.81700001],[235311.8369,1990784.5094],[235114.60570001,1990802.7183],[235124.6906,1990883.39710001],[235128.3726,1990912.85280001],[235150.11120001,1991025.1691],[235154.30950001,1991083.94499999],[235157.3574,1991126.6161],[235161.23680001,1991167.3501],[235164.1649,1991198.09450001],[235168.6287,1991244.96410001],[235171.84980001,1991278.78660001],[235191.6024,1991373.59870001],[235208.0809,1991452.69580001],[235215.6274,1991504.6334],[235223.56820001,1991559.28440001],[235225.7547,1991574.33270001],[235239.02260001,1991665.64720001],[235241.33500001,1991681.56220001],[235246.3776,1991716.26740001],[235254.15500001,1991769.79410001],[235262.22130001,1991825.30900001],[235269.6737,1991876.59930001],[235287.78930001,1991999.785],[235292.8236,1992045.0941],[235298.65860001,1992097.6089],[235309.5279,1992137.463],[235313.151,1992144.70930001],[235336.85950001,1992215.8348],[235338.5128,1992220.7945],[235343.475,1992240.0919],[235344.83570001,1992245.38360001],[235364.81060001,1992323.0636],[235365.7295,1992326.63730001],[235369.0782,1992339.66000001],[235371.1207,1992347.6033],[235392.85940002,1992449.05030001],[235398.7801,1992475.24080001],[235399.8747,1992480.0825],[235413.895,1992542.10140001],[235419.55010001,1992648.52260001],[235420.77250001,1992671.5263],[235422.83770001,1992710.3897],[235425.6689,1992763.6677],[235431.50620001,1992865.3987],[235438.2513,1992982.95070001],[235441.3705,1993034.9864],[235444.2168,1993082.46930001],[235444.2168,1993248.9786],[235466.79880001,1993311.54720001],[235479.6958,1993347.50760001],[235509.79000001,1993431.4188],[235528.66080001,1993485.2366],[235536.32840001,1993507.5994],[235547.2894,1993541.3594],[235551.25629999,1993553.5774],[235564.02180001,1993592.8952],[235597.4636,1993695.8959],[235610.5254,1993736.1261],[235624.8972,1993780.3913],[235631.625,1993819.91730001],[235640.6624,1993873.0119],[235647.307,1993912.04920001],[235649.57250001,1993925.35880001],[235650.10160001,1993928.46750001],[235653.2392,1993946.9006],[235654.2111,1993951.0399],[235666.3107,1994002.5696],[235712.31210001,1994198.4803],[235714.83520001,1994209.2258],[235721.21410001,1994236.39230001],[235689.13190001,1994327.18080001],[235675.6252,1994370.15690001],[235665.4571,1994396.96370001],[235648.6116,1994441.3744],[235638.5526,1994470.3909],[235616.6865,1994533.46600001],[235611.0287,1994557.9834],[235600.5867,1994603.23200001],[235597.97440001,1994614.55210001],[235590.9009,1994645.20380001],[235582.14,1994701.6568],[235579.34570001,1994719.6627],[235545.0549,1994891.4867],[235531.1181,1994961.321],[235525.7001,1994988.4696],[235546.35200001,1995054.2905],[235551.17680001,1995069.6681],[235569.4331,1995131.1839],[235585.12320001,1995183.6645],[235592.4519,1995208.1778],[235610.70820002,1995274.8529],[235628.9645,1995338.353],[235649.602,1995417.72820001],[235650.5386,1995426.56000001],[235650.9294,1995430.2444],[235656.7819,1995509.2541],[235655.7764,1995525.6784],[235648.28890001,1995647.9737],[235646.1537,1995682.8489],[235639.6356,1995748.0293],[235636.4278,1995780.10770001],[235633.6529,1995807.8571],[235624.89720001,1995895.41400001],[235622.84650001,1995972.6553],[235621.0552,1996040.1299],[235620.6581,1996055.0869],[235619.7302,1996090.0358],[235614.3353,1996293.24550001],[235614.2689,1996295.7449],[235613.81510001,1996301.509],[235610.146,1996348.10550001],[235608.24770001,1996372.2145],[235606.3779,1996395.9609],[235592.4015,1996573.4606],[235590.45470001,1996598.18580001],[235586.02890001,1996654.3932],[235583.5835,1996685.45],[235580.2472,1996727.82040001],[235578.8414,1996745.67430001],[235566.9024,1996866.25870001],[235566.1218,1996874.1428],[235548.55340001,1997051.5829],[235545.3524,1997083.91330001],[235543.41390001,1997103.49220001],[235538.9989,1997214.75050001],[235536.5538,1997276.367],[235526.9929,1997517.30160001],[235525.7001,1997549.8789],[235511.2871,1997644.3643],[235469.0394,1997921.3212],[235451.9951,1998033.0566],[235430.0458,1998176.946],[235427.6018,1998277.15210001],[235427.5106,1998280.8907],[235425.69480001,1998355.3367],[235422.9603,1998467.4516],[235420.44700001,1998504.73239999],[235411.22190001,1998641.571],[235408.9958,1998674.5915],[235404.084,1998747.45],[235397.9267,1998838.7839],[235381.384,1999084.1673],[235380.4473,1999098.0614],[235380.6098,1999107.81320001],[235381.3876,1999154.4768],[235382.8088,1999239.7516],[235385.09450001,1999376.895],[235385.5191,1999402.3671],[235387.1346,1999499.2994],[235389.40870001,1999635.74520001],[235389.74070001,1999655.6642],[235390.0162,1999672.19610001],[235390.05220001,1999674.35540001],[235391.0756,1999735.75660002],[235392.4787,1999768.88040001],[235393.30610001,1999800.99140001],[235393.89060001,1999823.67410001],[235394.4552,1999845.58410001],[235394.7312,1999876.44450001],[235394.83410001,1999887.94310001],[235394.93740001,1999928.74040001],[235394.77790001,1999983.02610001],[235394.6183,2000005.00570001],[235393.08620001,2000044.3304],[235387.9466,2000176.247],[235383.428,2000292.22280001],[235381.395,2000344.4053],[235377.8206,2000436.148],[235375.75790001,2000489.09100001],[235373.3618,2000550.5895],[235366.963,2000583.43679999],[235352.379,2000658.3009],[235345.9219,2000691.44740001],[235320.22050001,2000823.3813],[235288.33580001,2000872.9799],[235242.3139,2000904.7379],[235239.8098,2000904.06800001],[235148.621,2000902.4958],[235073.1544,2000910.3569],[234986.68230001,2000911.92910001],[234853.04360001,2000929.22360001],[234706.9921,2000942.13420001],[234568.4717,2000954.37910001],[234442.6941,2000960.668],[234169.1278,2000990.5402],[234038.6335,2000998.40130001],[233942.72810001,2001007.8346],[233755.63390001,2001021.9846],[233629.85630001,2001021.9846],[233559.93110001,2000996.08640001],[233460.0565,2000959.09580001],[233359.8016,2000917.7061],[233342.1399,2000968.52910001],[233338.02630001,2000977.73570001],[233309.1233,2001042.42340001],[233263.5289,2001157.19550001],[233255.6678,2001179.20660001],[233263.5289,2001328.56750001],[233287.1122,2001369.4452],[233338.99550001,2001437.0507],[233409.74540001,2001504.6562],[233416.0289,2001511.9212],[233441.4401,2001500.5032],[233466.55470001,2001514.6301],[233488.5299,2001547.59300001],[233513.64450001,2001589.9739],[233541.89840001,2001602.5312],[233559.9311,2001598.9246],[233588.98820001,2001593.1132],[233618.8118,2001591.5435],[233653.3443,2001588.4042],[233673.7499,2001610.37950001],[233687.8769,2001654.33],[233711.4218,2001707.6985],[233728.68810001,2001746.94],[233755.3723,2001806.5871],[233775.7779,2001823.85339999],[233747.524,2001847.3983],[233745.9544,2001875.65220001],[233752.233,2001955.705],[233752.233,2001993.37680001],[233761.65100001,2002029.47900001],[233767.92960001,2002040.4667],[233764.79030001,2002057.7329],[233772.6386,2002089.1262],[233780.48690001,2002114.24080001],[233805.60150001,2002136.216],[233832.2857,2002144.0643],[233858.97,2002147.20360001],[233863.67900001,2002158.1913],[233873.0969,2002175.4575],[233898.21150001,2002178.5969],[233937.453,2002178.59690001],[233971.98560001,2002169.17890001],[233997.1002,2002164.4699],[234011.2271,2002178.59690001],[234041.0507,2002197.4328],[234095.9888,2002219.4081],[234161.9146,2002235.10470001],[234185.45950001,2002230.3957],[234205.8651,2002225.68670001],[234238.82800001,2002231.9654],[234279.6392,2002244.52260001],[234315.74140001,2002293.1821],[234351.8436,2002326.14500001],[234384.80650001,2002348.1203],[234416.19970001,2002341.8416],[234459.13260001,2002361.77470001],[234489.9738,2002387.3618],[234537.06370001,2002398.3495],[234540.20300001,2002377.94390002],[234540.20300001,2002326.14500001],[234552.76030001,2002269.63720001],[234571.5962,2002247.66200001],[234592.0018,2002236.67430001],[234626.53440001,2002228.826],[234660.16450001,2002190.02200001],[234700.23900001,2002185.5693],[234778.1796,2002199.7403],[234934.0606,2002306.02290001],[235119.4454,2002363.4039],[235227.0414,2002396.70740001],[235231.6518,2002398.1344],[235268.21350001,2002413.57160001],[235550.49940001,2002532.759],[235670.9529,2002631.95600001],[235784.32100001,2002745.3241],[235904.6992,2002963.1513],[235928.98760001,2003007.1018],[235933.1166,2003014.57320001],[235961.6121,2003059.45320001],[235974.9783,2003080.50480001],[236018.1426,2003156.28320001],[236145.68160001,2003297.9933],[236170.35580001,2003321.0225],[236251.96420001,2003397.1903],[236285.2827,2003403.59770001],[236360.13696403,2003417.99274315],[236354.22407695,2003325.6478252],[236350.27911893,2003264.03717396],[236346.15928041,2003211.12455551],[236343.7053071,2003179.60726377],[236342.63081825,2003165.80720365],[236340.57148982,2003132.309883],[236337.97602561,2003090.09170339],[236325.56284129,2002888.17713204],[236321.06987116,2002815.09385909],[236314.44341444,2002676.24526759],[236312.97722449,2002645.52320649],[236313.85931714,2002618.64081036],[236315.60471911,2002594.82150554],[236318.30942507,2002571.09198223],[236321.96903319,2002547.49085981],[236326.57758749,2002524.0565487],[236332.12758767,2002500.82718776],[236338.61000118,2002477.8405824],[236346.01427802,2002455.13414289],[236354.32836787,2002432.74482354],[236363.53873969,2002410.70906256],[236373.63040374,2002389.06272277],[236385.03764892,2002366.9680482],[236398.04737326,2002344.76559397],[236408.42818,2002329.93197076],[236414.23910171,2002321.94461961],[236422.27027391,2002310.90544274],[236435.84244137,2002293.8427304],[236449.03693666,2002278.70356155],[236468.98536894,2002256.83477839],[236487.09017799,2002239.00961155],[236503.12743246,2002224.59592695],[236515.76645239,2002214.80963333],[236531.44097779,2002202.67297174],[236556.51111552,2002186.02858042]]]]},"geometry_name":"geometry","properties":{"ogc_fid":41,"zoning":"N","zone_name":"Agriculture Zone","h":10,"e":0,"cos":0}},{"type":"Feature","id":"glup2030_cdudcp_v1.42","geometry":{"type":"MultiPolygon","coordinates":[[[[252805.65457447,1998459.27369792],[252854.10803687,1998543.45180814],[252877.70103958,1998587.26786694],[252935.21247616,1998694.07599637],[252964.11742204,1998747.7572011],[252978.24074673,1998773.9865214],[252992.0229011,1998799.2910418],[253010.77330641,1998833.71744574],[253127.5005092,1999048.03269751],[253149.70083939,1999088.92327234],[253158.56283559,1999111.80877113],[253160.31739233,1999117.08610776],[253162.95600781,1999130.44941844],[253180.48421798,1999236.35098609],[253192.07373905,1999306.37230818],[253196.49566835,1999333.0886266],[253201.86244945,1999365.43364055],[253205.44337567,1999386.70225995],[253222.83574698,1999490.00283179],[253236.42335119,1999570.70529951],[253245.83288252,1999626.59244394],[253257.06785838,1999693.32166732],[253261.23265389,1999718.05814654],[253262.8354682,1999727.57800035],[253267.39158598,1999754.63867432],[253294.4345341,1999915.26278226],[253317.1899736,2000050.9814166],[253323.91651468,2000091.09985199],[253346.80603193,2000220.98960875],[253351.10974722,2000245.4116535],[253356.51539809,2000286.4045507],[253357.19680705,2000291.57190201],[253358.32109286,2000299.1325276],[253371.75484463,2000371.44037322],[253376.89160505,2000399.08906209],[253382.59539389,2000429.79003103],[253384.38897108,2000439.44407133],[253392.9178537,2000485.35134779],[253396.62837364,2000505.32346752],[253401.78889143,2000534.03648016],[253403.36893666,2000542.82793573],[253403.94829571,2000547.824846],[253403.94829571,2000558.46141238],[253404.61812101,2000571.43834846],[253404.41345996,2000575.40598626],[253403.03709412,2000602.08874317],[253402.69258318,2000607.36156522],[253400.57482118,2000618.85647131],[253398.89905517,2000626.30273943],[253392.57256759,2000649.69213632],[253389.46429921,2000661.18358741],[253386.62578906,2000670.17369436],[253369.9711,2000726.258],[253367.97030629,2000729.25919223],[253365.08387526,2000738.40107379],[253318.48449682,2000891.27848716],[253278.13155355,2001023.66337713],[253255.67831919,2001094.17430097],[253236.90762227,2001156.41411954],[253236.25535031,2001158.5769366],[253235.40383531,2001161.40040789],[253232.01648835,2001172.63210043],[253230.75384169,2001176.81878067],[253225.67461418,2001193.6604689],[253220.59867217,2001209.20552833],[253197.88860992,2001281.69625264],[253176.61705428,2001348.9471307],[253116.797897,2001538.06780065],[253090.73449998,2001623.63438597],[253104.8332,2001625.8146],[253214.6585,2001611.6436],[253261.3729,2001576.0787],[253295.7688,2001466.8056],[253331.8044,2001352.4619],[253337.0439,2001335.8366],[253368.794,2001238.602],[253375.6275,2001215.9435],[253379.015,2001204.7113],[253380.5187,2001199.7253],[253398.9565,2001138.5893],[253444.2004,2000996.5078],[253501.3505,2000810.373],[253511.7122,2000775.7352],[253515.0123,2000764.7036],[253529.1318,2000717.5041],[253541.8318,2000665.9102],[253542.3536,2000663.6621],[253549.981,2000630.8],[253552.6268,2000612.2791],[253554.2143,2000593.7582],[253554.2143,2000587.5215],[253554.2143,2000573.6498],[253565.377,2000578.1104],[253574.0869,2000582.3817],[253584.7032,2000587.0465],[253589.1394,2000588.9957],[253599.6341,2000595.1556],[253606.5519,2000599.2161],[253613.4811,2000603.2832],[253631.4728,2000614.3958],[253644.8165,2000625.8332],[253672.0425,2000649.6861],[253676.4521,2000653.5542],[253693.9146,2000671.0167],[253695.76840443,2000672.46356427],[253699.10892382,2000654.14225286],[253701.78487329,2000634.09702651],[253702.63877421,2000617.54297518],[253703.97501974,2000591.63800595],[253705.35871317,2000575.04797131],[253704.72297346,2000563.76845927],[253704.21450815,2000554.74267864],[253703.94829571,2000550.01740615],[253703.94829571,2000530.49138577],[253700.29427417,2000498.97583836],[253698.51921829,2000489.09933319],[253697.0579071,2000480.96852011],[253691.74185476,2000451.39011649],[253679.34183965,2000384.64621264],[253677.54825356,2000374.99212438],[253671.84438741,2000344.29073932],[253666.34973951,2000314.71571578],[253654.27632408,2000249.72993732],[253653.94055569,2000247.18369363],[253647.68524531,2000199.7475381],[253642.25362754,2000168.92505026],[253619.58043563,2000040.26286188],[253613.06005012,2000001.37397942],[253590.08610657,1999864.35232125],[253563.22779957,1999704.82969188],[253558.67174566,1999677.76939732],[253556.76480995,1999666.44322616],[253552.90407687,1999643.51271401],[253541.66910101,1999576.78349062],[253540.42540172,1999569.39664005],[253532.25956968,1999520.8963462],[253518.67196547,1999440.19387848],[253501.27959415,1999336.89330661],[253497.33926359,1999313.52606124],[253488.04704489,1999257.38453184],[253476.45752382,1999187.36320975],[253458.17196443,1999076.88590569],[253457.43139257,1999073.13526756],[253450.96806023,1999040.40161667],[253442.2863243,1999014.28878603],[253440.94687119,1999010.25999358],[253426.37969381,1998972.64125479],[253423.33948368,1998965.94656913],[253418.00355575,1998954.19660493],[253390.95802916,1998904.54006642],[253274.23082637,1998690.22481465],[253255.48042106,1998655.79841071],[253242.04201236,1998631.12501945],[253228.2594056,1998605.52846798],[253199.35445972,1998551.84726326],[253135.13328856,1998432.57806102],[253127.78139382,1998418.92439189],[253116.10568956,1998393.93235013],[253108.72325743,1998377.18681896],[252805.65457447,1998459.27369792]]]]},"geometry_name":"geometry","properties":{"ogc_fid":42,"zoning":"UF","zone_name":"Zone of Villages surrounded by Rice Field","h":10,"e":0.4,"cos":1}},{"type":"Feature","id":"glup2030_cdudcp_v1.43","geometry":{"type":"MultiPolygon","coordinates":[[[[250841.22721692,1992081.73603972],[250842.86520822,1992085.70840763],[250868.41475634,1992147.66979011],[250929.1763,1992295.0254],[250945.5555314,1992335.54805802],[251010.6681,1992496.6383],[251012.1722,1992500.4726],[251086.6432,1992696.2334],[251135.1854,1992825.9682],[251175.4373,1992933.546],[251179.5542052,1992944.448216],[251204.5464,1993010.6315],[251232.7319,1993085.2742],[251276.3238,1993201.9735],[251283.5569,1993221.3372],[251362.932,1993434.0626],[251365.4616,1993441.2579],[251378.5641,1993480.9293],[251384.5117,1993498.9372],[251386.5273,1993505.4059],[251404.4736,1993566.6343],[251459.1237,1993751.978],[251460.5529,1993757.0726],[251467.0864,1993781.4392],[252068.9673,1993699.8865],[252277.44134743,1993671.6309513],[252333.56056514,1993664.0248281],[252358.5543,1993660.6373],[252421.40149763,1993652.11926828],[252400.69777494,1993626.51208879],[252398.00164265,1993622.85957611],[252383.03481834,1993601.85997649],[252366.7511,1993579.0628],[252288.9419,1993516.2695],[252198.69969437,1993372.28765034],[252187.55834618,1993354.5115786],[252167.9796,1993323.2736],[252158.92761822,1993313.98751969],[252076.2060236,1993229.12661408],[252009.8686,1993161.0736],[251986.55371572,1993110.11587249],[251973.6747,1993081.9671],[251956.4296,1993039.761],[251952.28407097,1993032.17341374],[251930.61127479,1992992.50556689],[251919.92709907,1992973.12466928],[251905.42848661,1992946.83679944],[251889.23099708,1992917.46864455],[251797.6007,1992751.331],[251792.39125142,1992740.18927525],[251728.46250702,1992603.46146929],[251726.6517,1992599.5886],[251687.4300288,1992511.22592822],[251666.04853165,1992463.0554613],[251659.64782227,1992448.63527562],[251606.993,1992330.009],[251605.53603169,1992320.28042091],[251582.4259,1992165.9677],[251571.15804902,1992143.21939863],[251567.23791997,1992135.30517638],[251541.3241,1992082.9886],[251516.17111963,1992059.40769832],[251496.88288149,1992041.32498842],[251491.07244939,1992033.38594639],[251431.59167805,1991948.62609181],[251425.84198322,1991940.43280031],[251414.16606858,1991923.79466996],[251405.5881,1991911.5711],[251348.3059,1991910.1701],[251342.7130794,1991896.28445582],[251308.1029,1991910.3188],[251246.81825171,1991935.04213261],[251204.0685,1991951.69970001],[251176.1295,1991961.38990001],[251165.9684,1991964.8231],[251124.7992,1991979.3223],[251075.1632,1991996.67900001],[251024.7865,1992014.98820001],[250987.4063,1992028.9777],[250941.0912,1992046.311],[250898.70822427,1992061.348913],[250868.396,1992072.104],[250841.22721692,1992081.73603972]]]]},"geometry_name":"geometry","properties":{"ogc_fid":43,"zoning":"UDb","zone_name":"Zone of Surroundings of Urban Area relevant to Ag*","h":20,"e":0.5,"cos":2}},{"type":"Feature","id":"glup2030_cdudcp_v1.44","geometry":{"type":"MultiPolygon","coordinates":[[[[255290.831,1998078.6172],[255289.2509,1998064.73910001],[255287.1514,1998046.2998],[255283.2656,1998012.17010001],[255282.44930001,1998005.0006],[255278.2737,1997963.5821],[255273.6712,1997917.9279],[255269.4648,1997886.02430001],[255266.4221,1997856.5232],[255263.644,1997819.8783],[255262.8228,1997775.8888],[255262.4306,1997756.1278],[255262.1888,1997743.9428],[255261.77630001,1997721.5026],[255261.2441,1997692.5542],[255261.1614,1997688.05490001],[255260.8658,1997671.976],[255259.5429,1997606.6237],[255259.0137,1997565.34870001],[255258.3523,1997514.5486],[255257.534,1997492.5523],[255256.1033,1997454.0911],[255254.7541,1997394.62160001],[255254.367,1997377.5603],[255253.7981,1997317.9627],[255253.79810001,1997311.0229],[255253.7981,1997297.4719],[255253.79810001,1997291.91560001],[255253.7981,1997258.5901],[255253.08361941,1997222.79904304],[255252.63400001,1997200.2758],[255252.2106,1997148.52320001],[255252.0147,1997140.38560001],[255250.8348,1997091.3731],[255249.8823,1997032.21220001],[255249.15345787,1996996.37790028],[255249.14873103,1996996.14549938],[255248.6123,1996969.7704],[255248.3884,1996948.54300001],[255248.0831,1996919.6053],[255247.0248,1996859.80930001],[255245.9162,1996791.79280001],[255244.77234409,1996746.88229603],[255243.4506,1996694.98610001],[255243.1096,1996672.10850001],[255240.5455,1996608.8711],[255240.4979,1996600.6152],[255240.2475,1996557.1686],[255238.76580001,1996485.2018],[255238.69650001,1996479.7262],[255237.9191,1996418.31500001],[255237.21904125,1996391.1998502],[255237.025,1996383.6841],[255236.3316,1996356.8257],[255235.3791,1996302.63890001],[255234.3208,1996242.20800001],[255234.20280001,1996233.5051],[255233.4741,1996179.7662],[255232.5286,1996129.0221],[255231.46330001,1996079.2243],[255231.2221,1996057.0333],[255230.8283,1996020.80420001],[255230.5108,1995972.1208],[255230.2991,1995924.60150001],[255228.54930001,1995891.07610001],[255229.4525,1995854.6455],[255228.87314627,1995822.45916108],[255228.7000522,1995810.25542277],[255228.5,1995801.7288],[255228.427,1995796.2802],[255227.75910001,1995746.3778],[255227.6166965,1995733.87530004],[255227.2299,1995699.91690001],[255226.5949,1995640.3326],[255226.06660001,1995612.57080001],[255225.4308,1995579.1608],[255224.8407,1995537.6433],[255224.1127,1995486.42170001],[255224.03480001,1995480.9404],[255223.98189139,1995477.22000013],[255223.94910001,1995474.9148],[255224.0193,1995455.10760001],[255224.07160001,1995440.35980001],[255224.16690001,1995413.4587],[255224.2023,1995403.46390001],[255224.0939,1995396.21350001],[255219.461,1995392.61810001],[255198.71920001,1995376.5194],[255166.2691746,1995351.33343708],[255166.25691637,1995351.3239317],[255149.6839,1995338.48460001],[255158.9361,1995338.1475],[255186.5278,1995337.1424],[255222.1626,1995334.38],[255241.1379,1995332.909],[255263.1342,1995331.7892],[255276.0781,1995331.1303],[255299.3463,1995329.9457],[255331.0964,1995326.3474],[255347.3948,1995322.749],[255354.9301,1995321.395],[255374.4882,1995317.8807],[255399.0415,1995316.1873],[255432.0616,1995315.5523],[255498.7367,1995312.8007],[255548.0552,1995311.1073],[255603.3003,1995306.874],[255643.3054,1995300.9473],[255660.2387,1995297.5606],[255689.0255,1995294.809],[255736.4389,1995292.4806],[255781.3123,1995287.6123],[255795.494,1995286.5539],[255805.8124,1995285.5854],[255834.8641,1995282.1089],[255864.4975,1995278.2989],[255890.1092,1995273.6423],[255915.9326,1995273.8539],[255944.7193,1995270.4672],[255969.4844,1995267.9272],[256003.2725,1995265.3869],[256008.7784,1995265.4413],[256024.7295,1995265.5989],[256052.8812,1995262.4239],[256090.9113,1995258.4688],[256105.798,1995256.9206],[256150.0364,1995252.6872],[256189.3365,1995249.0314],[256195.5448,1995248.4539],[256291.43,1995239.1405],[256298.0643,1995238.399],[256363.3968,1995231.0972],[256404.4431,1995227.1944],[256427.9553,1995224.9588],[256473.252,1995220.9371],[256503.9968,1995219.1956],[256536.1172,1995214.1638],[256576.9518,1995211.3107],[256584.5889,1995210.7771],[256627.5471,1995206.8549],[256633.2723,1995206.3321],[256677.4937,1995202.262],[256718.3625,1995198.5004],[256791.3877,1995190.8804],[256818.4811,1995187.0704],[256857.0045,1995184.9537],[256893.4112,1995178.1804],[256914.7896,1995175.4287],[256939.5546,1995175.2171],[256945.1367,1995175.4095],[256957.9697,1995175.8521],[256969.6114,1995177.5454],[256984.428,1995178.3921],[256993.7414,1995178.8154],[256998.1693,1995176.6966],[257025.0829,1995163.818],[257051.2767,1995150.0597],[257079.3226,1995140.2701],[257098.6373,1995133.1263],[257106.3631,1995127.9934],[257111.2844,1995123.8659],[257114.1419,1995120.6909],[257117.4756,1995114.0233],[257118.7456,1995103.7046],[257121.6031,1995084.337],[257122.2381,1995073.542],[257116.6819,1995056.397],[257108.5856,1995032.1082],[257101.6006,1995015.9156],[257096.5206,1994998.9294],[257091.7581,1994988.6106],[257081.5981,1994977.9743],[257067.7868,1994965.2743],[257059.2143,1994953.6855],[257054.1343,1994944.0017],[257050.0067,1994935.2705],[257048.4192,1994922.0942],[257050.3242,1994912.7279],[257053.9755,1994904.6317],[257060.643,1994897.6467],[257073.1843,1994886.6929],[257081.9156,1994877.6441],[257087.9307,1994873.6341],[257094.2981,1994869.3891],[257125.5757,1994856.015],[257129.9321,1994854.1522],[257148.1884,1994844.3626],[257156.6551,1994833.5147],[257157.978,1994820.55],[257156.3905,1994808.4321],[257155.5967,1994800.4946],[257156.708,1994791.9221],[257158.4542,1994785.2546],[257164.8042,1994779.0633],[257171.6305,1994770.0145],[257177.1868,1994760.6483],[257183.0605,1994747.1545],[257188.4798,1994735.4789],[257192.1639,1994737.624],[257198.8314,1994741.7515],[257205.9751,1994744.609],[257218.9927,1994746.1965],[257231.6927,1994748.5778],[257248.044,1994752.3878],[257257.4102,1994755.404],[257265.189,1994756.9915],[257273.444,1994755.8803],[257284.5204,1994753.0195],[257288.1901,1994752.0717],[257297.4153,1994749.689],[257305.8291,1994748.2603],[257315.8304,1994748.2603],[257321.7041,1994747.4665],[257333.4516,1994744.7678],[257348.2154,1994740.0053],[257367.7417,1994734.7665],[257419.3356,1994722.8602],[257435.3694,1994719.5265],[257446.4819,1994716.669],[257456.4831,1994712.859],[257463.3094,1994711.4302],[257466.9607,1994710.6365],[257471.5644,1994710.4777],[257476.0094,1994711.7477],[257480.6132,1994713.494],[257484.5819,1994714.2877],[257500.9332,1994714.6052],[257511.4108,1994714.129],[257526.1745,1994716.8277],[257535.435,1994718.574],[257551.0454,1994715.9281],[257561.8934,1994715.1344],[257591.5267,1994715.6635],[257602.65300082,1994717.25299419],[257621.1601,1994719.8969],[257625.2237,1994720.1202],[257645.2373,1994721.2198],[257660.8477,1994720.1615],[257666.4817,1994720.8017],[257672.4894,1994721.4844],[257679.6332,1994723.6011],[257689.1582,1994724.1302],[257698.4186,1994724.1302],[257707.4922,1994723.9005],[257740.2229,1994723.0719],[257761.3896,1994722.5427],[257773.825,1994724.924],[257779.6459,1994728.6282],[257791.5521,1994733.3907],[257800.548,1994734.9782],[257807.9563,1994736.0365],[257818.2751,1994743.4449],[257830.9751,1994750.0595],[257843.6752,1994755.6157],[257856.3752,1994759.5845],[257864.3127,1994760.1136],[257879.394,1994758.7907],[257884.8795,1994757.423],[257889.4041,1994756.2948],[257896.6961,1994754.3379],[257901.2205,1994752.4329],[257904.3955,1994750.7661],[257909.8724,1994749.496],[257914.873,1994749.0198],[257918.8418,1994749.1785],[257925.4299,1994749.0992],[257930.6687,1994748.3054],[257934.955,1994747.5117],[257939.4,1994745.6067],[257953.5287,1994740.3679],[257966.5463,1994736.0816],[257975.595,1994734.1766],[257983.3738,1994732.9066],[257990.6763,1994731.9541],[258001.9476,1994729.5729],[258011.4726,1994726.8741],[258024.1726,1994722.9054],[258033.5389,1994720.8416],[258045.2798,1994718.1627],[258057.3448,1994713.4002],[258066.5524,1994708.1614],[258081.6336,1994699.5889],[258098.4612,1994689.2701],[258110.3674,1994681.6501],[258125.29,1994671.6489],[258138.9425,1994662.6001],[258144.8163,1994660.2188],[258147.1812,1994659.462],[258156.7225,1994656.4088],[258169.7401,1994653.0751],[258181.0113,1994649.4238],[258192.1239,1994645.7726],[258201.8076,1994641.1688],[258229.9064,1994631.9613],[258256.894,1994621.4838],[258274.674,1994614.1812],[258293.4066,1994606.2437],[258312.829,1994598.8646],[258318.2894,1994597.2313],[258336.5357,1994591.7737],[258356.6441,1994586.1646],[258389.0821,1994577.1158],[258391.8935,1994576.4129],[258187.8513,1994117.5488],[257854.4756,1993365.0723],[257807.14320459,1993258.53719796],[257624.036,1992846.402],[257804.313,1992777.38],[257499.828,1991997.91],[257588.03817036,1991799.47014309],[257652.737,1991653.922],[257424.119,1991566.094],[257918.77499276,1990678.92999596],[257927.298,1990663.644],[257939.6735,1990644.6329],[257972.5607,1990727.902],[257979.3877,1990745.1877],[257980.9734,1990748.9248],[258006.3276,1990808.6795],[258039.9312,1990887.876],[258075.8285,1990972.4784],[258095.9609,1991023.6075],[258099.1674,1991031.7509],[258114.6763,1991071.1379],[258124.0489,1991094.9411],[258138.601,1991133.0412],[258157.3013,1991179.9766],[258216.7855,1991329.2742],[258224.6574,1991349.9066],[258228.7282,1991360.5763],[258256.6938,1991433.8752],[258267.5042,1991462.2095],[258283.4607,1991504.0318],[258346.2993,1991672.5717],[258372.4004,1991739.1746],[258377.3958,1991751.9215],[259289.37085936,1991725.78780673],[259500.2473,1991719.7449],[259519.7032,1991648.747],[259539.6528,1991593.1733],[259564.5184,1991523.9047],[259606.14630381,1991407.94120137],[259622.3009,1991362.9391],[259659.7743,1991258.549],[259674.1807,1991218.4169],[259711.8807,1991113.3954],[259730.63057024,1991061.16378932],[259731.3387,1991059.1911],[259733.7964,1991052.3447],[259738.658,1991038.8014],[259739.6154,1991036.1346],[259764.8601,1990965.81],[259794.5968,1990882.9719],[259858.9335424,1990703.7481567],[259982.725,1990358.9006],[260009.5575,1990285.9902],[260097.76292647,1990046.31470974],[260117.6201,1989992.358],[260161.19066755,1989873.96628806],[260311.23508016,1989466.25935978],[260351.386,1989357.1596],[260365.3351,1989319.2566],[260432.8903,1989135.6927],[260462.2303,1989055.9691],[260455.1775,1989051.0573],[260439.2277,1989043.1446],[260414.4934,1989029.5407],[260406.0354,1989027.6946],[260373.4916,1989019.2279],[260344.3874,1989013.1424],[260311.8436,1989010.232],[260301.5611,1989009.6726],[260294.2157,1989009.2729],[260287.9979,1989010.5958],[260276.7531,1989014.1677],[260255.593,1989023.5869],[260210.508,1989043.9069],[260195.4097,1989052.6954],[260167.9629,1989068.672],[260142.2056,1989082.0566],[260119.0281,1989094.2804],[260098.5493,1989105.3929],[260080.1343,1989112.0604],[260053.7486,1989116.7568],[260017.5225,1989121.111],[259963.7901,1989121.8192],[259928.0713,1989121.29],[259893.94,1989118.115],[259872.7261,1989114.172],[259865.2326,1989112.7792],[259833.4826,1989106.4953],[259799.7481,1989097.8964],[259775.6048,1989090.2896],[259752.7845,1989084.0057],[259721.6959,1989078.3833],[259682.7491,1989072.6286],[259666.4133,1989070.6683],[259624.7643,1989065.6704],[259613.2959,1989064.2942],[259596.6967,1989062.4957],[259574.9577,1989060.1403],[259550.0868,1989058.0236],[259528.1263,1989053.2611],[259505.3721,1989045.8527],[259479.0263,1989035.7047],[259469.6533,1989032.0944],[259445.047,1989022.0402],[259416.7365,1989005.3714],[259392.6925,1988988.9672],[259374.5023,1988972.7614],[259372.8588,1988971.0415],[259360.2809,1988957.8786],[259339.1142,1988934.3968],[259316.767,1988914.4157],[259311.0022,1988909.2613],[259299.0024,1988902.716],[259290.1213,1988898.1787],[259275.9448,1988892.0634],[259255.7703,1988887.7639],[259223.372,1988882.7765],[259192.4157,1988877.6171],[259157.8875,1988868.0921],[259126.5343,1988857.7733],[259106.2937,1988850.2326],[259094.3854,1988843.2141],[259089.5801,1988840.382],[259085.8678,1988838.1941],[259064.9099,1988823.6468],[259060.4071,1988820.5214],[259055.7546,1988817.292],[259040.8885,1988806.9732],[259000.1426,1988781.5731],[258965.2175,1988752.9981],[258932.0027,1988725.6943],[258926.1914,1988720.9173],[258891.7955,1988693.4667],[258868.3137,1988678.2531],[258846.1548,1988669.6542],[258815.3969,1988658.4093],[258791.2537,1988650.4718],[258757.5192,1988642.5343],[258726.0999,1988637.9041],[258677.8263,1988638.7233],[258651.2888,1988637.5998],[258619.1154,1988638.8698],[258596.6787,1988642.8915],[258584.402,1988646.0562],[258557.7584,1988657.4701],[258486.3208,1988687.8972],[258449.8082,1988703.3754],[258427.98,1988708.1379],[258405.3581,1988711.3129],[258377.9737,1988712.9004],[258356.9392,1988714.8848],[258322.8079,1988721.2348],[258252.9578,1988732.3473],[258187.8646,1988740.2683],[258155.1224,1988746.8829],[258129.6562,1988755.1511],[258118.7421,1988760.4428],[258076.078,1988784.2554],[258002.3252,1988828.9039],[257955.3616,1988859.331],[257900.8441,1988895.5129],[257851.7373,1988928.5329],[257826.9723,1988946.313],[257804.906,1988964.6089],[257786.7026,1988982.389],[257769.3459,1989004.8257],[257746.4858,1989039.5391],[257722.7527,1989077.274],[257701.586,1989115.9033],[257688.3568,1989143.1554],[257661.3692,1989186.8118],[257642.8307,1989217.1684],[257621.9286,1989248.6538],[257600.7619,1989278.2872],[257587.2097,1989296.7181],[257574.3035,1989314.2706],[257539.7102,1989355.4068],[257509.4419,1989391.3902],[257490.8151,1989411.7102],[257478.1151,1989421.6586],[257454.4084,1989432.4536],[257422.235,1989443.8836],[257387.4408,1989456.0248],[257362.8345,1989406.0185],[257326.3219,1989329.8183],[257301.3029,1989343.0538],[257235.6861,1989378.6139],[257203.5127,1989398.299],[257188.2727,1989407.824],[257176.2077,1989418.4073],[257169.4343,1989426.0273],[257157.1577,1989443.8074],[257137.0493,1989474.7108],[257111.8609,1989513.8692],[257108.1791,1989519.9274],[257088.5775,1989552.1809],[257069.3158,1989582.2377],[257051.7511,1989608.7371],[257032.6974,1989637.4828],[257017.884,1989661.2589],[257015.4584,1989665.152],[257012.8152,1989665.735],[256897.7213,1989691.1351],[256807.0219,1989716.3234],[256746.6298,1989742.7123],[256713.7397,1989756.6158],[256701.732,1989765.8974],[256683.111,1989780.6259],[256665.7585,1989794.613],[256647.148,1989810.2084],[256634.2262,1989822.6254],[256621.9963,1989837.1423],[256617.8721,1989843.7035],[256608.8195,1989860.2657],[256601.2896,1989875.7558],[256588.6392,1989896.125],[256576.6948,1989917.2897],[256564.9543,1989938.4437],[256551.7328,1989962.031],[256539.1506,1989984.8692],[256532.0665,1989997.6563],[256522.3284,1990015.2338],[256510.2562,1990037.2602],[256493.4097,1990067.4568],[256481.2943,1990089.1592],[256464.5965,1990120.7582],[256454.8565,1990138.6326],[256438.9343,1990165.7004],[256426.771,1990187.0654],[256413.7079,1990209.4296],[256405.0533,1990227.2665],[256390.5529,1990252.7227],[256373.2119,1990281.8007],[256357.8265,1990309.1993],[256346.4908,1990329.4341],[256322.9728,1990370.8553],[256303.6472,1990404.6148],[256289.1266,1990429.9804],[256269.4313,1990465.3472],[256232.5563,1990529.1367],[256194.4546,1990594.7564],[256159.5268,1990655.0861],[256126.5513,1990711.7364],[256113.8349,1990734.626],[256091.1238,1990773.0437],[256076.2488,1990798.3313],[256062.2336,1990820.8405],[256041.9741,1990853.9733],[256025.4867,1990881.875],[256015.9589,1990897.7735],[255989.6544,1990941.6663],[255962.3193,1990985.5295],[255929.3844,1991039.0983],[255909.7003,1991071.1146],[255884.7465,1991114.2551],[255851.0602,1991170.1871],[255827.1357,1991210.4141],[255785.1912,1991279.6861],[255749.0829,1991338.5996],[255734.4976,1991364.5994],[255706.9057,1991410.4446],[255674.7473,1991464.0419],[255669.3162,1991475.179],[255658.1661,1991498.0439],[255655.278,1991503.6408],[255630.9569,1991550.7747],[255622.5154,1991570.0964],[255621.3478,1991572.769],[255605.9336,1991599.7966],[255596.7526,1991621.7058],[255581.6221,1991653.0324],[255550.884,1991717.6883],[255538.414,1991742.1441],[255529.0646,1991760.4797],[255505.1417,1991809.8074],[255497.9594,1991823.8218],[255479.0616,1991860.6954],[255456.6084,1991904.7547],[255441.4149,1991933.8756],[255421.5959,1991974.7785],[255416.1981,1991986.0905],[255397.27,1992025.7571],[255376.7783,1992068.8532],[255374.8304,1992073.1386],[255356.707,1992113.0101],[255343.4579,1992142.212],[255335.8603,1992158.9578],[255315.7421,1992197.9236],[255301.5874,1992228.7681],[255282.912,1992266.119],[255265.1283,1992302.7448],[255239.4905,1992353.8086],[255227.7296,1992377.3303],[255220.6414,1992391.5068],[255200.7769,1992430.6018],[255183.4342,1992466.5561],[255176.5457,1992480.3331],[255160.4994,1992512.4258],[255155.8833,1992521.2306],[255141.3438,1992548.9633],[255137.5997,1992556.1049],[255130.877,1992575.8085],[255119.6156,1992603.1055],[255111.9956,1992620.4093],[255109.6922,1992625.2164],[255108.3444,1992628.0293],[255097.3906,1992641.3643],[255075.1655,1992672.7969],[255055.6393,1992701.3719],[255036.113,1992728.9945],[255021.6054,1992749.5824],[255014.5229,1992759.6333],[254996.1079,1992786.4621],[254982.9316,1992807.0996],[254966.1041,1992835.5159],[254952.4516,1992857.5822],[254934.1953,1992886.6335],[254916.0977,1992917.7486],[254903.239,1992942.3549],[254884.9827,1992974.105],[254868.6314,1993002.2038],[254853.4389,1993029.8397],[254851.9626,1993032.5251],[254840.0563,1993054.2739],[254826.0863,1993079.0389],[254812.275,1993103.3277],[254798.305,1993127.299],[254786.3987,1993149.3653],[254774.0162,1993170.9554],[254760.3637,1993195.4029],[254745.2824,1993221.9142],[254731.7377,1993245.851],[254726.8674,1993254.458],[254714.8023,1993276.0481],[254695.1173,1993310.1794],[254681.306,1993336.6907],[254663.0497,1993367.9645],[254641.1422,1993404.7946],[254618.9171,1993446.7047],[254614.9484,1993460.5159],[254607.9634,1993479.2485],[254589.7071,1993536.7161],[254582.0646,1993561.6939],[254576.6896,1993579.2612],[254568.7432,1993607.1837],[254565.2595,1993619.425],[254554.4645,1993654.3501],[254542.3039,1993692.4472],[254534.1445,1993718.009],[254517.8582,1993771.037],[254514.3007,1993782.6203],[254506.822,1993807.2753],[254500.0245,1993829.6848],[254488.7086,1993865.5746],[254481.4209,1993892.0328],[254471.5968,1993926.6069],[254463.9555,1993950.7064],[254462.4278,1993955.5246],[254453.0231,1993985.1857],[254446.9716,1994005.565],[254442.228,1994021.5396],[254437.6157,1994038.3326],[254436.3474,1994042.9571],[254434.8375,1994048.4621],[254434.4684,1994051.566],[254329.6788,1994020.7324],[254203.944,1993983.7359],[254009.4749,1993908.3295],[253986.8062,1993897.6619],[253807.0682,1993813.0793],[253713.259,1993758.3573],[253664.1929,1993729.7354],[253611.0255948,1993689.85988143],[253485.38093511,1993738.46547834],[253428.59150332,1993760.43445209],[253212.71299633,1993843.94698433],[253177.0893,1993857.728],[253173.72769471,1993858.14619125],[253135.27717628,1993862.92952205],[253095.71225314,1993867.85148731],[253023.8284,1993876.794],[252935.8305178,1993882.75995345],[252927.8663,1993883.2999],[252866.0004,1993868.6199],[252775.539,1993830.4661],[252690.47102141,1993822.94849973],[252626.5037,1993817.2956],[252593.22231373,1993797.73850124],[252535.2471,1993763.6706],[252458.1168,1993697.5302],[252421.40149763,1993652.11926828],[252358.5543,1993660.6373],[252333.56056514,1993664.0248281],[252277.44134743,1993671.6309513],[252068.9673,1993699.8865],[251467.0864,1993781.4392],[251267.2891,1993808.542],[251276.5642,1993843.3691],[251286.726,1993881.5262],[251296.251,1993920.6846],[251298.5762,1993931.019],[251301.0135,1993941.8513],[251307.5311,1993968.4993],[251311.5047,1993991.2053],[251315.8655,1994016.1244],[251320.924,1994044.1076],[251325.0518,1994066.9425],[251328.7032,1994087.1413],[251334.5187,1994119.3121],[251348.8062,1994199.8779],[251349.2257,1994202.0977],[251355.2475,1994233.961],[251359.9628,1994258.9109],[251361.4327,1994269.5138],[251362.7983,1994279.3636],[251363.9977,1994288.0152],[251364.9926,1994295.341],[251365.2803,1994297.4599],[251367.2183,1994311.7304],[251367.6357,1994314.8043],[251368.4932,1994323.165],[251369.165,1994329.7152],[251370.2816,1994340.6012],[251372.5967,1994375.6586],[251372.7426,1994380.1336],[251373.1278,1994391.945],[251373.5889,1994406.0857],[251375.7937,1994481.2716],[251378.1088,1994564.2848],[251378.2656,1994570.6029],[251378.3627,1994574.5135],[251378.9184,1994596.8973],[251379.108,1994604.5372],[251379.2175,1994608.9465],[251379.4522,1994618.4004],[251379.6062,1994624.6064],[251379.7184,1994629.1244],[251379.9825,1994642.0831],[251380.0771,1994646.7291],[251380.1237,1994649.0131],[251380.5843,1994671.6153],[251380.7355,1994679.0348],[251380.8264,1994683.4956],[251381.0744,1994695.6675],[251381.604,1994721.6592],[251381.8399,1994733.2319],[251381.931,1994737.7063],[251382.3375,1994757.6526],[251382.6991,1994775.3962],[251383.1287,1994796.4816],[251383.6479,1994811.4325],[251384.4095,1994833.3645],[251385.04,1994851.5215],[251385.2829,1994858.5182],[251385.7896,1994873.1111],[251386.7597,1994901.0471],[251387.9338,1994934.8609],[251388.4978,1994951.101],[251388.9006,1994962.7014],[251389.2871,1994973.8341],[251389.4065,1994977.2706],[251389.8965,1994994.6658],[251390.5507,1995017.888],[251390.7034,1995023.3094],[251390.8434,1995028.2822],[251392.1824,1995053.2856],[251392.9009,1995063.0387],[251394.8845,1995089.9626],[251395.81,1995102.5259],[251397.4101,1995116.5189],[251400.3728,1995136.2177],[251404.1097,1995160.56],[251406.0208,1995175.4034],[251406.7048,1995180.7163],[251409.3421,1995190.0203],[251420.0272,1995227.7157],[251422.8792,1995237.7769],[251431.3916,1995265.8366],[251435.7735,1995277.4917],[251445.5578,1995303.5166],[251457.3371,1995334.8479],[251460.4619,1995342.8214],[251468.8465,1995364.2167],[251471.2358,1995369.2494],[251473.1793,1995373.3431],[251482.4749,1995392.9231],[251487.4997,1995403.5074],[251515.8143,1995459.2608],[251525.9967,1995479.3107],[251536.5323,1995499.9432],[251574.3672,1995574.0373],[251575.5687,1995576.3904],[251582.6312,1995590.4438],[251615.68,1995656.3067],[251627.681,1995679.765],[251628.7205,1995681.7969],[251633.2736,1995692.5546],[251640.0881,1995708.6549],[251649.0617,1995729.8566],[251660.9487,1995752.7902],[251681.5805,1995792.5949],[251697.6052,1995823.5112],[251701.4493,1995830.9276],[251703.6196,1995835.4991],[251705.6743,1995839.8269],[251719.6899,1995869.348],[251729.2073,1995889.3947],[251730.9663,1995892.8079],[251753.5704,1995936.6718],[251756.7791,1995942.8984],[251776.5333,1995981.2319],[251782.7902,1995993.3735],[251795.9431,1996018.897],[251801.4629,1996029.6082],[251810.5548,1996047.2514],[251818.2743,1996062.512],[251843.663,1996112.7027],[251848.7894,1996122.8371],[251868.596,1996161.9928],[251879.2673,1996183.0887],[251901.2277,1996226.7451],[251911.9177,1996247.6397],[251937.4889,1996297.6212],[251959.3536,1996340.3581],[251969.2258,1996359.6544],[251976.3753,1996374.7739],[251985.3654,1996393.7857],[251996.2434,1996416.0948],[252000.9758,1996425.8003],[252025.4508,1996481.9304],[252035.4067,1996504.7629],[252038.8554,1996512.672],[252065.5784,1996577.4951],[252066.5041,1996579.8793],[252072.5082,1996595.3424],[252084.9343,1996627.3457],[252094.1782,1996651.153],[252094.9052,1996653.0252],[252110.2754,1996692.3439],[252121.4692,1996720.0558],[252134.8952,1996753.2942],[252151.6076,1996794.6685],[252160.7623,1996817.3322],[252179.2452,1996863.0899],[252188.6354,1996886.3367],[252213.0388,1996946.7513],[252222.0803,1996969.1351],[252223.3434,1996972.2621],[252225.0431,1996976.4699],[252239.9374,1997013.2677],[252242.9902,1997020.8098],[252248.2907,1997033.429],[252256.264,1997052.4055],[252267.8395,1997080.3852],[252272.7601,1997092.1547],[252275.6431,1997099.0506],[252283.8862,1997118.7672],[252285.5081,1997122.6466],[252287.4187,1997127.2166],[252294.8134,1997145.2547],[252312.6133,1997188.6749],[252326.1252,1997218.8522],[252340.1241,1997249.9703],[252357.1983,1997287.9248],[252399.5854,1997381.7256],[252400.9123,1997384.6868],[252405.5615,1997395.0622],[252412.32,1997410.1449],[252427.2023,1997443.7785],[252433.284,1997455.2179],[252472.3445,1997528.6891],[252500.2966,1997579.2787],[252520.9458,1997616.6512],[252528.7084,1997630.7003],[252530.8136,1997634.5106],[252539.8547,1997650.8738],[252555.6659,1997679.4898],[252578.2251,1997720.3827],[252579.9075,1997723.4653],[252594.896,1997750.9275],[252597.0048,1997754.7911],[252605.6095,1997770.5214],[252606.877,1997772.9106],[252616.1239,1997790.3417],[252617.1189,1997792.2172],[252626.5579,1997809.5119],[252629.079,1997814.1312],[252632.2638,1997819.9664],[252637.9002,1997830.2938],[252651.0077,1997854.3099],[252657.7325,1997866.6315],[252671.1197,1997890.8835],[252672.3375,1997893.0898],[252680.8042,1997907.9065],[252686.493,1997917.6966],[252689.9059,1997923.5699],[252698.8388,1997938.5678],[252700.0012,1997940.5195],[252707.6742,1997953.402],[252713.767,1997963.6316],[252749.8384,1998015.2058],[252784.4989,1998050.66],[252824.451,1998083.2038],[252874.4574,1998072.6204],[252912.8054,1998065.9785],[252921.5445,1998067.0067],[252929.9411,1998067.9945],[252933.5236,1998068.416],[252980.0948,1998069.8716],[252986.2853,1998070.0681],[252994.0796,1998070.362],[253002.5492,1998070.6815],[253023.284,1998071.4634],[253076.9107,1998073.4858],[253090.9825,1998074.0165],[253096.0713,1998074.2084],[253112.0222,1998074.81],[253124.8002,1998075.2355],[253132.397,1998075.4717],[253199.0885,1998077.5458],[253207.3114,1998077.8016],[253279.8948,1998080.0589],[253311.6759,1998080.4263],[253329.4154,1998081.0478],[253338.9089,1998081.3803],[253473.8646,1998086.1079],[253584.6293,1998089.9881],[253592.899,1998090.2778],[253605.868,1998090.7321],[253637.6103,1998091.8441],[253792.5382,1998097.2713],[253817.5917,1998098.0677],[253827.3259,1998098.3771],[253874.0046,1998099.861],[253883.2351,1998100.1544],[253978.1984,1998103.1731],[254052.3418,1998105.53],[254062.2116,1998105.8438],[254212.8627,1998110.6328],[254338.7358,1998115.3768],[254342.9732,1998115.5365],[254373.7059,1998116.6948],[254467.1666,1998120.2173],[254507.7084,1998121.7453],[254511.3855,1998121.8413],[254519.5004,1998122.0532],[254525.647,1998122.2137],[254623.191,1998124.7609],[254718.5417,1998127.2508],[254746.9417,1998127.9925],[254819.7587,1998129.8939],[254857.2677,1998130.8734],[254869.4051,1998131.3541],[254937.4367,1998134.0484],[254978.8039,1998136.8435],[254986.0491,1998137.3331],[254996.1743,1998138.0172],[255004.7174,1998138.6744],[255030.5702,1998140.663],[255034.5862,1998141.246],[255063.3786,1998145.4255],[255090.3661,1998151.7756],[255153.0829,1998176.8202],[255169.3586,1998183.3195],[255181.4029,1998188.1292],[255204.5291,1998197.3641],[255224.9741,1998205.5284],[255240.9972,1998211.9269],[255248.0581,1998214.7465],[255262.0227,1998220.8685],[255306.2722,1998239.9688],[255308.4539,1998240.91050001],[255308.10489545,1998237.66970049],[255305.86658677,1998216.88544573],[255303.806,1998197.75150001],[255302.92760001,1998189.5943],[255302.655,1998187.06350001],[255297.5315,1998139.4878],[255293.5136,1998102.17870001],[255290.831,1998078.6172]]]]},"geometry_name":"geometry","properties":{"ogc_fid":44,"zoning":"UEb","zone_name":"City-Expansion Zone (sub-center)","h":0,"e":0,"cos":0}},{"type":"Feature","id":"glup2030_cdudcp_v1.45","geometry":{"type":"MultiPolygon","coordinates":[[[[251078.65468398,1991703.24594521],[251091.32271494,1991700.62345475],[251112.57838116,1991696.22318275],[251151.94969689,1991688.07267378],[251246.81825171,1991672.69678285],[251252.6354361,1991671.7539584],[251305.09104548,1991663.25217685],[251303.78205736,1991572.05904988],[251303.3883,1991544.6272],[251315.07934658,1991473.73916875],[251333.7022,1991360.8205],[251384.2889,1991178.2684],[251381.67026902,1991121.63148236],[251376.5253,1991010.3538],[251366.46397109,1990976.46313647],[251346.97675656,1990910.82224181],[251345.17631132,1990904.75760714],[251343.85658495,1990900.31222992],[251339.458,1990885.496],[251329.03963447,1990831.7835158],[251323.27976462,1990802.08817473],[251315.1249,1990760.0453],[251313.4216,1990751.2636],[251311.5189,1990741.4541],[251299.91841986,1990681.64750483],[251298.10996899,1990672.32398652],[251291.0325,1990635.8359],[251263.5619,1990519.8485],[251261.70264347,1990512.99250436],[251214.6097,1990339.3376],[251207.02,1990317.3429],[251198.8327,1990293.6165],[251172.3871,1990216.9781],[251097.4567,1990008.2437],[251025.56471939,1989774.85552492],[250992.3509,1989694.4281],[250987.42800115,1989677.30045621],[250903.41886077,1989385.01766191],[250870.4337,1989270.2564],[250865.84492561,1989251.70121344],[250844.70958077,1989166.23824807],[250809.2635,1989126.5738],[250809.33546684,1989118.90043919],[250809.35425493,1989116.89718686],[250811.14579295,1988925.87703178],[250812.64230013,1988766.31411426],[250813.75052156,1988648.15160484],[250816.3368,1988372.3934],[250817.6759,1988361.0855],[250749.788,1988354.6967],[250755.3443,1988305.0054],[250782.86027188,1987939.06685334],[250798.2902,1987733.8622],[250799.06177779,1987729.52005823],[250870.9916,1987324.7268],[250882.9189,1987268.8646],[250894.14727002,1987122.03188594],[250895.6614,1987102.2317],[250797.5598,1987099.0824],[250800.15987942,1987062.35854528],[250804.88726442,1986995.58835392],[250807.50910033,1986958.5572078],[250834.0047,1986573.6532],[250915.2067,1986549.5491],[250963.1387,1986535.3208],[251011.0707,1986521.0926],[251060.09,1986506.5417],[251071.5628,1986503.6952],[251075.3793,1986478.2643],[251083.3381252,1986408.71379264],[251084.27680912,1986400.51083033],[251087.8176,1986369.5686],[251090.84551379,1986341.75765791],[251100.05677359,1986253.8615],[251037.6939,1986095.857],[251014.5168,1985908.9199],[250941.62322239,1985661.45944105],[250926.6944,1985610.7788],[251535.81255912,1985602.70567288],[251631.1417,1985601.4422],[251631.1418022,1985601.43882876],[251635.6731,1985451.9626],[251666.7349,1985246.1893],[251680.89178751,1985193.74469603],[251705.7160006,1985101.78267239],[251719.3506,1985051.2729],[251684.9297,1984951.3851],[251636.6047,1984730.0523],[251600.0196,1984588.0467],[251600.9511,1984443.6542],[251601.749162,1984433.85984293],[251612.50599233,1984301.84473954],[251616.4801,1984253.0718],[251634.6466,1984076.7],[251630.0182,1983999.1736],[251655.8111,1983834.3228],[251657.4145,1983726.5565],[251660.3638,1983590.3953],[251659.50751242,1983577.90104366],[251658.54851327,1983563.90810302],[251655.4933,1983519.3289],[251648.69615417,1983443.55370893],[251639.033,1983335.828],[251619.7365,1983237.4156],[251589.9257,1982972.7548],[251589.8156692,1982897.15676952],[251589.63083114,1982770.16147886],[251589.5878,1982740.5964],[251576.7536,1982564.3028],[251558.0516,1982206.6534],[251552.97747788,1982143.65382955],[251552.80442728,1982141.50525822],[251539.7811,1981979.8095],[251524.01005617,1981889.6897451],[251521.1418,1981873.2998],[251510.1841,1981727.2543],[251491.487,1981587.8047],[251475.68873436,1981423.95382312],[251474.7118,1981413.8216],[251480.8948,1981355.9664],[251475.5078,1981246.8259],[251485.7804,1981231.8629],[251481.4489,1981113.7325],[251476.2302,1981023.1167],[251460.3514,1980880.7559],[251457.2659,1980719.2783],[251450.91096813,1980676.76899541],[251433.94780276,1980563.29927171],[251411.2867,1980411.715],[251427.76530511,1980365.16294761],[251440.5592,1980329.0202],[251418.9311708,1979993.08429471],[251417.5638,1979971.8457],[251398.6588,1979765.7834],[251394.4493977,1979694.36206343],[251385.97485586,1979550.57369103],[251378.6444154,1979426.19739751],[251370.7626209,1979292.46622681],[251369.74457118,1979275.19287851],[251361.8781,1979141.7217],[251347.1207,1979053.6689],[251337.0038,1978944.7185],[251340.92488124,1978910.26887445],[251344.1094,1978882.2905],[251339.4889,1978863.1484],[251318.0311,1978670.6789],[251324.5632,1978543.0067],[251324.5632,1978481.93120929],[251324.5632,1978475.4312594],[251324.5632,1978432.1678],[251333.63772444,1978228.90027908],[251334.4997,1978209.5922],[251319.7501,1978082.6574],[251305.9965,1977987.1822],[251346.61421214,1977973.65141554],[251414.78106404,1977950.94331773],[251497.8829,1977923.26],[251498.28,1977723.9542],[251499.047,1977573.6092],[251489.9091,1977529.9502],[251473.5563,1977477.469],[251490.6259,1977448.6832],[251416.64081002,1977471.1550563],[251405.088,1977481.6549],[251393.3193,1977492.8627],[251390.60899916,1977495.67526769],[251382.1009,1977504.5044],[251375.3276,1977512.7594],[251367.0726,1977523.9778],[251362.30548148,1977530.76721249],[251356.84619367,1977539.97893217],[251350.7742,1977550.2245],[251344.42262701,1977566.44983224],[251338.81614712,1977580.77179612],[251328.94112087,1977605.99792232],[251269.83985974,1977756.97431809],[251212.66999854,1977903.01688006],[251183.01308472,1977978.7765825],[251169.71637426,1978012.7435298],[251161.67985942,1978033.27310939],[251156.49589217,1978046.51574883],[251150.96051045,1978060.65608976],[251137.27911317,1978095.60573399],[251128.9824,1978116.8],[251090.82250419,1978221.56509121],[251056.6804,1978315.0967],[251052.70737744,1978327.01583025],[251027.49515047,1978396.76892287],[251016.0932,1978428.037],[250959.0729,1978585.0604],[250951.212,1978606.7078],[250946.9534,1978618.3597],[250927.3994,1978671.8616],[250878.0509,1978810.2128],[250856.8878,1978868.3151],[250820.7721,1978960.5226],[250808.7995,1978990.1],[250741.4721,1979156.4274],[250739.1348,1979162.2017],[250711.8359,1979229.5484],[250678.2167,1979312.4875],[250675.3755,1979319.5906],[250634.7921,1979421.0486],[250608.4154,1979501.8624],[250592.7997,1979549.7064],[250586.4145,1979569.7676],[250563.4755,1979641.838],[250542.9936,1979706.1886],[250540.4892,1979714.057],[250537.1904,1979724.0557],[250529.6197,1979747.0031],[250519.1681,1979771.6979],[250509.2198,1979801.3313],[250505.0798,1979813.8793],[250502.9034,1979820.4756],[250488.6881,1979863.5614],[250479.6589,1979890.7339],[250473.4613,1979909.3851],[250467.4288,1979928.1177],[250454.8875,1979958.2802],[250441.8318,1979981.7739],[250427.0003,1980008.463],[250410.3425,1980036.2473],[250407.8404,1980040.42070001],[250410.0423,1980043.3285],[250472.6498,1980133.267],[250479.7193,1980143.4228],[250503.9391,1980178.21550001],[250540.8023,1980231.1712],[250545.1681,1980237.2024],[250647.4428,1980378.4915],[250656.881,1980391.9649],[250691.6283,1980441.56820001],[250707.5033,1980462.73500001],[250727.1884,1980496.81340001],[250737.6659,1980518.373],[250742.0245,1980531.01310001],[250747.1909,1980545.9955],[250752.994,1980570.4516],[250759.7724,1980599.0176],[250762.7484,1980611.5594],[250770.7972,1980647.455],[250775.8134,1980669.82590001],[250780.031,1980688.63560001],[250782.7126,1980700.5948],[250788.9076,1980728.2229],[250796.463,1980761.91840001],[250802.0053,1980787.8853],[250802.4844,1980790.0479],[250803.5251,1980794.745],[250817.0212,1980855.6605],[250831.3935,1980920.6837],[250842.5095,1980970.97500001],[250851.0318,1981014.8524],[250857.7435,1981049.40770001],[250864.7743,1981085.6059],[250868.1652,1981103.06400001],[250869.0649,1981107.69600001],[250870.8281,1981121.4661],[250874.6211,1981151.08780001],[250879.132,1981185.8908],[250890.6024,1981274.3887],[250891.2899,1981279.6932],[250906.821,1981417.8377],[250911.5052,1981458.7997],[250917.9808,1981515.4263],[250919.6279,1981529.8299],[250928.1156,1981604.05180001],[250928.527,1981607.89440001],[250929.8245,1981620.0125],[250937.132,1981688.26110001],[250940.7098,1981721.67520001],[250954.1572,1981860.99980001],[250963.0634,1981969.8076],[250963.2325,1981971.87240001],[250965.9697,1982021.2395],[250969.1327,1982078.2836],[250971.6556,1982128.59550001],[250972.9422,1982154.2513],[250973.2121,1982159.63470001],[250973.4167,1982166.1888],[250974.9291,1982214.6523],[250976.0564,1982250.77670001],[250977.0089,1982272.5255],[250977.32,1982279.86480001],[250979.9007,1982340.74960001],[250980.8718,1982363.662],[250982.9248,1982402.1396],[250984.9729,1982440.52360001],[250986.2958,1982458.51530001],[250987.7138,1982472.00200001],[250990.5392,1982498.8757],[250993.8849,1982530.6982],[250997.6949,1982560.38450001],[251004.9903,1982614.2714],[251009.3559,1982642.8465],[251011.8753,1982657.4933],[251021.5245,1982713.5904],[251022.347,1982718.37190001],[251029.0145,1982752.8207],[251032.3318,1982764.2029],[251041.4499,1982795.4882],[251051.2925,1982832.3183],[251062.9341,1982867.5244],[251067.0234,1982878.2864],[251079.1443,1982910.18530001],[251089.5604,1982935.31170001],[251094.2256,1982946.56560001],[251120.3753,1982999.4382],[251131.7524,1983021.0018],[251148.1566,1983049.5769],[251176.6179,1983098.7096],[251179.0909,1983102.9787],[251189.5631,1983121.5372],[251199.993,1983140.02050001],[251212.0933,1983162.2532],[251218.1258,1983174.1595],[251234.6359,1983214.0058],[251242.6451,1983239.2291],[251245.2721,1983247.5022],[251252.7775,1983275.39040001],[251257.1431,1983294.8373],[251259.2402,1983305.85740001],[251261.3305,1983316.8416],[251263.89,1983330.2915],[251264.0921,1983332.8637],[251265.6572,1983352.7889],[251267.086,1983375.8077],[251268.356,1983407.0815],[251269.3085,1983438.3553],[251267.6085,1983466.0936],[251266.5258,1983479.6638],[251265.6241,1983490.9645],[251260.8616,1983520.8625],[251246.6821,1983585.84670001],[251245.629,1983590.62],[251225.3875,1983682.3605],[251201.0326,1983783.3522],[251175.659,1983881.4665],[251169.3675,1983906.1966],[251151.2115,1983977.5633],[251144.4428,1984004.00260001],[251125.1762,1984079.2604],[251124.3408,1984082.52380001],[251115.2126,1984119.1686],[251111.8011,1984133.4782],[251105.6876,1984159.12080001],[251081.2401,1984256.7434],[251056.4221,1984356.1917],[251048.166,1984388.5729],[251028.7801,1984464.6064],[251024.934,1984479.6915],[251023.9053,1984483.1533],[251018.0548,1984502.8426],[251012.5604,1984518.71330001],[251006.4138,1984536.46790001],[251003.5416,1984543.4165],[250990.0575,1984576.038],[250988.6791,1984579.37270001],[250984.686,1984589.0331],[250970.1872,1984617.1075],[250956.8363,1984642.0948],[250952.8841,1984648.84060001],[250943.025,1984665.6692],[250903.2341,1984732.64650001],[250899.9711,1984737.05480001],[250893.4045,1984748.4099],[250878.5812,1984774.04280001],[250861.1186,1984803.8878],[250826.5574,1984861.038],[250779.3688,1984939.0505],[250773.1654,1984949.3696],[250743.4163,1984998.85610001],[250727.664,1985025.05940001],[250691.3682,1985085.43590001],[250620.0933,1985204.56750001],[250610.3141,1985220.9128],[250535.9166,1985346.20760001],[250523.9542,1985366.04380001],[250506.9676,1985396.6229],[250497.608,1985415.42790001],[250495.4318,1985419.8005],[250489.1893,1985434.13920001],[250478.5002,1985463.56090001],[250471.8986,1985486.2569],[250465.6295,1985507.81],[250456.9512,1985552.26010001],[250452.1056,1985588.5728],[250449.7614,1985636.6786],[250446.6787,1985715.2768],[250446.2977,1985801.129],[250445.576,1985848.83370001],[250443.9168,1985878.57010001],[250443.1452,1985892.39830001],[250441.0773,1985917.59320001],[250438.098,1985951.2925],[250433.3636,1986004.8433],[250428.1154,1986057.4013],[250424.2379,1986096.2327],[250419.8486,1986136.0572],[250416.9233,1986162.59950001],[250414.7802,1986184.90050001],[250412.5088,1986208.5372],[250410.3584,1986265.2113],[250403.1617,1986388.42800001],[250402.0221,1986406.29510001],[250399.0695,1986452.5859],[250398.9284,1986454.79890001],[250395.5946,1986519.41020001],[250387.7365,1986649.0828],[250386.4583,1986683.41800001],[250382.2861,1986795.4903],[250380.7608,1986840.18690001],[250378.9059,1986894.5413],[250376.3329,1986969.9392],[250373.4289,1987059.5556],[250372.5758,1987085.8799],[250370.8472,1987118.7588],[250366.8255,1987168.9239],[250364.6725,1987192.6074],[250362.5922,1987215.4907],[250362.16980823,1987221.90100055],[250359.2075,1987266.8588],[250358.9939,1987270.1008],[250353.73082253,1987309.24124942],[250351.6649,1987324.6051],[250342.8278,1987374.7437],[250330.7274,1987444.1979],[250328.0346,1987456.926],[250324.8596,1987471.2135],[250323.6878,1987483.2722],[250322.9713,1987498.0604],[250319.76334539,1987507.57198664],[250319.0084,1987509.8104],[250317.68559257,1987513.95109763],[250314.03487467,1987525.37869191],[250306.7809,1987548.0851],[250303.7971,1987557.425],[250299.5638,1987574.0409],[250295.8102,1987592.0096],[250294.0904,1987601.7993],[250293.1829,1987611.7911],[250292.1334,1987623.3447],[250291.10637892,1987634.65179808],[250290.7505,1987638.5695],[250289.5826,1987666.5958],[250288.33356798,1987712.39079913],[250286.3028,1987786.8439],[250280.62207046,1987915.3115987],[250278.85546429,1987971.96749892],[250277.8961,1988003.4102],[250276.26918866,1988038.93599948],[250273.3148,1988103.4482],[250273.033,1988113.8115],[250271.93611915,1988154.15180052],[250271.3649,1988175.161],[250267.6991,1988281.1752],[250266.86159067,1988317.1986059],[250266.07185694,1988363.05650099],[250265.81721453,1988377.84313136],[250265.0632,1988421.6262],[250264.65700059,1988445.21230002],[250264.457,1988456.8221],[250262.5268,1988511.4636],[250262.42330102,1988514.39320004],[250261.9246,1988528.5094],[250261.2204,1988558.6724],[250259.7628,1988621.1078],[250259.4402,1988627.8528],[250257.7607,1988662.9728],[250257.17260932,1988675.26930046],[250255.928,1988701.2937],[250255.717,1988705.7073],[250254.53051979,1988726.50984118],[250253.3357,1988747.4586],[250253.1256,1988749.7947],[250249.65963354,1988788.32970303],[250249.4254,1988790.934],[250248.9965,1988795.7022],[250246.774,1988824.7535],[250245.5574,1988849.5741],[250245.1258,1988858.3771],[250245.88265636,1988887.13529853],[250245.9462,1988889.5494],[250246.4071,1988945.3294],[250246.6468,1988974.3315],[250246.713,1988982.3333],[250247.1359,1989033.5067],[250247.88778187,1989124.48546145],[250250.55004986,1989124.35067384],[250266.66517796,1989123.5347826],[250275.72899838,1989123.07589147],[250280.92458267,1989122.08417739],[250296.72352077,1989120.71687444],[250301.07122107,1989120.10829845],[250304.99081648,1989120.08353539],[250321.6756435,1989119.48992524],[250327.12474566,1989119.29605793],[250442.51716917,1989115.19064437],[250445.6552,1989115.079],[250518.1945,1989112.8746],[250577.2145,1989112.7219],[250609.46043726,1989113.26466695],[250677.6357,1989114.4122],[250695.75796453,1989114.37340338],[250698.1418,1989114.36830001],[250745.17347681,1989115.028458],[250747.57716405,1989115.06219723],[250762.38635372,1989115.27006575],[250763.05034923,1989150.01668078],[250764.91828391,1989205.87663894],[250746.29710275,1989206.2576854],[250745.99903816,1989242.4367765],[250700.35170961,1989242.39659311],[250644.4516395,1989237.86346962],[250597.29173506,1989234.03911538],[250595.25346873,1989247.49953531],[250592.53629395,1989265.44336975],[250591.43450512,1989272.71942597],[250586.27987129,1989306.75989208],[250579.5916794,1989350.92775669],[250578.78038949,1989356.28539949],[250571.24506497,1989355.43681943],[250531.20494043,1989350.92775669],[250508.96399524,1989348.42312368],[250489.52024137,1989346.23349247],[250488.9473,1989350.92775669],[250483.67061227,1989394.1610915],[250481.2263777,1989414.18736868],[250477.1735806,1989447.39303533],[250476.05676425,1989456.54341485],[250464.18398977,1989553.82027871],[250499.39134805,1989553.55420331],[250509.95049522,1989553.47440382],[250509.52847967,1989559.4439092],[250507.79447284,1989583.9718279],[250500.15823469,1989691.98814354],[250261.45801379,1989685.34901861],[250254.92004368,1989685.16717378],[250249.972722,1989695.87042548],[250232.74527039,1989733.1410464],[250225.84415801,1989748.38287008],[250220.42730365,1989760.34655574],[250217.79940859,1989766.150535],[250210.72886374,1989781.76656791],[250205.72211333,1989792.69586458],[250204.77288932,1989794.76793725],[250198.50992536,1989808.0096959],[250194.35623853,1989816.79181869],[250223.59565055,1989816.1456042],[250230.06974318,1989816.00252155],[250297.26558487,1989812.51876559],[250322.62415113,1989811.20405542],[250405.84764616,1989812.51876559],[250453.36634052,1989813.26943474],[250473.52200105,1989812.51876559],[250486.47151842,1989812.03647908],[250492.13090723,1989811.82570312],[250521.83738958,1989810.71932707],[250602.946652,1989795.60324319],[250635.30916953,1989789.57194029],[250628.78780434,1989737.85925479],[250753.91408755,1989704.3076561],[250769.79898017,1989807.9475404],[250774.91111055,1989812.51876559],[250789.9390935,1989825.95666507],[250792.26061685,1989840.91327071],[250801.88146697,1989902.89639091],[250804.00553216,1989916.58085596],[250814.56405262,1989990.3191212],[250816.8603689,1990006.35606306],[250818.4157504,1990015.5624193],[250839.49617474,1990140.33817124],[250847.01522042,1990184.84365955],[250541.4817619,1990206.20078774],[250458.68831411,1990203.88404137],[250469.3838806,1990311.87254597],[250471.20144144,1990330.22367094],[250403.81342954,1990338.58572538],[250371.42655945,1990348.30118505],[250326.77211534,1990356.24763302],[250319.57637385,1990356.97203482],[250266.44584011,1990362.32073357],[250291.2494228,1990496.0467136],[250343.90726673,1990779.94609515],[250335.78044468,1990786.0306269],[250283.41603031,1990825.23573561],[250200.01797032,1990887.67565873],[250203.91453516,1990893.59757937],[250239.585475,1990947.276225],[250271.35985,1990995.03295],[250334.9086,1991090.5464],[250337.9879697,1991095.17464644],[250340.0845,1991098.3257],[250345.4844,1991106.9055],[250361.41751742,1991133.7049458],[250390.38553869,1991114.14854944],[250408.36818042,1991142.21865137],[250422.61244825,1991164.45331834],[250522.60467116,1991115.77681936],[250579.00492218,1991088.32101649],[250664.78054419,1991046.56519934],[250699.40505406,1991171.2647307],[250714.68583325,1991226.2981741],[250723.13526225,1991256.72863625],[250826.39083362,1991235.72369926],[250879.08695652,1991225.0039025],[250938.06719073,1991213.00574989],[250940.80369085,1991212.44907279],[250997.04742494,1991201.00759728],[251057.31680624,1991188.74719778],[251078.46961755,1991285.08078413],[251069.97006192,1991287.44111842],[251027.52731401,1991299.22750792],[250896.77272212,1991335.53817642],[250903.14729653,1991361.7651117],[250931.41012868,1991478.04698746],[250823.30986602,1991508.89934104],[250682.44440081,1991552.13662141],[250706.0820454,1991631.68734853],[250725.25817575,1991696.22318275],[250735.46388792,1991730.56974467],[250862.24730415,1991700.74613779],[250886.42881179,1991786.08820025],[250992.65591492,1991759.88008066],[250984.50325886,1991723.62604862],[251078.65468398,1991703.24594521]]]]},"geometry_name":"geometry","properties":{"ogc_fid":45,"zoning":"UEb","zone_name":"City-Expansion Zone (sub-center)","h":0,"e":0,"cos":0}},{"type":"Feature","id":"glup2030_cdudcp_v1.46","geometry":{"type":"MultiPolygon","coordinates":[[[[253851.09617095,1992764.15570907],[253897.27484769,1992691.58921703],[253960.6409,1992578.537],[253986.0409,1992523.5036],[254018.8493,1992417.6701],[254044.2494,1992229.2863],[254078.1161,1992058.8943],[254087.6411,1991987.9859],[254064.3577,1991620.7435],[254067.5327,1991457.7598],[254116.2162,1991397.4347],[254310.9499,1991166.7176],[254280.2582,1991104.2758],[254163.2204,1990824.5489],[254084.5067,1990682.9965],[254045.4806,1990539.4598],[254081.8608,1990530.1993],[254030.267,1990378.7251],[254011.8043,1990376.3385],[253972.72,1990376.0792],[253946.2616,1990288.1051],[253961.4752,1990161.1049],[253850.35,1990040.7192],[253727.3185,1989901.1512],[253659.8496,1989915.0419],[253634.0526,1989825.0833],[253682.3392,1989797.302],[253651.8187,1989698.1554],[253626.1151,1989602.8329],[253636.6985,1989586.9579],[253613.5474,1989553.2234],[253696.0907,1989504.5698],[253664.5942,1989424.8443],[253606.5366,1989342.9861],[253508.0387,1989249.9157],[253468.2798,1989301.271],[253369.305,1989389.4026],[253356.0956,1989401.6563],[253350.8039,1989403.5613],[253327.0972,1989416.473],[253253.4794,1989459.3514],[253242.0493,1989467.3948],[253217.9193,1989484.9632],[253204.8919,1989493.9458],[253179.8093,1989508.3921],[253160.918,1989519.3458],[253145.678,1989526.3308],[253125.1992,1989533.6334],[253080.1207,1989549.4125],[253051.0694,1989559.5725],[253039.9569,1989561.9537],[253031.0669,1989563.3825],[253019.1606,1989563.3825],[253009.9729,1989563.155],[252992.9866,1989562.7343],[252970.7616,1989563.2105],[252943.6153,1989565.2743],[252921.0727,1989567.973],[252898.6493,1989569.4547],[252863.9359,1989573.2647],[252848.9075,1989575.593],[252810.3841,1989580.8847],[252787.9474,1989583.6364],[252762.759,1989584.6947],[252746.4606,1989587.0231],[252725.2939,1989587.4464],[252689.3123,1989587.5417],[252679.8612,1989589.5841],[252666.4468,1989594.7832],[252626.0977,1989613.9655],[252579.4648,1989635.463],[252545.7304,1989651.9995],[252530.44820761,1989658.14558601],[252515.3032,1989664.2365],[252501.1581,1989673.6577],[252498.5475,1989656.0364],[252497.3912,1989648.231],[252493.2206,1989620.0795],[252492.4583,1989615.8107],[252486.8411,1989584.3545],[252485.2831,1989575.6294],[252479.4622,1989539.3814],[252477.3455,1989520.8606],[252478.1393,1989509.2189],[252480.7851,1989495.1959],[252484.5687,1989471.0923],[252490.9187,1989437.6489],[252493.4559,1989418.9332],[252494.9933,1989407.5922],[252498.6975,1989386.4255],[252500.5495,1989359.7025],[252501.0787,1989326.8941],[252499.2266,1989294.3503],[252495.2579,1989256.2502],[252492.8158,1989224.8481],[252480.7507,1989224.6364],[252392.4856,1989220.6148],[252337.3595,1989219.8395],[252333.3612,1989220.0837],[252249.3435,1989225.2317],[252196.7993,1989229.1],[252180.7292,1989231.2133],[252126.9128,1989243.9134],[252085.9552,1989254.8671],[252059.9466,1989263.6249],[252017.3486,1989279.4999],[251968.6652,1989290.6124],[251886.6442,1989308.0749],[251866.7828,1989313.0844],[251840.589,1989317.5823],[251833.5931,1989318.5277],[251821.0098,1989320.2282],[251804.6056,1989325.2553],[251785.291,1989334.2511],[251760.6847,1989350.9199],[251739.5179,1989363.3553],[251714.1179,1989371.2929],[251699.3012,1989373.4095],[251671.2553,1989377.1137],[251646.1198,1989379.7595],[251625.50525381,1989379.7595],[251623.101,1989379.7595],[251610.6656,1989382.1408],[251584.288,1989391.6783],[251578.6102,1989375.8835],[251575.0122,1989364.6871],[251566.307,1989337.5982],[251563.5359,1989329.191],[251550.6966,1989290.2377],[251537.732,1989243.3534],[251534.6354,1989233.249],[251529.0082,1989214.8865],[251527.6778,1989210.545],[251525.7095,1989205.7401],[251518.6819,1989188.5846],[251509.6861,1989170.0637],[251497.0125,1989150.511],[251486.0058,1989136.5409],[251481.0277,1989132.8074],[251472.4591,1989126.3809],[251452.9857,1989115.3742],[251437.221,1989110.2016],[251430.9724,1989108.6009],[251420.6007,1989108.1775],[251404.514,1989108.3892],[251372.0892,1989107.278],[251318.9714,1989108.0258],[251283.40070079,1989108.52660439],[251286.52418855,1989122.02801902],[251309.77240988,1989225.94127421],[251353.5743129,1989210.52078775],[251437.33379844,1989181.03321017],[251455.5353484,1989205.41065674],[251465.99946673,1989229.32802057],[251466.48309366,1989237.72204505],[251442.18944202,1989241.76923601],[251457.84972516,1989293.92779976],[251459.46347392,1989311.65318888],[251453.69518028,1989376.38917735],[251451.39798392,1989402.16998652],[251449.99023541,1989418.34279679],[251448.76958049,1989432.36619682],[251445.91528788,1989465.15751757],[251440.50122724,1989527.35653626],[251440.25893168,1989533.42624892],[251438.11308148,1989587.18164669],[251436.9983754,1989615.10599514],[251437.57686265,1989653.49650012],[251373.32380003,1989654.55611395],[251380.60911529,1989725.72046472],[251380.18519046,1989730.50347019],[251413.37807313,1989731.57368458],[251417.07580099,1989847.06443361],[251417.85063216,1989918.75210563],[251418.66359975,1989930.24754244],[251423.25830786,1989995.21714018],[251423.79482422,1989999.15464036],[251445.83204674,1989999.0530156],[251446.52464238,1990032.40079034],[251446.92838007,1990051.84034889],[251447.40935063,1990074.99859199],[251451.75285736,1990110.00216659],[251460.22250944,1990178.25763762],[251475.13517477,1990298.43624573],[251493.95750176,1990352.21415353],[251487.36870176,1990382.33455353],[251489.64695853,1990396.1668466],[251506.1727,1990459.4482],[251522.96061029,1990530.33064698],[251531.36608491,1990565.82050835],[251563.00717421,1990652.92586116],[251599.49333743,1990753.36930955],[251600.80509696,1990755.74919346],[251648.05564136,1990841.47436491],[251659.13831334,1990861.58130692],[251682.95304795,1990852.41694393],[251711.38869758,1990841.47436491],[251720.6283102,1990837.91878618],[251722.35567231,1990841.47436491],[251723.68012754,1990844.20060559],[251745.68249772,1990889.48998594],[251759.94040146,1990918.83826163],[251766.30614638,1990931.94142462],[251819.29794071,1991001.49428425],[251874.72162926,1991090.44669708],[251965.22693668,1991039.71569604],[251983.21901305,1991029.63058533],[251942.23877467,1991154.77866492],[251824.89178676,1991185.64171253],[251768.27242055,1991190.88896128],[251717.74990521,1991198.36352895],[251717.69701983,1991233.79280583],[251668.46237845,1991245.55405662],[251668.65538587,1991162.25072651],[251633.94127549,1991168.67969337],[251634.966,1991191.3375],[251626.50427734,1991192.60245297],[251618.4325938,1991193.80909853],[251587.7679,1991198.3932],[251583.6337892,1991212.88086208],[251548.64044297,1991335.51225734],[251535.2044,1991382.5978],[251503.6408,1991560.7795],[251503.93170497,1991581.04608174],[251506.25293047,1991742.75973851],[251506.46856925,1991757.78272319],[251506.6137,1991767.8936],[251530.16083256,1991826.35559856],[251580.44816878,1991805.44043588],[251623.8566,1991787.3863],[251650.39576458,1991825.20453158],[251685.9975,1991875.9369],[251745.2851,1991931.519],[251758.19589246,1991957.58419593],[251823.8593,1992090.15],[251825.41514215,1992100.53876709],[251849.2236,1992259.5141],[251896.53475568,1992366.10167963],[251954.1583,1992495.9221],[251955.23518437,1992498.22528929],[252020.5383,1992637.8925],[252078.4362879,1992742.86909984],[252149.2339,1992871.2344],[252178.11075136,1992924.08782111],[252182.5488,1992932.2108],[252203.1532,1992982.6386],[252219.1598,1993017.6231],[252320.66483713,1993121.75319094],[252365.6334,1993167.8847],[252436.82732919,1993281.47492614],[252478.5345,1993348.0189],[252503.86417315,1993368.46037205],[252550.3335,1993405.9619],[252599.3294,1993474.5561],[252605.62985739,1993482.34876032],[252619.78934067,1993499.86178144],[252726.80760502,1993575.18530366],[252826.15130953,1993583.96445629],[252836.5839,1993584.8864],[252864.04970685,1993596.47063682],[252943.9741,1993630.1803],[252948.739,1993631.3109],[252979.80425287,1993629.20478631],[252999.9231,1993627.8408],[253013.08900565,1993626.2029381],[253075.23212359,1993618.47222454],[253115.6385,1993613.4456],[253212.61603556,1993575.92984021],[253426.14133727,1993493.32757689],[253488.6606,1993469.142],[253497.05003747,1993457.24552859],[253534.7102,1993403.8423],[253542.62030652,1993386.0445849],[253569.77214674,1993324.95302875],[253574.9551,1993313.2914],[253606.8139,1993155.9092],[253676.32687512,1992957.71119618],[253677.52318881,1992954.3002217],[253702.8314,1992882.1405],[253813.3871,1992781.6354],[253851.09617095,1992764.15570907]]]]},"geometry_name":"geometry","properties":{"ogc_fid":46,"zoning":"UDb","zone_name":"Zone of Surroundings of Urban Area relevant to Ag*","h":20,"e":0.5,"cos":2}},{"type":"Feature","id":"glup2030_cdudcp_v1.47","geometry":{"type":"MultiPolygon","coordinates":[[[[251633.94127549,1991168.67969337],[251668.65538587,1991162.25072651],[251668.46237845,1991245.55405662],[251717.69701983,1991233.79280583],[251717.74990521,1991198.36352895],[251768.27242055,1991190.88896128],[251824.89178676,1991185.64171253],[251942.23877467,1991154.77866492],[251983.21901305,1991029.63058533],[251965.22693668,1991039.71569604],[251874.72162926,1991090.44669708],[251819.29794071,1991001.49428425],[251766.30614638,1990931.94142462],[251759.94040146,1990918.83826163],[251745.68249772,1990889.48998594],[251723.68012754,1990844.20060559],[251722.35567231,1990841.47436491],[251720.6283102,1990837.91878618],[251711.38869758,1990841.47436491],[251682.95304795,1990852.41694393],[251659.13831334,1990861.58130692],[251648.05564136,1990841.47436491],[251600.80509696,1990755.74919346],[251599.49333743,1990753.36930955],[251563.00717421,1990652.92586116],[251531.36608491,1990565.82050835],[251535.4831,1990583.2035],[251545.17254892,1990633.15800732],[251550.0895813,1990658.50804854],[251550.0895813,1990658.50804854],[251577.98049007,1990802.30122165],[251584.46826108,1990826.42762989],[251584.46826108,1990826.42762989],[251586.65882412,1990834.57378951],[251592.43953928,1990856.07083275],[251592.43953928,1990856.07083275],[251601.40873132,1990889.42502922],[251621.82925902,1990958.2097792],[251624.8886,1990968.5149],[251633.94127549,1991168.67969337]]]]},"geometry_name":"geometry","properties":{"ogc_fid":47,"zoning":"UEb","zone_name":"City-Expansion Zone (sub-center)","h":0,"e":0,"cos":0}},{"type":"Feature","id":"glup2030_cdudcp_v1.48","geometry":{"type":"MultiPolygon","coordinates":[[[[250199.53519074,1989408.2688416],[250200.55078048,1989405.85297701],[250230.36688161,1989334.92703103],[250230.36688161,1989334.92703103],[250232.54901246,1989321.94909497],[250232.98380489,1989318.11763674],[250234.53625113,1989304.43724036],[250236.2694722,1989289.16382815],[250237.33798036,1989279.74796891],[250239.27214105,1989247.14118917],[250216.42178274,1989245.02108183],[250161.2364957,1989239.90086751],[250098.48999706,1989228.50745912],[250064.04530697,1989223.46938418],[250015.30095602,1989215.85505843],[249984.42167527,1989211.6903127],[249905.03434186,1989203.70750867],[249913.76554277,1989163.53211711],[249921.73512639,1989129.76065091],[249930.97027204,1989069.02778074],[249928.3248,1989068.4508],[249916.9092,1989065.9611],[249901.4967,1989062.4915],[249828.3688,1989046.0291],[249794.7795,1989037.3436],[249747.4326,1989025.1006],[249705.3115,1989016.4854],[249652.8203,1989005.7491],[249632.1183,1989001.6497],[249611.613,1988998.1046],[249585.6405,1988993.6143],[249572.4606,1988991.3356],[249506.1499,1988979.8713],[249490.6332,1988977.1886],[249488.3632,1988976.7962],[249483.7671,1988976.0016],[249450.0416,1988969.1577],[249445.3982,1988968.0656],[249387.942,1988954.5521],[249380.6781,1988952.8436],[249370.0215,1988949.0216],[249361.8686,1988941.984],[249342.0985,1988925.1065],[249326.8236,1988912.0667],[249295.2218,1988885.4024],[249269.6838,1988870.0795],[249265.8901,1988867.8033],[249255.7193,1988861.7008],[249223.1301,1988850.8379],[249182.3439,1988834.341],[249170.1128,1988829.3939],[249158.1524,1988822.2628],[249143.1377,1988813.3106],[249091.2489,1988781.9137],[249080.9399,1988775.676],[249069.3854,1988767.7476],[249059.4287,1988760.9155],[249065.6921,1988770.7761],[249069.1979,1988777.0599],[249071.1823,1988784.0714],[249072.7036,1988790.6199],[249072.9625,1988793.3166],[249074.8966,1988803.983],[249076.1096,1988808.4002],[249078.6979,1988817.825],[249088.356,1988902.9026],[249095.8128,1988959.0275],[249101.7395,1989010.0393],[249103.0537,1989022.8788],[249105.5363,1989049.0786],[249108.8436,1989083.4745],[249109.5951,1989089.9553],[249122.4763,1989201.0324],[249123.7828,1989210.8604],[249127.2392,1989236.8593],[249133.4594,1989298.9331],[249136.2351,1989326.6326],[249143.1839,1989409.3778],[249148.2504,1989469.7088],[249148.5708,1989473.524],[249154.6043,1989541.945],[249155.6174,1989548.0739],[249156.8564,1989555.569],[249162.1181,1989609.7206],[249159.803,1989633.2024],[249150.8005,1989675.1588],[249200.35309765,1989769.97570123],[249205.834,1989780.4632],[249217.2111,1989798.4549],[249256.3337,1989857.7286],[249262.0813,1989865.2599],[249266.063,1989870.4773],[249273.63,1989880.8189],[249273.63002096,1989880.81892864],[249273.63003958,1989880.81891461],[249301.57094524,1989859.16360904],[249313.18447234,1989850.16266443],[249323.55615974,1989841.27264664],[249328.00116863,1989835.7693023],[249330.32950662,1989830.47762505],[249341.97119658,1989783.48753108],[249345.64249707,1989770.97173394],[249348.37412605,1989761.65936242],[249354.46556226,1989738.09512233],[249357.22946444,1989727.40318493],[249364.46082489,1989699.42923796],[249377.69001802,1989646.20819401],[249387.1020377,1989605.99751029],[249390.68195779,1989586.03674377],[249391.46767143,1989581.65579494],[249393.11561293,1989580.0844911],[249394.99940988,1989578.80542271],[249397.06782108,1989577.85338174],[249399.26458362,1989577.25426468],[249401.52994331,1989577.02436814],[249403.80228002,1989577.16994553],[249443.28709741,1989590.29278391],[249443.28709741,1989590.29278391],[249469.41407733,1989599.18888556],[249490.38142402,1989603.60598778],[249490.38142402,1989603.60598778],[249494.60246104,1989604.69222991],[249499.6824712,1989608.71390462],[249504.33914718,1989615.2755844],[249512.3824966,1989626.28227309],[249519.15584347,1989631.78561743],[249525.92919036,1989634.96062378],[249534.60754105,1989636.86562759],[249537.92712657,1989637.04842499],[249546.17514751,1989637.50261324],[249564.59018435,1989639.09011641],[249570.94019705,1989640.36011895],[249572.01997965,1989637.42815206],[249574.86211669,1989637.81020134],[249574.0214061,1989642.22785234],[249573.44544848,1989649.50979546],[249573.66601004,1989656.81114982],[249574.68046669,1989664.04504922],[249576.47674918,1989671.12543001],[249578.87622692,1989677.54717906],[249579.03348663,1989677.96805498],[249582.32026086,1989684.49151557],[249586.29796822,1989690.6182004],[249590.91928486,1989696.27521865],[249591.29752736,1989696.6243286],[249591.72988054,1989696.90364183],[249592.20361663,1989697.10493581],[249592.70478963,1989697.22228478],[249593.21864582,1989697.25223418],[249593.73005813,1989697.19390236],[249594.22397142,1989697.04900649],[249594.68584571,1989696.82181208],[249599.28285607,1989694.04721222],[249613.69768853,1989689.61187916],[249641.24096437,1989687.20518515],[249670.8004259,1989684.10620935],[249674.17952784,1989683.75194866],[249694.08939496,1989683.75194866],[249705.79982071,1989685.11362607],[249707.52795748,1989685.50638442],[249717.30458952,1989687.72834625],[249728.62352466,1989687.98559477],[249758.23622521,1989688.24999389],[249763.68493465,1989627.05100134],[249787.97794127,1989579.3396436],[249791.3164566,1989575.76554016],[249804.07979456,1989562.10153515],[249840.42398439,1989523.19265463],[249842.12945867,1989520.01427357],[249855.77348302,1989494.58679624],[249869.52771841,1989468.95392576],[249871.85912286,1989443.17301994],[249872.53810181,1989435.6648021],[249874.40010609,1989413.70534034],[249874.78420142,1989397.83203667],[249874.76305828,1989397.48964638],[249874.68371532,1989397.15590571],[249874.9777868,1989389.83183632],[249878.79705499,1989369.98016555],[249882.95790865,1989349.06825594],[249883.70844441,1989345.29616078],[249885.3969305,1989337.74807871],[249886.28420683,1989331.69172931],[249888.36994205,1989332.25711869],[249929.50445826,1989343.40763217],[249930.51419096,1989343.68134483],[250015.80720812,1989364.87040134],[250056.73658721,1989375.0383489],[250069.41477562,1989378.38738681],[250165.49063821,1989400.84091929],[250199.53519074,1989408.2688416]]]]},"geometry_name":"geometry","properties":{"ogc_fid":48,"zoning":"Zpp-Ub","zone_name":"Ancient-Site Conservation Zone","h":7,"e":0.5,"cos":0.7}},{"type":"Feature","id":"glup2030_cdudcp_v1.49","geometry":{"type":"MultiPolygon","coordinates":[[[[262417.49510007,1989028.63905468],[262426.9465,1988976.9709],[262426.9465,1988963.0803],[262424.9622,1988949.1896],[262420.3319,1988939.2677],[262413.0559,1988935.299],[262397.1809,1988928.0229],[262390.5663,1988924.0542],[262384.6131,1988918.7625],[262376.6756,1988914.7937],[262355.5089,1988909.5021],[262342.2797,1988905.5333],[262333.6807,1988900.9031],[262327.0661,1988890.3197],[262324.9761,1988887.1042],[262318.4672,1988877.0905],[262309.2067,1988869.153],[262297.3005,1988864.5228],[262284.7327,1988859.2311],[262273.4879,1988852.6165],[262262.9046,1988844.679],[262247.691,1988826.8196],[262237.7691,1988813.5904],[262231.1545,1988808.9602],[262221.8941,1988802.3456],[262213.2951,1988794.4081],[262204.6961,1988789.1164],[262195.4357,1988786.4706],[262182.8679,1988779.1945],[262172.946,1988777.8716],[262147.1491,1988775.8872],[262129.9512,1988776.5487],[262126.8566656,1988776.13610166],[262128.5392,1988798.4894],[262150.8706,1988804.0722],[262267.36,1988940.8208],[262274.40873424,1989001.91131557],[262281.595,1989064.1938],[262312.356,1989047.51],[262417.49510007,1989028.63905468]]]]},"geometry_name":"geometry","properties":{"ogc_fid":49,"zoning":"N","zone_name":"Agriculture Zone","h":10,"e":0,"cos":0}},{"type":"Feature","id":"glup2030_cdudcp_v1.50","geometry":{"type":"MultiPolygon","coordinates":[[[[247822.3774,1980564.5629],[247943.4245,1980522.2295],[247996.3413,1980551.9952],[248108.7894,1980688.2559],[248124.6644,1980737.8653],[248109.4509,1980895.2927],[248084.1558,1980957.077],[248076.1064,1981034.7989],[248066.3952,1981139.6598],[248111.7443,1981143.7589],[248159.7928,1981148.4156],[248216.9429,1981155.8239],[248287.5286,1981164.6346],[248301.39532179,1981085.0097038],[248321.2943,1980970.7468],[248347.4882,1980787.9193],[248357.8069,1980750.613],[248426.0696,1980677.5878],[248492.7447,1980664.8878],[248568.1511,1980706.9567],[248583.2324,1980739.5005],[248603.0762,1980834.7507],[248653.0825,1980947.4634],[248816.5953,1980940.3196],[248826.9141,1980721.2442],[248900.733,1980710.9254],[248908.6705,1980625.994],[248898.7836,1980511.1989],[248711.0441,1980506.4799],[248574.1838,1980499.1887],[248417.7528,1980494.2453],[248272.2317,1980396.3493],[248257.6465,1980369.924],[248244.7933,1980332.4148],[248236.5433,1980257.574],[248176.6838,1980159.5798],[248124.2962,1979979.3982],[248210.8152,1979958.7607],[248198.1151,1979876.2105],[248173.5088,1979855.573],[248132.2337,1979791.2791],[248136.9963,1979728.5727],[248212.9362,1979567.5606],[248339.1383,1979295.2725],[248576.8669,1978949.9906],[248794.884,1978669.5317],[248913.4176,1978709.7485],[248831.9258,1979053.7075],[248990.1478,1979068.5965],[248983.9261,1979114.2226],[248969.3771,1979202.6457],[248942.3234,1979211.9176],[248917.8494,1979324.3657],[248925.1832,1979367.1503],[248911.3216,1979417.3161],[248882.1306,1979474.5171],[248862.2673,1979566.7969],[248845.9355,1979638.8766],[248831.1188,1979674.3308],[248806.7771,1979732.0101],[248780.8479,1979805.5644],[248622.0975,1979842.6062],[248614.003,1979842.1796],[248616.1074,1979878.4939],[248582.4513,1979883.6531],[248580.0701,1979948.2116],[248730.3537,1979989.7512],[248750.1975,1979996.3658],[248804.1726,1980011.7117],[248817.6055,1979994.9044],[248907.0076,1979997.0273],[248902.7742,1980019.2523],[249017.6036,1980056.2941],[249066.9044,1980078.6073],[249117.3617,1980083.3412],[249153.5556,1980070.0083],[249189.9359,1980035.6124],[249234.9592,1980003.3553],[249284.701,1979980.601],[249287.41332943,1979979.37207953],[249231.14614242,1979796.94488317],[249247.22546259,1979612.16581273],[249248.60114242,1979596.35688317],[249291.21414242,1979321.45188317],[249298.56477194,1979272.68813934],[249331.34725273,1979055.21064431],[249339.59614242,1979000.48788317],[249405.75714242,1978751.77588318],[249413.66280214,1978701.38117896],[249442.85360761,1978700.4186516],[249438.58024969,1978644.08049036],[249422.37073584,1978645.8723715],[249445.27014242,1978499.89988317],[249452.24033178,1978241.43725313],[249454.7596106,1978148.0195],[249458.01214242,1978027.41188317],[249447.53962339,1978027.00419465],[249452.0799,1977995.2223],[249506.25158846,1977998.40888408],[249524.3684,1977896.4671],[249536.7863,1977773.0196],[249528.8326,1977703.5113],[249519.332,1977613.8254],[249506.753,1977549.7516],[249495.4858,1977454.7849],[249481.5145,1977372.2153],[249477.3482,1977336.5707],[249478.7676,1977298.2506],[249491.1367,1977257.0201],[249519.0104,1977193.411],[249551.0404,1977116.5388],[249589.2497,1977036.3674],[249646.4849,1976917.5963],[249689.7094,1976827.1047],[249693.9477,1976814.3899],[249697.175,1976802.9328],[249697.3344,1976800.7417],[249696.2993,1976777.9714],[249692.7993,1976760.6552],[249691.2474,1976756.0641],[249678.7213,1976737.6136],[249662.119,1976719.7723],[249611.3077,1976666.2329],[249590.0733,1976641.2732],[249577.0648,1976625.3739],[249570.17467634,1976614.41337139],[249563.93649896,1976603.06911583],[249558.3715676,1976591.37986733],[249553.49888326,1976579.38553789],[249549.33508332,1976567.12708115],[249545.89438474,1976554.64635262],[249543.1885355,1976541.98596671],[249541.22677449,1976529.18915128],[249540.0158,1976516.2996],[249537.9301,1976493.3579],[249535.7195,1976435.5143],[249537.0266,1976388.4605],[249541.6583,1976364.1437],[249555.2214,1976330.236],[249589.3549,1976275.9514],[249618.9169,1976235.498],[249654.5036,1976194.2041],[249678.9039,1976161.9246],[249689.6361,1976140.6933],[249701.0474,1976117.015],[249718.3337,1976074.2709],[249739.487,1976024.3623],[249760.8936,1975971.3249],[249770.40534895,1975946.10780481],[249774.4273,1975935.445],[249784.4584,1975907.5012],[249799.9373,1975871.523],[249845.2713,1975790.2099],[249870.6614,1975749.4041],[249896.5358,1975722.6056],[249933.525,1975684.2714],[249951.75158733,1975666.04473753],[249957.7797,1975660.0166],[250042.4441,1975610.3858],[250117.6665,1975558.613],[250140.55718423,1975548.53419925],[250163.47099684,1975539.37848061],[250177.42598228,1975533.80245873],[250231.51395973,1975520.06177025],[250270.59066257,1975510.13459557],[250340.39642661,1975493.12310686],[250424.13198957,1975484.02141523],[250432.15664266,1975483.83035206],[250499.81838173,1975456.15054972],[250538.8766949,1975431.13567499],[250586.23885744,1975400.19239546],[250641.76440877,1975377.57087456],[250668.42619967,1975369.15136164],[250781.98546491,1975312.88325724],[250892.06263783,1975267.24840641],[251010.91463088,1975217.97576586],[251232.3262,1975137.8202],[251349.6952,1975061.7887],[251372.4297,1975038.5162],[251373.05158557,1975034.62956583],[251374.85446913,1975024.98610991],[251386.1720871,1974993.86266047],[251400.6552,1974954.0341],[251483.1895,1974885.7299],[251546.7095,1974864.5566],[251576.10759002,1974828.92191972],[251630.28668516,1974763.24912492],[251657.5415,1974730.2124],[251765.8271,1974679.0444],[251843.75958982,1974691.40866605],[251940.2203,1974706.7125],[251973.701,1974728.4532],[251996.3069,1974720.5754],[252013.64979273,1974722.30970843],[252095.9208,1974730.5369],[252101.6646,1974738.5542],[252121.7904,1974724.784],[252120.52014873,1974703.44380568],[252115.2236,1974614.4619],[252145.1200374,1974556.24234427],[252146.50058323,1974553.55390471],[252155.0844,1974536.838],[252202.60053331,1974503.68728244],[252215.79309793,1974494.48318788],[252272.9726,1974454.5906],[252334.31988482,1974470.1873941],[252342.8922,1974472.3668],[252354.58585173,1974463.79149649],[252420.6913,1974415.3144],[252499.6097,1974454.7732],[252638.67638182,1974454.7732],[252667.6732,1974454.7732],[252693.6701,1974498.4954],[252700.54614926,1974501.17436517],[252717.3888,1974507.7364],[252786.2483,1974573.4894],[252841.89448606,1974593.12924143],[252934.2386,1974625.7213],[252920.42613868,1974766.87498215],[252919.9928,1974771.3034],[252925.09302099,1974766.09233879],[252961.8749,1974728.5111],[252968.87704222,1974729.01451558],[253095.2773,1974738.102],[253180.0276,1974765.2221],[253276.4804,1974905.7677],[253238.09347007,1974944.71897101],[253229.7093,1974953.2264],[253248.1964798,1974966.55440455],[253372.2127,1975055.9617],[253358.67920304,1975078.32133968],[253309.30570827,1975159.89475388],[253305.2265,1975166.6343],[253312.35487504,1975170.82080748],[253433.5486,1975241.9981],[253384.93132637,1975303.06136322],[253365.2535,1975327.7767],[253400.69031635,1975320.9619046],[253448.74547524,1975313.14407919],[253453.21422603,1975322.45395829],[253466.5326,1975318.3769],[253516.3119,1975299.6705],[253507.6162,1975251.844],[253501.2662,1975217.9773],[253489.6245,1975190.4606],[253483.3642,1975166.5576],[253481.3593,1975158.9025],[253477.9828,1975146.0105],[253467.9286,1975101.5604],[253453.1119,1975034.8853],[253444.6452,1974986.2018],[253437.2369,1974936.4601],[253427.7119,1974877.1933],[253423.4785,1974831.6849],[253423.4785,1974796.7598],[253426.6535,1974760.7764],[253433.0035,1974695.1596],[253434.1393,1974690.3067],[253442.0787,1974656.384],[253444.6452,1974645.4178],[253466.8703,1974558.6343],[253471.8193,1974541.8751],[253490.1536,1974479.7883],[253509.2037,1974410.9965],[253524.0204,1974347.4964],[253537.7787,1974286.1129],[253554.7121,1974205.6794],[253566.3538,1974148.0002],[253575.8788,1974124.7168],[253610.8039,1974045.3416],[253638.3206,1973990.3082],[253643.314,1973980.6336],[253655.254,1973957.4998],[253673.2457,1973918.3414],[253694.4124,1973876.0079],[253703.5338,1973860.5717],[253708.1707,1973852.7246],[253738.8625,1973805.0995],[253786.2759,1973763.1894],[253889.9928,1973672.1725],[253927.0345,1973648.8892],[253958.7846,1973636.1891],[254024.4014,1973619.2558],[254045.5681,1973608.6724],[254073.0848,1973584.3307],[254117.5349,1973536.7056],[254151.3123,1973496.0748],[254190.56,1973448.8638],[254233.9518,1973400.1803],[254275.2269,1973361.0219],[254304.5045,1973336.6956],[254347.1937,1973301.226],[254412.8105,1973249.3675],[254463.6106,1973208.0924],[254545.1024,1973147.7673],[254617.0692,1973091.6755],[254671.0443,1973045.1088],[254769.4695,1972967.3211],[254848.8447,1972904.8793],[254890.3672,1972871.7911],[254916.5782,1972850.9042],[254967.3783,1972801.1625],[254999.667,1972771.8091],[255002.3033,1972769.4124],[255043.5784,1972733.429],[255094.3785,1972694.2706],[255168.462,1972644.5288],[255235.1371,1972607.4871],[255281.7039,1972581.0287],[255335.679,1972547.6911],[255390.7124,1972504.2994],[255437.2792,1972466.1993],[255525.7683,1972384.0104],[255566.3961,1972340.2574],[255598.1462,1972295.8073],[255629.8963,1972240.7738],[255652.1213,1972191.5612],[255672.2297,1972143.9362],[255690.2214,1972079.3777],[255691.9161,1972070.6619],[255697.6297,1972041.2776],[255705.0381,1971978.8358],[255706.7864,1971932.5052],[255707.1547,1971922.744],[255707.1547,1971840.1939],[255699.7464,1971758.1729],[255696.931,1971726.6408],[255694.4547,1971698.9061],[255690.9058,1971652.6288],[255687.6214,1971616.4058],[255683.762,1971578.8099],[255675.4047,1971536.4516],[255657.413,1971475.0681],[255641.5379,1971409.4513],[255630.9546,1971373.4679],[255623.5462,1971325.8428],[255625.6629,1971262.3427],[255632.6349,1971233.68],[255635.1879,1971223.1843],[255635.1879,1971208.3676],[255620.3712,1971184.0259],[255597.0879,1971153.3342],[255535.7044,1971076.6049],[255489.1376,1971009.9297],[255443.6292,1970930.5546],[255428.2912,1970906.4929],[255419.4427,1970892.6117],[255407.6458,1970871.2878],[255390.0739,1970835.4616],[255377.3739,1970814.0303],[255359.1176,1970786.249],[255334.5113,1970756.0864],[255307.1039,1970720.475],[255256.3038,1970644.2748],[255200.2121,1970576.5413],[255174.812,1970549.0246],[255153.6453,1970536.3246],[255145.4756,1970532.0355],[255111.3119,1970514.0996],[255099.4314,1970506.9712],[255031.9367,1970466.4745],[254930.3365,1970408.266],[254843.553,1970356.9367],[254761.0029,1970307.195],[254710.2028,1970282.8533],[254674.2193,1970269.0949],[254629.7693,1970254.2782],[254590.6108,1970242.6365],[254551.4524,1970226.7615],[254520.7607,1970216.1781],[254501.7107,1970211.9448],[254401.1688,1970197.1281],[254365.1854,1970192.8947],[254347.9647,1970191.5494],[254297.4519,1970187.6031],[254220.1934,1970181.2531],[254148.2266,1970169.6114],[254105.8932,1970157.9697],[254072.0265,1970146.328],[254051.9181,1970141.0363],[254031.8097,1970136.803],[254009.5847,1970134.6863],[253991.593,1970138.9196],[253970.6197,1970145.3281],[253953.4929,1970150.5613],[253931.2679,1970159.028],[253915.3928,1970174.903],[253895.2845,1970205.5948],[253885.7594,1970228.8782],[253867.7677,1970261.6866],[253837.076,1970265.9199],[253721.7174,1970270.1532],[253619.0589,1970280.7366],[253541.8004,1970287.0866],[253465.6003,1970297.67],[253404.2168,1970308.2533],[253342.8334,1970318.8367],[253274.0415,1970332.595],[253207.3664,1970347.4117],[253130.1079,1970366.4618],[253074.6406,1970382.062],[253062.3745,1970385.5118],[253017.9244,1970401.3868],[252952.3076,1970427.8452],[252886.6908,1970457.4786],[252918.44872034,1970451.66727397],[253000.46971771,1970455.6360319],[253009.60501778,1970456.35830801],[253130.68156119,1970469.66504349],[253384.68206919,1970498.76926837],[253648.67337957,1970536.6249321],[253758.75587377,1970554.01622098],[253821.50498043,1970574.42977141],[253881.19630075,1970599.63299169],[253980.17185915,1970651.7720536],[254011.49292025,1970670.00371603],[254156.64021043,1970754.49243718],[254357.34619506,1970868.01675973],[254367.49873705,1970873.7592913],[254369.70283818,1970875.03078176],[254486.42926456,1970943.79059289],[254547.61648991,1970982.86932067],[254584.06991137,1971012.05533913],[254627.94890885,1971051.11695254],[254691.11621811,1971115.89018235],[254741.4634139,1971174.83678308],[254799.99607918,1971245.86861125],[254868.4636679,1971328.95688299],[254870.19615609,1971331.09911682],[254940.61457374,1971420.09551961],[254975.31824095,1971478.44149723],[254994.44930647,1971529.47800374],[255011.64725753,1971595.62396937],[255015.26725489,1971610.59934721],[255020.38388243,1971631.76605621],[255082.59163101,1971889.11003939],[255089.94134398,1971944.56537644],[255093.65477778,1972017.9465395],[255080.10552721,1972077.83576132],[255054.81745849,1972138.45763108],[255012.5432256,1972198.81348084],[254936.35713246,1972299.42287172],[254809.96706274,1972458.7270221],[254655.63768023,1972658.56315076],[254554.39057012,1972788.7965308],[254491.34475604,1972869.89187719],[254350.27073685,1973050.51966409],[254201.30194492,1973246.28830863],[254087.16694166,1973389.6657745],[254023.3824605,1973454.32401568],[254009.90845381,1973467.98259781],[253922.06661146,1973558.9994465],[253803.53304106,1973690.23304231],[253603.71330222,1973529.00652452],[253656.5350593,1973464.8658195],[253664.24473672,1973454.32401568],[253718.81294494,1973379.71034323],[253721.88893197,1973375.65088157],[253844.28037365,1973219.70049621],[253962.66347618,1973064.48709511],[254113.25587452,1972866.60433799],[254254.70505235,1972685.49651218],[254418.49595809,1972474.8138552],[254442.87737538,1972443.24304563],[254535.85727048,1972322.84600197],[254554.39057012,1972298.85788011],[254574.34018606,1972273.03658398],[254700.27360977,1972114.30799785],[254773.12623219,1972018.03846108],[254792.74845932,1971989.05195029],[254786.35524156,1971937.1393218],[254721.02733778,1971670.06347986],[254702.24853297,1971603.54194835],[254636.06589199,1971518.67554727],[254554.39057012,1971419.55914105],[254510.77111744,1971366.62511775],[254391.05019208,1971241.76230547],[254247.85337884,1971152.44441192],[254218.69345842,1971134.25613937],[254006.52241136,1971014.23367253],[253831.71631697,1970912.48087131],[253758.14949777,1970873.32433852],[253744.80412404,1970868.01675973],[253691.9268876,1970846.98699288],[253603.36596388,1970833.18529047],[253348.40461083,1970796.57545516],[253096.87537649,1970767.75439706],[252981.3918657,1970755.06390137],[252916.837289,1970751.94029283],[252811.13298322,1970765.0364015],[252802.17270516,1970804.61096292],[252801.56143899,1970807.20361625],[252726.72761186,1971112.4468585],[252718.26943039,1971152.44441192],[252677.50556179,1971345.0527241],[252635.62757615,1971522.37981954],[252579.97548883,1971789.28723366],[252576.74830302,1971803.32071367],[252554.80958028,1971898.72167446],[252530.98010626,1971978.15317425],[252519.67603105,1972005.58288569],[252487.36667132,1972063.04548847],[252427.92347318,1972120.76354797],[252300.65681241,1972231.01168093],[252181.00427631,1972313.75013674],[252008.22347591,1972453.76021426],[251978.16951023,1972476.69431079],[251900.10895812,1972536.26209817],[251809.8189357,1972583.26850591],[251756.43235299,1972601.06122078],[251747.54169932,1972604.02430359],[251590.01543814,1972655.65063323],[251378.96100966,1972717.43396263],[251266.20530265,1972783.80870038],[251143.02710099,1972863.36129971],[251014.579,1972949.8672],[250903.109,1973018.8145],[250760.9375,1973108.6998],[250712.6797,1973226.9236],[250636.9652,1973441.0129],[250494.1343,1973666.8696],[250470.7553,1973692.6178],[250443.6054,1973709.6845],[250404.6706,1973720.6947],[250392.3494,1973724.179],[250269.8638,1973744.7891],[250161.859,1973771.7903],[250094.7481,1973788.568],[249856.5574,1973839.6969],[249772.6993,1973872.8378],[249717.9237,1973901.1724],[249656.6964,1973930.4756],[249625.2731,1973945.6685],[249594.2639,1973960.5469],[249542.5046,1974012.2976],[249478.8379,1974074.117],[249370.8716,1974174.7732],[249368.0402,1974177.3461],[249309.7544,1974227.8586],[249226.1022,1974285.9645],[249102.1666,1974372.9831],[248996.8201,1974447.1158],[248889.4664,1974527.3227],[248856.4834,1974557.557],[248767.1185,1974642.9768],[248705.2429,1974701.448],[248599.1564,1974796.3504],[248508.02245881,1974884.22956161],[248501.28982153,1974890.72174558],[248471.79259858,1974919.16549732],[248466.74752944,1974923.81210862],[248324.73621401,1975048.72946942],[248229.31514137,1975135.29704048],[248198.93062451,1975162.86237536],[248149.1169455,1975210.85360271],[248123.11507866,1975238.64870174],[248100.0489483,1975275.17007481],[248094.89276496,1975283.85417308],[248081.58611416,1975306.26537442],[248066.52121819,1975342.98605834],[248056.52261365,1975372.98187197],[248043.7976191,1975411.15685563],[248011.4606217,1975520.45590682],[247989.73597386,1975594.0172144],[247932.59783143,1975787.49130427],[247906.76865012,1975874.94556251],[247808.85970609,1976201.08814695],[247768.69679455,1976316.65655649],[247714.40111366,1976510.56970252],[247654.3095774,1976708.98828309],[247584.7746137,1976951.52802278],[247516.31733295,1977170.06472671],[247498.47992695,1977230.13481455],[247472.1158198,1977318.91982245],[247438.34471761,1977442.31423432],[247401.75285665,1977581.49399116],[247375.79879692,1977685.94325596],[247347.83338656,1977798.48698054],[247301.06309555,1977990.11525621],[247275.24432793,1978120.50003268],[247257.36901943,1978190.08040412],[247232.90010645,1978254.63053608],[247229.58117379,1978263.38603502],[247195.31770686,1978336.65153346],[247167.7476283,1978395.60457378],[247165.83558524,1978399.8110685],[247106.03238345,1978531.37811246],[247101.4428094,1978541.47517535],[247081.35583082,1978585.64157223],[247045.14250191,1978650.88419225],[246997.3873,1978738.2728],[246994.7414,1978864.6116],[246951.7465,1978878.5023],[246982.8351,1978970.4451],[247048.9811,1978959.2003],[247058.2415,1978978.3827],[247089.9916,1978974.4139],[247115.1271,1979122.5809],[247137.6167,1979119.935],[247154.5041,1979170.4998],[247159.0098,1979217.8095],[247104.0432,1979233.0592],[247102.9849,1979291.7968],[247118.3307,1979320.3719],[247131.9528,1979318.5559],[247139.4407,1979342.9047],[247160.6642,1979411.9179],[247165.9558,1979446.3138],[247224.6276,1979491.023],[247278.0733,1979553.3379],[247358.1395,1979459.4275],[247423.3673,1979391.7949],[247482.8986,1979373.9355],[247501.4195,1979391.7949],[247540.992,1979450.9601],[247550.7682,1979485.1769],[247498.0747,1979548.3109],[247506.0123,1979611.811],[247503.8036,1979655.9108],[247508.3935,1979706.2674],[247521.8873,1979739.605],[247621.9503,1979734.314],[247633.1618,1979788.0549],[247642.7064,1979833.8057],[247647.7597,1979858.028],[247676.9169,1980006.1639],[247706.8721,1980167.9654],[247657.8503,1980177.5905],[247659.4378,1980227.5968],[247616.5752,1980225.6125],[247614.6056,1980239.5786],[247588.8116,1980238.3927],[247564.9814,1980239.5031],[247561.7137,1980253.1658],[247561.8064,1980258.5532],[247530.4532,1980256.1719],[247526.9044,1980275.6802],[247422.503,1980277.6032],[247417.8904,1980296.6012],[247402.2623,1980306.5751],[247398.6904,1980327.6095],[247375.6716,1980340.3096],[247384.4029,1980397.4597],[247414.7154,1980390.2639],[247524.921,1980372.5218],[247573.3158,1980379.9972],[247580.9704,1980422.0623],[247522.9125,1980424.4472],[247530.4532,1980506.2037],[247616.4467,1980506.0364],[247694.2967,1980513.0828],[247704.2186,1980490.9239],[247822.3774,1980564.5629]]]]},"geometry_name":"geometry","properties":{"ogc_fid":50,"zoning":"N","zone_name":"Agriculture Zone","h":10,"e":0,"cos":0}},{"type":"Feature","id":"glup2030_cdudcp_v1.51","geometry":{"type":"MultiPolygon","coordinates":[[[[253649.3867,1993675.0199],[253690.33731358,1993616.95059894],[253753.1815,1993527.8355],[253755.14485724,1993523.4179526],[253814.5447,1993389.7685],[253848.4262,1993222.3939],[253883.14132665,1993123.41287081],[253917.8067,1993024.5737],[253953.2419,1992992.3599],[253966.51587094,1992986.20687818],[254073.4791,1992936.6251],[254144.5942,1992888.9259],[254222.7934,1992801.8818],[254251.3122,1992667.8436],[254283.5623,1992614.4005],[254328.10540901,1992566.5580339],[254360.78,1992531.4632],[254367.7851666,1992513.7659333],[254390.5353,1992456.2919],[254485.4056,1992284.5419],[254498.018,1992265.3944],[254532.0599,1992209.83],[254542.21233629,1992196.11609178],[254690.65121282,1991995.60489697],[254716.6715,1991960.4567],[254793.1026,1991878.334],[254818.887,1991768.5424],[254821.73677786,1991759.31811519],[254842.1416,1991693.2709],[254855.42049686,1991657.78422133],[254875.9334,1991602.9653],[254941.6655,1991498.0979],[255003.8228,1991375.0264],[255018.8942,1991277.0628],[255028.08569717,1991247.06935796],[255032.1053,1991233.9527],[255100.40584951,1991138.35318247],[255116.2445,1991116.184],[255214.5984,1990943.1869],[255247.19236748,1990964.26820978],[255252.5374,1990967.7253],[255243.0892,1990984.7699],[255228.86271992,1991009.07119707],[255227.5207,1991011.3636],[255324.7314,1991067.0294],[255326.00475196,1991064.55550289],[255359.01644055,1991000.41964431],[255374.32968422,1990970.66872661],[255467.323,1990789.9992],[255582.44318217,1990641.78218933],[255654.3747,1990549.1705],[255687.0608,1990424.7523],[255730.6017,1990369.1168],[255831.0927,1990149.3767],[255836.40957128,1990129.33616444],[255856.7131,1990052.8074],[255901.89812472,1989967.57753749],[256037.0994,1989712.5553],[256173.64154525,1989510.20992619],[256203.9619,1989465.2774],[256375.02953279,1989222.33276299],[256396.3815,1989192.0094],[256450.5233,1989102.6754],[256699.6689,1988839.0449],[256719.3453,1988820.7739],[256988.7557,1988735.1154],[257135.72891759,1988669.74527537],[257259.50041404,1988614.69471391],[257515.2754,1988500.9322],[258085.05581625,1988348.27412437],[258300.7578,1988290.4823],[258460.3212,1988299.0908],[258472.74430307,1988297.64842642],[258643.8226,1988277.7859],[258676.9609,1988314.5052],[258700.34766804,1988357.58831646],[258780.9359,1988506.048],[258854.7073,1988579.8194],[259149.8602,1988714.8656],[259170.90798795,1988728.45894622],[259220.1919,1988760.2881],[259331.0788,1988797.2503],[259457.4409,1988793.239],[259582.7164,1988761.5759],[259710.008,1988749.004],[259729.89355218,1988737.83750255],[259852.37784135,1988669.05789356],[259872.15219926,1988657.95383593],[259896.51,1988644.276],[259937.0347,1988631.0614],[260170.5175,1988577.0686],[260256.76015966,1988516.89935168],[260282.56937494,1988498.89293711],[260316.91083565,1988474.93379803],[260321.6169,1988471.6505],[260336.30309014,1988455.63850189],[260428.064,1988355.5938],[260465.40072001,1988225.89804014],[260480.181,1988174.5561],[260487.4197,1988170.5191],[260507.29873804,1988166.39324913],[260560.7787,1988155.2936],[260603.3915356,1988156.00383148],[260641.7047,1988156.6424],[260703.2127,1988182.9321],[260755.5456,1988265.1696],[260830.5616,1988388.1301],[260862.0287,1988476.5777],[260770.0096,1988556.6381],[260779.3291,1988621.3259],[260878.7376,1988745.5869],[261017.1081,1988807.4894],[261148.7236,1988802.8713],[261169.2305,1988797.3784],[261173.9452,1988805.4211],[261284.0618,1988913.0414],[261376.1773,1988975.9497],[261414.5791,1988988.0187],[261492.3381,1989039.858],[261528.58968595,1989040.87210411],[261581.0417,1989042.3394],[261630.0896,1989059.0481],[261640.9595,1989108.2487],[261708.2968,1989187.1957],[261702.4122,1989227.2108],[261726.78809971,1989270.2271763],[261789.1092,1989380.2058],[261884.6916,1989461.3396],[261916.0485,1989485.3184],[261965.9963,1989541.0933],[262073.99652191,1989604.62274104],[262417.49510007,1989028.63905468],[262312.356,1989047.51],[262281.595,1989064.1938],[262274.40873424,1989001.91131557],[262267.36,1988940.8208],[262150.8706,1988804.0722],[262128.5392,1988798.4894],[262126.8566656,1988776.13610166],[262121.3849,1988703.441],[262023.5478,1988614.4982],[261906.1356,1988528.2074],[261755.36315686,1988508.75284185],[261741.33406104,1988506.94263134],[261728.7897,1988505.324],[261593.4989,1988595.5183],[261552.7396,1988612.1506],[261538.5834,1988602.4829],[261491.8933,1988556.8512],[261482.5811,1988540.9659],[261392.875,1988431.8054],[261307.7866,1988380.3566],[261215.4664,1988371.1246],[261110.4433,1988330.3839],[261094.2284,1988289.3285],[261184.0603,1988166.8713],[261084.5606,1988037.1414],[260974.2297,1987863.7642],[260726.7927,1987758.0051],[260523.0077,1987754.6085],[260346.1214,1987791.3208],[260269.46018506,1987834.07417977],[260212.0839,1987866.0725],[260116.662,1987991.4028],[260069.6978,1988154.5414],[260056.6126,1988168.8078],[260005.0603,1988204.7745],[259991.19935385,1988207.97984069],[259829.7624,1988245.3121],[259735.0281,1988276.2038],[259587.2604,1988359.1809],[259513.6675,1988366.4493],[259401.437,1988394.8153],[259392.0524,1988395.1133],[259342.5798,1988363.1622],[259247.10814035,1988319.47945999],[259096.8794,1988250.7428],[259011.1055,1988095.4579],[258943.4286,1987776.5079],[258892.19715858,1987776.98041787],[258649.8212,1987779.2159],[258612.7419,1987777.1287],[258454.2061,1987796.451],[258416.2174425,1987794.86813246],[258245.1982,1987787.7423],[258018.3806829,1987848.51223918],[257707.18612786,1987931.88884263],[257347.9558,1988028.1354],[256810.8663,1988267.0198],[256634.07791429,1988323.22939833],[256461.1609,1988378.2081],[256347.4893,1988483.7601],[256050.5429,1988797.9706],[256005.16808644,1988872.83896141],[255977.6867,1988918.1832],[255889.45705536,1989043.48399273],[255792.2869,1989181.4818],[255607.788,1989454.8957],[255503.90006955,1989650.85335636],[255388.1301,1989869.2234],[255358.7181,1989980.0841],[255342.30807118,1990015.96740096],[255300.4615,1990107.472],[255229.704,1990197.8841],[255218.51844624,1990240.46138669],[255196.7745,1990323.2287],[255131.88699494,1990406.77123277],[255045.1644,1990518.4264],[254902.92928622,1990786.75399966],[254868.61476147,1990851.48860574],[254833.82639251,1990917.11712242],[254832.4932,1990919.6322],[254855.96612062,1990936.29048668],[254901.1315,1990968.3435],[254928.71378754,1990987.91811573],[254948.0736,1991001.6574],[254951.266,1991003.7653],[254850.4297,1991144.1996],[254823.4242,1991232.323],[254815.62064099,1991283.04613357],[254810.9788,1991313.2181],[254805.18006584,1991324.69959683],[254803.94439291,1991327.1462299],[254802.14552023,1991330.7079988],[254767.3026,1991399.697],[254695.7157,1991513.905],[254669.30857866,1991584.4756726],[254652.7781,1991628.6519],[254625.7618,1991716.0995],[254610.5357,1991780.9333],[254570.23605452,1991824.23392923],[254562.6123,1991832.4254],[254415.11642118,1992031.66271665],[254375.938331,1992084.58444993],[254366.0996,1992097.8746],[254352.15199891,1992121.98751496],[254319.4753,1992178.4797],[254286.28302388,1992180.62038103],[254255.754,1992182.5893],[254231.35429447,1992226.95236233],[254163.885,1992349.6237],[254145.6804,1992395.6143],[254082.9157,1992463.0281],[254049.17399775,1992518.94283646],[254020.06205287,1992567.18541513],[254015.5374,1992574.6834],[253992.1708,1992684.5066],[253979.4509,1992698.6652],[253950.5265,1992718.0657],[253851.09617095,1992764.15570907],[253813.3871,1992781.6354],[253702.8314,1992882.1405],[253677.52318881,1992954.3002217],[253676.32687512,1992957.71119618],[253606.8139,1993155.9092],[253574.9551,1993313.2914],[253569.77214674,1993324.95302875],[253542.62030652,1993386.0445849],[253534.7102,1993403.8423],[253497.05003747,1993457.24552859],[253488.6606,1993469.142],[253426.14133727,1993493.32757689],[253212.61603556,1993575.92984021],[253115.6385,1993613.4456],[253075.23212359,1993618.47222454],[253013.08900565,1993626.2029381],[252999.9231,1993627.8408],[252979.80425287,1993629.20478631],[252948.739,1993631.3109],[252943.9741,1993630.1803],[252864.04970685,1993596.47063682],[252836.5839,1993584.8864],[252826.15130953,1993583.96445629],[252726.80760502,1993575.18530366],[252619.78934067,1993499.86178144],[252605.62985739,1993482.34876032],[252599.3294,1993474.5561],[252550.3335,1993405.9619],[252503.86417315,1993368.46037205],[252478.5345,1993348.0189],[252436.82732919,1993281.47492614],[252365.6334,1993167.8847],[252320.66483713,1993121.75319094],[252219.1598,1993017.6231],[252203.1532,1992982.6386],[252182.5488,1992932.2108],[252178.11075136,1992924.08782111],[252149.2339,1992871.2344],[252078.4362879,1992742.86909984],[252020.5383,1992637.8925],[251955.23518437,1992498.22528929],[251954.1583,1992495.9221],[251896.53475568,1992366.10167963],[251849.2236,1992259.5141],[251825.41514215,1992100.53876709],[251823.8593,1992090.15],[251758.19589246,1991957.58419593],[251745.2851,1991931.519],[251685.9975,1991875.9369],[251650.39576458,1991825.20453158],[251623.8566,1991787.3863],[251580.44816878,1991805.44043588],[251530.16083256,1991826.35559856],[251506.6137,1991767.8936],[251506.46856925,1991757.78272319],[251506.25293047,1991742.75973851],[251503.93170497,1991581.04608174],[251503.6408,1991560.7795],[251535.2044,1991382.5978],[251548.64044297,1991335.51225734],[251583.6337892,1991212.88086208],[251587.7679,1991198.3932],[251618.4325938,1991193.80909853],[251626.50427734,1991192.60245297],[251634.966,1991191.3375],[251633.94127549,1991168.67969337],[251624.8886,1990968.5149],[251621.82925902,1990958.2097792],[251601.40873132,1990889.42502922],[251592.43953928,1990856.07083275],[251586.65882412,1990834.57378951],[251584.46826108,1990826.42762989],[251577.98049007,1990802.30122165],[251550.0895813,1990658.50804854],[251545.17254892,1990633.15800732],[251535.4831,1990583.2035],[251531.36608491,1990565.82050835],[251522.96061029,1990530.33064698],[251506.1727,1990459.4482],[251489.64695853,1990396.1668466],[251481.10010007,1990363.43870721],[251480.59077585,1990361.48837256],[251479.69945846,1990358.07528692],[251478.80814107,1990354.66220129],[251478.29881684,1990352.71186665],[251467.09167635,1990309.79681683],[251461.5213,1990288.4664],[251447.87894104,1990248.93142302],[251432.49980106,1990204.36332838],[251422.79428981,1990176.2371689],[251408.2082,1990133.9673],[251389.94471311,1990083.09051818],[251387.94410176,1990076.30795353],[251372.79468621,1990035.31551323],[251338.37017249,1989939.41879405],[251334.6914,1989929.1708],[251315.39968224,1989866.54265274],[251260.9704,1989689.8448],[251249.18240851,1989661.32544591],[251235.40928153,1989628.00334134],[251232.622778,1989621.26179587],[251231.18054634,1989617.77252329],[251228.3757,1989610.9866],[251200.52705585,1989516.86862006],[251173.62448814,1989425.94802391],[251162.8393755,1989389.4983853],[251131.16397673,1989282.44740899],[251127.47579705,1989269.98274394],[251117.42985139,1989236.0312127],[251116.1998,1989231.8741],[251114.6518256,1989225.61470421],[251096.43536731,1989151.9545569],[251095.79156401,1989149.35127117],[251094.14,1989142.673],[251080.50283397,1989136.37975096],[251059.2822,1989126.5869],[251059.48377981,1989106.92554161],[251061.85534918,1988875.61132645],[251062.53773536,1988809.0538711],[251064.0651672,1988660.07374763],[251064.78339366,1988590.02056149],[251065.20372846,1988549.02264096],[251065.58285118,1988512.04439559],[251065.6625026,1988504.27548669],[251066.14884081,1988456.83983333],[251066.45779179,1988426.70556923],[251066.9133,1988382.2765],[251185.0008,1988349.6661],[251275.93788014,1988332.82822768],[251349.51780001,1988319.20420001],[251367.92647365,1988320.23365516],[251428.6841411,1988323.63136298],[251467.42070001,1988325.7976],[251470.28193751,1988264.94711844],[251475.94925463,1988144.4192085],[251476.058,1988142.10650001],[251485.24391327,1988100.41551494],[251507.49725254,1987999.41699591],[251529.16840001,1987901.0608],[251602.45022908,1987723.43848915],[251605.2095,1987716.75050001],[251627.89667051,1987679.59827885],[251662.9743,1987622.1556],[251754.40140001,1987502.59490001],[251938.83801526,1987343.52133323],[251980.95209265,1987317.44523859],[252045.0911,1987277.73180001],[252078.38179097,1987275.40397393],[252179.90130001,1987268.3053],[252354.54370001,1987317.79480001],[252667.3742,1987078.64780001],[252640.60778253,1986940.13929994],[252528.22591782,1986358.59552298],[252495.72701598,1986190.42306771],[252454.49399088,1985977.05404044],[252451.7175,1985962.68650001],[252485.95734305,1985642.93055763],[252491.4867,1985591.29350002],[252491.12769223,1985591.29892911],[252131.514,1985596.73720001],[252131.51416439,1985596.7317772],[252134.5371,1985497.0136],[252156.8815,1985348.9899],[252204.69524459,1985171.86225203],[252242.0602,1985033.4425],[252207.0855999,1984931.94778355],[252167.1813,1984816.1473],[252123.1137,1984614.3133],[252100.4286,1984526.2609],[252100.8199,1984465.6008],[252114.3953,1984298.995],[252132.0492775,1984127.59838286],[252136.1808,1984087.4868],[252132.3426,1984023.1964],[252155.2331,1983876.8966],[252155.7543211,1983841.86227004],[252157.3339,1983735.6895],[252160.7346,1983578.6917],[252159.10562886,1983554.92355535],[252153.9635,1983479.8953],[252134.705,1983265.1974],[252114.3139,1983161.2032],[252089.8849,1982944.3214],[252089.73173763,1982839.08943116],[252089.5614,1982722.057],[252075.8048,1982533.0926],[252068.92400218,1982401.50770714],[252059.53625456,1982221.98117599],[252057.0022,1982173.5212],[252036.15897914,1981915.69175104],[252017.8992,1981811.35],[252010.29047744,1981709.94078525],[252007.6901,1981675.2829],[251998.80115502,1981608.98613762],[251988.2872,1981530.5695],[251977.2812,1981416.4208],[251981.39854739,1981377.8932735],[251982.2106,1981370.2946],[251979.93382968,1981326.19890538],[251972.4889,1981182.0081],[251983.2774,1981156.3169],[251981.0475,1981092.5229],[251974.6246,1980981.0003],[251962.8571471,1980875.49838452],[251959.8122,1980848.1987],[251958.6581186,1980787.80103094],[251957.68583812,1980736.91772682],[251956.5479,1980677.3649],[251924.2115,1980461.0616],[251932.4974,1980437.654],[251933.60183948,1980430.39624649],[251943.8593,1980362.99],[251943.67278549,1980360.15030662],[251937.08099178,1980259.78989373],[251932.0239,1980182.7954],[251924.89434267,1980078.79999147],[251919.68790899,1980002.8562587],[251901.90209026,1979743.42311331],[251896.12180636,1979659.10890454],[251879.51059453,1979416.80918257],[251873.99286063,1979336.32466393],[251872.03330243,1979307.74153514],[251864.3036,1979194.9921],[251860.2637,1979090.5309],[251857.6896282,1979075.17224133],[251846.57714109,1979008.86760405],[251843.2717,1978989.1451],[251839.6304,1978949.9311],[251846.6672,1978888.1071],[251841.6315,1978812.5705],[251832.9121,1978776.447],[251826.66678092,1978720.42875836],[251819.4453,1978655.6547],[251824.5548,1978555.7889],[251824.5548,1978489.85989937],[251824.5548,1978443.3228],[251826.14307918,1978407.74528415],[251828.86505378,1978346.77294653],[251835.7847,1978191.7726],[251830.56070261,1978146.81463248],[251819.65725229,1978052.97902561],[251815.6097,1978018.1456],[251800.8797,1977915.8924],[251738.56563241,1977918.21516521],[251713.28466109,1977919.15751681],[251661.00076238,1977921.10640613],[251597.8811,1977923.4592],[251598.2336257,1977746.48507929],[251598.2778,1977724.3088],[251598.95525601,1977591.52610006],[251599.0982,1977563.5088],[251592.38425081,1977531.43131585],[251586.8051,1977504.7756],[251569.0273,1977447.721],[251538.8475,1977435.47],[251509.7895289,1977329.42355213],[251500.5842,1977295.8289],[251485.08859816,1977218.16402265],[251468.4268,1977134.6541],[251469.656,1977110.6852],[251496.27794532,1977039.75053453],[251503.31189929,1977021.00843412],[251557.71929862,1976876.03891275],[251610.72841057,1976734.79515395],[251644.12241519,1976645.81621129],[251655.92308632,1976614.37310489],[251699.432,1976498.4428],[251704.1207,1976449.2417],[251699.8998,1976386.9976],[251687.05099381,1976324.92890284],[251686.1662148,1976322.56509648],[251653.45851055,1976235.18205668],[251633.5055,1976181.8749],[251599.60309804,1976084.09050052],[251592.2191,1976062.7929],[251615.8747,1976054.7058],[251589.33576735,1975977.62143707],[251562.8694719,1975900.74805448],[251464.08625664,1975613.82463839],[251441.02473426,1975546.84068],[251390.2162,1975399.2634],[251389.412,1975372.1885],[251404.8907,1975289.8698],[251417.5115,1975259.8528],[251432.24523955,1975273.31964229],[251453.2882,1975292.5532],[251509.0319,1975256.4425],[251580.99810093,1975182.7732852],[251606.7454,1975156.4167],[251614.9171,1975105.3438],[251660.37206641,1975090.19216373],[251693.8703,1975079.0261],[251722.84139043,1975043.90895535],[251809.3294,1974939.073],[251848.6032,1974945.304],[251888.2412,1974971.0429],[251979.8849,1974987.4917],[252055.8552,1975028.6957],[252160.1426,1975022.1072],[252180.41942646,1975000.81658072],[252202.05568219,1974978.09856395],[252216.5873,1974962.8404],[252260.2919,1974932.9373],[252304.3857,1974928.1271],[252393.4343,1974832.7174],[252384.8053,1974805.6799],[252389.1137,1974802.3735],[252393.3542,1974766.3303],[252420.4092,1974765.2623],[252440.53486071,1974800.481777],[252443.8528,1974806.2881],[252530.56300587,1974797.16081437],[252601.1347,1974789.7323],[252601.1347,1974829.6744],[252618.61651531,1974842.5384107],[252626.8149,1974848.5712],[252618.61651531,1974866.45839343],[252605.1898094,1974895.75271115],[252596.0434,1974915.7083],[252618.61651531,1974936.43113143],[252715.3905,1975025.2727],[252735.11620949,1975072.61423885],[252749.0807,1975106.1289],[252885.3934,1975121.0377],[252939.7479,1975122.1505],[253006.9812,1975176.5776],[253002.4639,1975184.041],[253017.39731287,1975206.179147],[253074.7789,1975291.2449],[253059.9622,1975309.8547],[253093.95004859,1975443.19164445],[253100.582,1975469.2093],[253089.04325424,1975522.28729756],[253082.7499,1975551.2366],[253168.8706,1975618.7365],[253196.586,1975645.3432],[253236.5919,1975666.7749],[253227.423,1975684.2792],[253308.05299119,1975779.88320744],[253322.82359394,1975797.39689923],[253328.807,1975804.4915],[253325.37641434,1975814.22477532],[253315.9147,1975841.0696],[253318.00533499,1975853.33462632],[253340.4961,1975985.2801],[253355.04765155,1975998.54764777],[253391.06497486,1976031.38686467],[253403.6875,1976042.8956],[253391.0949,1976033.4511],[253411.4265,1976120.8765],[253504.57304432,1976158.13523592],[253521.7599,1976165.01],[253542.45918146,1976161.07333757],[253547.80024645,1976160.05755497],[253557.90795157,1976158.13523592],[253594.39973813,1976151.19509911],[253668.5418,1976137.0945],[253678.17866459,1976136.22689628],[253721.37722213,1976132.33774447],[253727.10900383,1976131.82171406],[253776.03934307,1976127.41653183],[253795.1745,1976125.6938],[253790.1917,1976111.7416],[253788.87320827,1976110.06350623],[253711.56772484,1975918.30799515],[253707.6416,1975895.312],[253704.4376,1975885.7001],[253694.9416,1975857.2119],[253678.0082,1975814.8785],[253667.4248,1975782.5993],[253658.3726,1975753.9338],[253654.7248,1975742.3825],[253635.85535741,1975690.49156472],[253636.7034,1975683.9899],[253621.55934396,1975651.17755633],[253608.158,1975614.3239],[253586.9913,1975566.6988],[253570.058,1975520.1321],[253557.3579,1975484.1487],[253539.3662,1975426.9986],[253533.0162,1975395.2485],[253524.5495,1975347.6234],[253517.1412,1975304.2316],[253516.3119,1975299.6705],[253466.5326,1975318.3769],[253453.21422603,1975322.45395829],[253448.74547524,1975313.14407919],[253400.69031635,1975320.9619046],[253365.2535,1975327.7767],[253384.93132637,1975303.06136322],[253433.5486,1975241.9981],[253312.35487504,1975170.82080748],[253305.2265,1975166.6343],[253309.30570827,1975159.89475388],[253358.67920304,1975078.32133968],[253372.2127,1975055.9617],[253248.1964798,1974966.55440455],[253229.7093,1974953.2264],[253238.09347007,1974944.71897101],[253276.4804,1974905.7677],[253180.0276,1974765.2221],[253095.2773,1974738.102],[252968.87704222,1974729.01451558],[252961.8749,1974728.5111],[252925.09302099,1974766.09233879],[252919.9928,1974771.3034],[252920.42613868,1974766.87498215],[252934.2386,1974625.7213],[252841.89448606,1974593.12924143],[252786.2483,1974573.4894],[252717.3888,1974507.7364],[252700.54614926,1974501.17436517],[252693.6701,1974498.4954],[252667.6732,1974454.7732],[252638.67638182,1974454.7732],[252499.6097,1974454.7732],[252420.6913,1974415.3144],[252354.58585173,1974463.79149649],[252342.8922,1974472.3668],[252334.31988482,1974470.1873941],[252272.9726,1974454.5906],[252215.79309793,1974494.48318788],[252202.60053331,1974503.68728244],[252155.0844,1974536.838],[252146.50058323,1974553.55390471],[252145.1200374,1974556.24234427],[252115.2236,1974614.4619],[252120.52014873,1974703.44380568],[252121.7904,1974724.784],[252101.6646,1974738.5542],[252095.9208,1974730.5369],[252013.64979273,1974722.30970843],[251996.3069,1974720.5754],[251973.701,1974728.4532],[251940.2203,1974706.7125],[251843.75958982,1974691.40866605],[251765.8271,1974679.0444],[251657.5415,1974730.2124],[251630.28668516,1974763.24912492],[251576.10759002,1974828.92191972],[251546.7095,1974864.5566],[251483.1895,1974885.7299],[251400.6552,1974954.0341],[251386.1720871,1974993.86266047],[251374.85446913,1975024.98610991],[251373.05158557,1975034.62956583],[251372.4297,1975038.5162],[251349.6952,1975061.7887],[251232.3262,1975137.8202],[251010.91463088,1975217.97576586],[250892.06263783,1975267.24840641],[250781.98546491,1975312.88325724],[250668.42619967,1975369.15136164],[250641.76440877,1975377.57087456],[250586.23885744,1975400.19239546],[250538.8766949,1975431.13567499],[250499.81838173,1975456.15054972],[250432.15664266,1975483.83035206],[250424.13198957,1975484.02141523],[250340.39642661,1975493.12310686],[250270.59066257,1975510.13459557],[250231.51395973,1975520.06177025],[250177.42598228,1975533.80245873],[250163.47099684,1975539.37848061],[250140.55718423,1975548.53419925],[250117.6665,1975558.613],[250042.4441,1975610.3858],[249957.7797,1975660.0166],[249951.75158733,1975666.04473753],[249933.525,1975684.2714],[249896.5358,1975722.6056],[249870.6614,1975749.4041],[249845.2713,1975790.2099],[249799.9373,1975871.523],[249784.4584,1975907.5012],[249774.4273,1975935.445],[249770.40534895,1975946.10780481],[249760.8936,1975971.3249],[249739.487,1976024.3623],[249718.3337,1976074.2709],[249701.0474,1976117.015],[249689.6361,1976140.6933],[249678.9039,1976161.9246],[249654.5036,1976194.2041],[249618.9169,1976235.498],[249589.3549,1976275.9514],[249555.2214,1976330.236],[249541.6583,1976364.1437],[249537.0266,1976388.4605],[249535.7195,1976435.5143],[249537.9301,1976493.3579],[249540.0158,1976516.2996],[249541.22677449,1976529.18915128],[249543.1885355,1976541.98596671],[249545.89438474,1976554.64635262],[249549.33508332,1976567.12708115],[249553.49888326,1976579.38553789],[249558.3715676,1976591.37986733],[249563.93649896,1976603.06911583],[249570.17467634,1976614.41337139],[249577.0648,1976625.3739],[249590.0733,1976641.2732],[249611.3077,1976666.2329],[249662.119,1976719.7723],[249678.7213,1976737.6136],[249691.2474,1976756.0641],[249692.7993,1976760.6552],[249696.2993,1976777.9714],[249697.3344,1976800.7417],[249697.175,1976802.9328],[249693.9477,1976814.3899],[249689.7094,1976827.1047],[249646.4849,1976917.5963],[249589.2497,1977036.3674],[249551.0404,1977116.5388],[249519.0104,1977193.411],[249491.1367,1977257.0201],[249478.7676,1977298.2506],[249477.3482,1977336.5707],[249481.5145,1977372.2153],[249495.4858,1977454.7849],[249506.753,1977549.7516],[249519.332,1977613.8254],[249528.8326,1977703.5113],[249536.7863,1977773.0196],[249524.3684,1977896.4671],[249506.25158846,1977998.40888408],[249452.0799,1977995.2223],[249447.53962339,1978027.00419465],[249458.01214242,1978027.41188317],[249454.7596106,1978148.0195],[249452.24033178,1978241.43725313],[249445.27014242,1978499.89988317],[249422.37073584,1978645.8723715],[249438.58024969,1978644.08049036],[249442.85360761,1978700.4186516],[249413.66280214,1978701.38117896],[249405.75714242,1978751.77588318],[249339.59614242,1979000.48788317],[249331.34725273,1979055.21064431],[249298.56477194,1979272.68813934],[249291.21414242,1979321.45188317],[249248.60114242,1979596.35688317],[249247.22546259,1979612.16581273],[249231.14614242,1979796.94488317],[249287.41332943,1979979.37207953],[249295.93814242,1980007.01088317],[249307.52834372,1980056.67668664],[249309.46414242,1980064.97188317],[249312.33984,1980066.45488355],[249418.91514242,1980121.41588317],[249428.72014242,1980145.81688317],[249436.97293825,1980180.33626523],[249439.5027927,1980190.91801404],[249442.37814242,1980202.94488318],[249522.94214242,1980256.14188318],[249553.76814242,1980241.98288317],[249557.54244116,1980235.12070444],[249574.43714242,1980204.40388317],[249624.83414242,1980195.15088317],[249658.97714242,1980132.30088317],[249673.96914469,1980100.72984835],[249724.3647959,1979994.60373987],[249729.88314242,1979982.98288317],[249732.80414242,1979945.12488317],[249784.27614242,1979886.14688317],[249785.68114242,1979726.73688317],[249799.23914242,1979632.60988317],[249768.34148213,1979481.50201605],[249763.41387695,1979479.9621315],[249759.7831101,1979447.7659872],[249757.74149808,1979429.66181305],[249750.12914242,1979392.43288317],[249751.65533381,1979375.69221612],[249749.3615349,1979355.35175252],[249753.42197258,1979356.31410171],[249767.13694238,1979205.87573325],[249767.69514242,1979199.75288317],[249763.40930921,1979196.78961274],[249706.38714242,1979157.36388317],[249725.45656849,1979123.21838437],[249731.78214242,1979111.89188317],[249742.87614242,1978897.60388317],[249743.76157873,1978864.34508408],[249746.86514242,1978747.76888317],[249750.89242684,1978649.4979562],[249756.33714242,1978516.63988318],[249752.0852413,1978476.54166297],[249705.02714242,1978032.75288318],[249728.57699916,1978034.47441264],[249736.3752,1977910.873],[249724.14010958,1977908.77101715],[249737.9339,1977771.644],[249727.6314,1977681.6081],[249717.2882,1977583.9686],[249704.467,1977518.661],[249693.5092,1977426.3023],[249679.5669,1977343.9039],[249677.9718,1977330.2569],[249679.2051,1977326.1457],[249702.9254,1977272.015],[249712.76933198,1977248.38957604],[249733.734,1977198.0744],[249769.6081,1977122.8028],[249826.8055,1977004.1099],[249875.5238,1976902.1167],[249885.1763,1976873.1595],[249895.1782,1976837.653],[249897.6646,1976803.4637],[249895.3923,1976753.4736],[249886.3247,1976708.6126],[249872.0016,1976666.2399],[249835.5795,1976612.5914],[249807.864,1976582.8075],[249760.1179,1976532.4979],[249743.6491,1976513.1398],[249741.0866,1976510.0078],[249740.25263183,1976507.46607466],[249739.7398668,1976504.84063324],[249739.5562,1976502.1719],[249737.5839,1976480.4765],[249735.8257,1976434.4709],[249736.283,1976418.0086],[249754.9509,1976388.32],[249775.6597,1976359.9816],[249810.1878,1976319.9159],[249849.2877,1976268.19],[249868.9825,1976229.2285],[249884.0296,1976198.0056],[249903.1237,1976150.7913],[249924.3038,1976100.8195],[249947.215,1976044.0545],[249962.1241,1976004.528],[249970.6138,1975980.878],[249979.6089,1975959.9706],[250017.6189,1975891.7939],[250029.2704,1975873.0683],[250040.4378,1975861.5022],[250076.2092,1975824.43],[250081.0587,1975819.5804],[250149.8529,1975779.2528],[250163.0474569,1975770.17148828],[250215.5215,1975734.0556],[250242.3451,1975722.2452],[250267.75834262,1975720.19214263],[250275.5189,1975727.9527],[250312.5607,1975725.8361],[250357.0108,1975704.6694],[250380.32969961,1975689.96053895],[250437.34173245,1975683.76357886],[250473.76716826,1975682.89630657],[250509.87124845,1975668.12645559],[250592.37246839,1975634.37595652],[250647.50601027,1975599.0657106],[250666.77645952,1975586.47568375],[250679.51900648,1975578.15055307],[250709.7186266,1975565.84700414],[250743.38195635,1975555.21647895],[250864.77316101,1975495.06768385],[251048.29940864,1975418.98294519],[251091.95574595,1975400.88427506],[251224.04213949,1975346.1250302],[251300.12589618,1975305.89935035],[251289.1366,1975364.3425],[251290.7136,1975417.435],[251317.47260537,1975495.15863219],[251471.37967926,1975942.19381294],[251521.3231,1976087.2584],[251544.9787,1976079.1713],[251567.05987968,1976142.85992759],[251586.4651,1976198.8303],[251639.0698,1976339.3711],[251650.2438,1976393.7514],[251653.9603,1976448.5569],[251650.2882,1976487.0904],[251578.28177826,1976678.95275125],[251505.67281285,1976872.42059047],[251475.22666261,1976953.5448823],[251448.52304149,1977024.69714081],[251420.1196,1977100.3786],[251418.1738,1977138.3213],[251431.60509328,1977205.6394702],[251451.8966,1977307.3413],[251480.7178667,1977412.52400653],[251490.6259,1977448.6832],[251473.5563,1977477.469],[251489.9091,1977529.9502],[251499.047,1977573.6092],[251498.28,1977723.9542],[251497.8829,1977923.26],[251414.78106404,1977950.94331773],[251346.61421214,1977973.65141554],[251305.9965,1977987.1822],[251319.7501,1978082.6574],[251334.4997,1978209.5922],[251333.63772444,1978228.90027908],[251324.5632,1978432.1678],[251324.5632,1978475.4312594],[251324.5632,1978481.93120929],[251324.5632,1978543.0067],[251318.0311,1978670.6789],[251339.4889,1978863.1484],[251344.1094,1978882.2905],[251340.92488124,1978910.26887445],[251337.0038,1978944.7185],[251347.1207,1979053.6689],[251361.8781,1979141.7217],[251369.74457118,1979275.19287851],[251370.7626209,1979292.46622681],[251378.6444154,1979426.19739751],[251385.97485586,1979550.57369103],[251394.4493977,1979694.36206343],[251398.6588,1979765.7834],[251417.5638,1979971.8457],[251418.9311708,1979993.08429471],[251440.5592,1980329.0202],[251427.76530511,1980365.16294761],[251411.2867,1980411.715],[251433.94780276,1980563.29927171],[251450.91096813,1980676.76899541],[251457.2659,1980719.2783],[251460.3514,1980880.7559],[251476.2302,1981023.1167],[251481.4489,1981113.7325],[251485.7804,1981231.8629],[251475.5078,1981246.8259],[251480.8948,1981355.9664],[251474.7118,1981413.8216],[251475.68873436,1981423.95382312],[251491.487,1981587.8047],[251510.1841,1981727.2543],[251521.1418,1981873.2998],[251524.01005617,1981889.6897451],[251539.7811,1981979.8095],[251552.80442728,1982141.50525822],[251552.97747788,1982143.65382955],[251558.0516,1982206.6534],[251576.7536,1982564.3028],[251589.5878,1982740.5964],[251589.63083114,1982770.16147886],[251589.8156692,1982897.15676952],[251589.9257,1982972.7548],[251619.7365,1983237.4156],[251639.033,1983335.828],[251648.69615417,1983443.55370893],[251655.4933,1983519.3289],[251658.54851327,1983563.90810302],[251659.50751242,1983577.90104366],[251660.3638,1983590.3953],[251657.4145,1983726.5565],[251655.8111,1983834.3228],[251630.0182,1983999.1736],[251634.6466,1984076.7],[251616.4801,1984253.0718],[251612.50599233,1984301.84473954],[251601.749162,1984433.85984293],[251600.9511,1984443.6542],[251600.0196,1984588.0467],[251636.6047,1984730.0523],[251684.9297,1984951.3851],[251719.3506,1985051.2729],[251705.7160006,1985101.78267239],[251680.89178751,1985193.74469603],[251666.7349,1985246.1893],[251635.6731,1985451.9626],[251631.1418022,1985601.43882876],[251631.1417,1985601.4422],[251535.81255913,1985602.70567288],[250926.6944,1985610.7788],[250941.62322239,1985661.45944106],[251014.5168,1985908.9199],[251037.6939,1986095.857],[251100.0567736,1986253.86150001],[251090.84551379,1986341.75765791],[251087.81760001,1986369.5686],[251084.27680913,1986400.51083034],[251083.3381252,1986408.71379264],[251075.37930001,1986478.26430001],[251071.5628,1986503.6952],[251060.09000001,1986506.5417],[251011.07070001,1986521.0926],[250963.13870001,1986535.3208],[250915.2067,1986549.54910001],[250834.00470001,1986573.65320001],[250807.50910033,1986958.5572078],[250804.88726442,1986995.58835392],[250800.15987942,1987062.35854528],[250797.5598,1987099.0824],[250895.6614,1987102.23170001],[250894.14727004,1987122.03188594],[250882.91890001,1987268.8646],[250870.9916,1987324.7268],[250799.06177779,1987729.52005824],[250798.2902,1987733.86220001],[250782.86027189,1987939.06685334],[250755.34430001,1988305.00540001],[250749.78800001,1988354.6967],[250817.6759,1988361.0855],[250816.3368,1988372.3934],[250813.75052156,1988648.15160484],[250812.64230013,1988766.31411426],[250811.14579295,1988925.87703178],[250809.35425493,1989116.89718686],[250809.33546684,1989118.90043919],[250809.2635,1989126.5738],[250844.70958077,1989166.23824807],[250865.84492561,1989251.70121344],[250870.4337,1989270.2564],[250903.41886077,1989385.01766191],[250987.42800115,1989677.30045621],[250992.3509,1989694.4281],[251025.56471939,1989774.85552492],[251097.4567,1990008.2437],[251172.3871,1990216.9781],[251198.8327,1990293.6165],[251207.02,1990317.3429],[251214.6097,1990339.3376],[251261.70264347,1990512.99250436],[251263.5619,1990519.8485],[251291.0325,1990635.8359],[251298.10996899,1990672.32398652],[251299.91841986,1990681.64750483],[251311.5189,1990741.4541],[251313.4216,1990751.2636],[251315.1249,1990760.0453],[251323.27976462,1990802.08817473],[251329.03963447,1990831.7835158],[251339.458,1990885.496],[251343.85658495,1990900.31222992],[251345.17631132,1990904.75760714],[251346.97675656,1990910.82224181],[251366.46397109,1990976.46313647],[251376.5253,1991010.3538],[251381.67026902,1991121.63148236],[251384.2889,1991178.2684],[251333.7022,1991360.8205],[251315.07934658,1991473.73916875],[251303.3883,1991544.6272],[251303.78205736,1991572.05904988],[251305.09104548,1991663.25217685],[251305.51405512,1991692.7219417],[251307.1693,1991808.0377],[251342.7130794,1991896.28445582],[251348.3059,1991910.1701],[251405.5881,1991911.5711],[251414.16606858,1991923.79466996],[251425.84198322,1991940.43280031],[251431.59167805,1991948.62609181],[251491.07244939,1992033.38594639],[251496.88288149,1992041.32498842],[251516.17111963,1992059.40769832],[251541.3241,1992082.9886],[251567.23791997,1992135.30517638],[251571.15804902,1992143.21939863],[251582.4259,1992165.9677],[251605.53603169,1992320.28042091],[251606.993,1992330.009],[251659.64782227,1992448.63527562],[251666.04853165,1992463.0554613],[251687.4300288,1992511.22592822],[251726.6517,1992599.5886],[251728.46250702,1992603.46146929],[251792.39125142,1992740.18927525],[251797.6007,1992751.331],[251889.23099708,1992917.46864455],[251905.42848661,1992946.83679944],[251919.92709907,1992973.12466928],[251930.61127479,1992992.50556689],[251952.28407097,1993032.17341374],[251956.4296,1993039.761],[251973.6747,1993081.9671],[251986.55371572,1993110.11587249],[252009.8686,1993161.0736],[252076.2060236,1993229.12661408],[252158.92761822,1993313.98751969],[252167.9796,1993323.2736],[252187.55834618,1993354.5115786],[252198.69969437,1993372.28765034],[252288.9419,1993516.2695],[252366.7511,1993579.0628],[252383.03481834,1993601.85997649],[252398.00164265,1993622.85957611],[252400.69777494,1993626.51208879],[252421.40149763,1993652.11926828],[252458.1168,1993697.5302],[252535.2471,1993763.6706],[252593.22231373,1993797.73850124],[252626.5037,1993817.2956],[252690.47102141,1993822.94849973],[252775.539,1993830.4661],[252866.0004,1993868.6199],[252927.8663,1993883.2999],[252935.8305178,1993882.75995345],[253023.8284,1993876.794],[253095.71225314,1993867.85148731],[253135.27717628,1993862.92952205],[253173.72769471,1993858.14619125],[253177.0893,1993857.728],[253212.71299633,1993843.94698433],[253428.59150332,1993760.43445209],[253485.38093511,1993738.46547834],[253611.0255948,1993689.85988143],[253649.3867,1993675.0199]],[[251059.52347223,1985709.02234299],[252379.66675262,1985692.99051473],[252352.33226672,1985976.60381011],[252426.23039425,1986359.6767687],[252361.7751495,1986360.36246279],[252361.79374223,1986360.36607805],[252426.23113159,1986359.68057391],[252557.44004876,1987036.81523927],[252333.60969272,1987207.92501966],[252207.16537518,1987172.0937092],[252172.92590853,1987168.54887709],[252015.85392953,1987182.10132441],[251886.19456271,1987258.49976595],[251798.68791248,1987332.18781797],[251689.02820761,1987426.92227804],[251639.23736208,1987488.5723067],[251581.05909558,1987564.79795638],[251519.86398148,1987664.63387629],[251478.21727591,1987762.35658682],[251433.04223042,1987873.49706442],[251409.83964154,1987977.89977],[251376.05961937,1988139.72231937],[251372.2698388,1988220.32030304],[251331.31130743,1988220.8755489],[251257.73138757,1988234.49957658],[251125.13453151,1988262.4554264],[251057.54888942,1988281.11950872],[250858.69395837,1988264.21219528],[250866.60001426,1988159.06851314],[250882.5787666,1987946.56497378],[250897.63043931,1987746.39078936],[250923.74300178,1987599.43937307],[250980.71459908,1987289.74524275],[250985.69957719,1987236.31980429],[250993.85615935,1987129.65667385],[250989.01944264,1987066.39490506],[250957.22754754,1987023.43062465],[250904.63850975,1987002.63741319],[250929.00191872,1986649.76684731],[250991.5956569,1986631.18633919],[251039.52751503,1986616.95818131],[251100.79997048,1986599.3256756],[251126.0267035,1986587.56225679],[251148.16724432,1986567.97396098],[251162.91734578,1986544.36886431],[251170.45537111,1986518.53633807],[251174.73092317,1986489.63333571],[251182.68974838,1986420.08282834],[251187.20201777,1986378.79088632],[251189.89961776,1986352.58118812],[251199.81317861,1986246.88585264],[251196.18294319,1986226.29776442],[251135.00124557,1986070.85453345],[251113.39852829,1985896.61576674],[251059.52347223,1985709.02234299]]]]},"geometry_name":"geometry","properties":{"ogc_fid":51,"zoning":"NE","zone_name":"Preservation Zone for Public Use","h":0,"e":0,"cos":0}},{"type":"Feature","id":"glup2030_cdudcp_v1.52","geometry":{"type":"MultiPolygon","coordinates":[[[[251745.67469277,1986793.83036505],[251763.849296,1986762.0248094],[251803.83342311,1986762.02480939],[251836.60811949,1986754.27806298],[251853.81358198,1986750.21131729],[251890.16278844,1986742.941476],[251930.14691554,1986722.94941246],[251972.85723312,1986695.6875076],[251983.64857879,1986686.24508017],[252001.93659829,1986670.24306309],[252032.83342379,1986636.62004712],[252057.36913222,1986605.72321832],[252034.6508841,1986593.00099936],[252026.29882754,1986577.61563201],[252017.38501105,1986561.19544372],[252013.75009041,1986528.4811579],[252027.38104281,1986497.58433241],[252050.09929685,1986473.04861807],[252075.86389749,1986461.41299197],[252078.26993186,1986460.32639581],[252106.44056686,1986460.3263958],[252110.07548751,1986413.07242741],[252103.71437637,1986350.37004626],[252100.7005276,1986328.35012304],[252100.68718461,1986328.31737207],[252091.90088429,1986306.75099852],[252076.45247153,1986266.76687142],[252045.55564604,1986217.6954427],[252007.38897926,1986172.25893462],[251958.31755054,1986134.09226784],[251899.25009005,1986101.37798202],[251832.91278827,1986083.2033788],[251765.66675632,1986079.56845815],[251765.54099264,1986079.58103451],[251711.14294663,1986085.02083912],[251663.88897824,1986098.65179154],[251616.63500985,1986115.91766461],[251574.83342242,1986141.36210913],[251514.85723176,1986190.43353785],[251481.23421579,1986234.0525856],[251460.33342207,1986274.0367127],[251444.88500933,1986317.65576046],[251436.70643788,1986348.55258594],[251429.43659659,1986388.53671304],[251429.22517,1986392.07810837],[251431.25405692,1986449.42163386],[251441.25008869,1986512.124015],[251445.79373683,1986530.29860756],[251451.24612046,1986552.10814211],[251484.86913644,1986605.72322164],[251488.8862816,1986615.5429098],[251493.04770788,1986625.71528518],[251473.26565593,1986643.02458066],[251471.23818402,1986644.79861858],[251473.48250679,1986648.72618342],[251482.14294595,1986663.88195195],[251511.14675671,1986645.85255609],[251515.76596192,1986642.98115825],[251520.00225619,1986641.11220489],[251546.66278741,1986629.35020583],[251585.73818436,1986622.98909469],[251629.35723211,1986627.5327455],[251663.88897823,1986645.70734874],[251682.31006398,1986660.34975022],[251699.32945453,1986673.87798374],[251712.4151546,1986706.5922339],[251715.68659744,1986714.770841],[251717.60918499,1986720.24282095],[251727.50008954,1986748.39385698],[251726.59135938,1986792.92163488],[251744.06387558,1986793.75365946],[251745.67469277,1986793.83036505]]]]},"geometry_name":"geometry","properties":{"ogc_fid":52,"zoning":"NE","zone_name":"Preservation Zone for Public Use","h":0,"e":0,"cos":0}},{"type":"Feature","id":"glup2030_cdudcp_v1.53","geometry":{"type":"MultiPolygon","coordinates":[[[[252015.85392953,1987182.10132441],[252172.92590853,1987168.54887709],[252207.16537518,1987172.0937092],[252333.60969272,1987207.92501966],[252557.44004876,1987036.81523927],[252426.23113159,1986359.68057391],[252426.23039425,1986359.6767687],[252352.33226672,1985976.60381011],[252379.66675262,1985692.99051473],[251059.52347223,1985709.02234299],[251113.39852829,1985896.61576674],[251135.00124557,1986070.85453345],[251196.18294319,1986226.29776442],[251199.81317861,1986246.88585264],[251189.89961776,1986352.58118812],[251187.20201777,1986378.79088632],[251182.68974838,1986420.08282834],[251174.73092317,1986489.63333571],[251170.45537111,1986518.53633807],[251162.91734578,1986544.36886431],[251148.16724432,1986567.97396098],[251126.0267035,1986587.56225679],[251100.79997048,1986599.3256756],[251039.52751503,1986616.95818131],[250991.5956569,1986631.18633919],[250929.00191872,1986649.76684731],[250904.63850975,1987002.63741319],[250957.22754754,1987023.43062465],[250989.01944264,1987066.39490506],[250993.85615935,1987129.65667385],[250985.69957719,1987236.31980429],[250980.71459908,1987289.74524275],[250923.74300178,1987599.43937307],[250897.63043931,1987746.39078936],[250882.5787666,1987946.56497378],[250866.60001426,1988159.06851314],[250858.69395837,1988264.21219528],[251057.54888942,1988281.11950872],[251125.13453151,1988262.4554264],[251257.73138757,1988234.49957658],[251331.31130743,1988220.8755489],[251372.2698388,1988220.32030304],[251376.05961937,1988139.72231937],[251409.83964154,1987977.89977],[251433.04223042,1987873.49706442],[251478.21727591,1987762.35658682],[251519.86398148,1987664.63387629],[251581.05909558,1987564.79795638],[251639.23736208,1987488.5723067],[251689.02820761,1987426.92227804],[251798.68791248,1987332.18781797],[251886.19456271,1987258.49976595],[252015.85392953,1987182.10132441]],[[251699.32945453,1986673.87798374],[251682.31006398,1986660.34975022],[251663.88897823,1986645.70734874],[251629.35723211,1986627.5327455],[251585.73818436,1986622.9890947],[251546.66278741,1986629.35020583],[251520.00225619,1986641.11220489],[251515.76596192,1986642.98115825],[251511.14675671,1986645.85255609],[251482.14294595,1986663.88195196],[251473.48250679,1986648.72618342],[251471.23818402,1986644.79861858],[251473.26565593,1986643.02458066],[251493.04770788,1986625.71528518],[251488.88628161,1986615.5429098],[251484.86913644,1986605.72322164],[251451.24612047,1986552.10814211],[251445.79373683,1986530.29860755],[251441.25008869,1986512.124015],[251431.25405692,1986449.42163387],[251429.22517,1986392.07810837],[251429.43659659,1986388.53671304],[251436.70643788,1986348.55258594],[251444.88500933,1986317.65576046],[251460.33342207,1986274.0367127],[251481.23421579,1986234.0525856],[251514.85723176,1986190.43353785],[251574.83342242,1986141.36210913],[251616.63500985,1986115.91766461],[251663.88897824,1986098.65179154],[251711.14294663,1986085.02083912],[251765.54099264,1986079.58103452],[251765.66675632,1986079.56845815],[251832.91278827,1986083.2033788],[251899.25009005,1986101.37798202],[251958.31755054,1986134.09226784],[252007.38897926,1986172.25893462],[252045.55564604,1986217.6954427],[252076.45247153,1986266.76687142],[252091.90088429,1986306.75099852],[252100.68718461,1986328.31737207],[252100.7005276,1986328.35012304],[252103.71437638,1986350.37004626],[252110.07548751,1986413.07242741],[252106.44056686,1986460.3263958],[252078.26993186,1986460.32639581],[252075.86389749,1986461.41299197],[252050.09929685,1986473.04861807],[252027.38104281,1986497.58433241],[252013.75009041,1986528.4811579],[252017.38501105,1986561.19544372],[252026.29882754,1986577.61563201],[252034.6508841,1986593.00099937],[252057.36913222,1986605.72321832],[252032.83342379,1986636.62004712],[252001.93659829,1986670.24306309],[251983.64857879,1986686.24508017],[251972.85723312,1986695.68750761],[251930.14691555,1986722.94941246],[251890.16278844,1986742.941476],[251853.81358198,1986750.2113173],[251836.60811949,1986754.27806298],[251803.83342311,1986762.02480939],[251763.849296,1986762.0248094],[251745.67469277,1986793.83036505],[251744.06387558,1986793.75365946],[251726.59135938,1986792.92163489],[251727.50008954,1986748.39385698],[251717.60918499,1986720.24282096],[251715.68659744,1986714.770841],[251712.4151546,1986706.5922339],[251699.32945453,1986673.87798374]]]]},"geometry_name":"geometry","properties":{"ogc_fid":53,"zoning":"UEb","zone_name":"City-Expansion Zone (sub-center)","h":0,"e":0,"cos":0}},{"type":"Feature","id":"glup2030_cdudcp_v1.54","geometry":{"type":"MultiPolygon","coordinates":[[[[249322.1138,1973408.5587],[249277.9822,1973416.1365],[249240.5488,1973422.5641],[249159.0569,1973437.3808],[249095.5568,1973446.9058],[249059.5734,1973449.0225],[249016.1816,1973445.8475],[248937.8648,1973439.4975],[248812.9812,1973424.6808],[248723.0227,1973409.8641],[248661.6393,1973390.8141],[248643.922,1973385.2319],[248584.3808,1973366.4723],[248520.8807,1973345.3056],[248493.3639,1973330.4889],[248440.4472,1973296.6222],[248353.6637,1973252.1721],[248303.9219,1973223.5971],[248256.2968,1973205.6054],[248223.4884,1973198.197],[248184.33,1973191.847],[248137.7632,1973188.672],[248066.8547,1973188.672],[248037.2214,1973192.9053],[247973.7212,1973201.372],[247951.4962,1973202.4304],[247840.371,1973208.7804],[247740.8874,1973215.1304],[247717.1284,1973218.5245],[247681.6206,1973223.5971],[247646.6956,1973232.0637],[247605.4205,1973245.8221],[247572.6121,1973258.5221],[247538.7454,1973275.4555],[247498.5286,1973305.0889],[247454.0785,1973341.0723],[247391.6367,1973347.4223],[247329.1949,1973351.6557],[247227.5947,1973354.8307],[247122.8195,1973356.9473],[246992.6443,1973364.3557],[246974.6626,1973365.5413],[246896.3357,1973370.7057],[246863.317,1973374.6365],[246851.8856,1973375.9974],[246812.7272,1973383.4057],[246786.2688,1973388.6974],[246729.1187,1973403.5141],[246669.852,1973418.3308],[246598.9435,1973432.0891],[246544.9684,1973438.4392],[246492.0516,1973443.7308],[246433.8431,1973446.9058],[246384.1014,1973446.9058],[246328.0096,1973441.6142],[246239.1094,1973428.9141],[246157.6176,1973420.4475],[246109.9925,1973417.2724],[246083.0669,1973415.8916],[246068.7174,1973415.1558],[245996.7506,1973413.0391],[245920.5505,1973415.1558],[245841.1753,1973420.4475],[245777.4648,1973424.9982],[245767.0918,1973425.7391],[245679.25,1973440.5558],[245600.9331,1973457.4892],[245510.9746,1973480.7726],[245440.0662,1973502.9976],[245382.916,1973522.0477],[245322.5909,1973543.2144],[245279.1992,1973561.2061],[245241.0991,1973582.9019],[245201.9407,1973607.2437],[245172.3073,1973627.352],[245150.4011,1973644.4663],[245138.4406,1973653.8104],[245102.4571,1973687.6772],[245059.0654,1973738.4773],[245025.1987,1973793.5107],[244980.7486,1973864.4192],[244961.6985,1973898.2859],[244938.4152,1973949.086],[244913.0151,1974007.2945],[244905.9335,1974025.2607],[244884.44,1974079.7904],[244859.04,1974148.5822],[244841.0483,1974197.2657],[244820.9399,1974248.0658],[244804.0066,1974282.9908],[244795.5399,1974307.3326],[244790.2482,1974328.4993],[244788.1315,1974361.3077],[244788.1315,1974390.3718],[244788.1315,1974435.9203],[244786.2884,1974525.3095],[244786.0148,1974538.5789],[244786.6206,1974584.008],[244787.0732,1974617.954],[244788.1315,1974659.2291],[244791.1629,1974693.5849],[244799.7732,1974767.7085],[244809.2982,1974817.4502],[244820.9399,1974847.0836],[244853.7483,1974907.4088],[244895.0234,1974978.3172],[244899.8366,1974986.0184],[244906.5739,1974996.798],[244916.4958,1975012.673],[244926.7735,1975029.1173],[244944.7652,1975069.8633],[244948.9985,1975100.555],[244944.7652,1975184.1635],[244943.7068,1975223.3219],[244948.9985,1975260.3636],[244963.8152,1975328.0971],[244975.4569,1975375.7222],[244981.8069,1975418.0556],[244979.6902,1975440.8098],[244977.5736,1975481.0266],[244978.1679,1975504.799],[244978.6319,1975523.36],[244989.2153,1975569.9268],[244998.0184,1975591.2011],[245001.9153,1975600.6185],[245013.557,1975648.2436],[245025.1987,1975700.102],[245035.782,1975731.8521],[245047.4237,1975765.7188],[245060.1237,1975821.8106],[245067.5321,1975862.5565],[245075.9988,1975889.0149],[245088.6988,1975910.1816],[245098.471,1975924.4641],[245105.9458,1975936.3158],[245194.298,1975898.0979],[245224.7251,1975888.5067],[245245.8919,1975899.7515],[245296.8242,1975963.5824],[245311.3764,1975981.7725],[245350.5131,1975957.21],[245581.38282459,1975823.85746067],[245797.83144562,1975704.17885464],[245876.71583501,1975661.49483573],[246028.66112694,1975579.2778627],[246031.09260121,1975577.89379273],[246127.57864699,1975522.97096667],[246177.81724868,1975489.02596553],[246266.66431983,1975410.72007231],[246268.85396771,1975408.84558612],[246298.41908874,1975384.26528202],[246404.44727939,1975296.11393746],[246516.2470962,1975198.48592842],[246518.64790008,1975196.4550899],[246649.88822004,1975088.93290005],[246799.86408979,1974962.63743079],[246982.10890788,1974806.54078225],[247038.56896791,1974764.37866049],[247061.49779915,1974753.79391357],[247121.82291981,1974734.74387547],[247123.87935742,1974734.11869742],[247333.54404495,1974672.89268469],[247547.19729823,1974618.30912217],[247648.76917172,1974600.96082174],[247761.37464104,1974584.68952888],[247850.34261382,1974574.59549328],[247986.10931274,1974559.19181653],[248038.06727572,1974553.77011605],[248255.5975073,1974529.0645781],[248286.2027632,1974525.17402767],[248333.84142954,1974519.11818439],[248411.78312833,1974514.78809001],[248444.9907,1974505.9076],[248477.1418,1974476.053],[248666.5219,1974294.5637],[248799.1155,1974163.5486],[248821.2993,1974141.3648],[248846.2057,1974108.9865],[248913.5386,1974001.8659],[248915.9018,1973998.2796],[249055.0478,1973796.676],[249064.0452,1973783.0799],[249196.6225,1973582.741],[249269.208,1973466.1853],[249278.4426,1973451.3567],[249322.1138,1973408.5587]]]]},"geometry_name":"geometry","properties":{"ogc_fid":54,"zoning":"N","zone_name":"Agriculture Zone","h":10,"e":0,"cos":0}},{"type":"Feature","id":"glup2030_cdudcp_v1.55","geometry":{"type":"MultiPolygon","coordinates":[[[[246731.2615,1978597.5454],[246793.8222951,1978486.87051542],[246811.24147596,1978454.93535052],[246895.65273492,1978269.25178549],[246955.71465724,1978140.82150478],[246969.2768445,1978105.94730898],[246971.26315167,1978098.33313148],[246981.82847396,1978057.83272935],[247008.83734469,1977922.18181066],[247056.46243994,1977727.05121207],[247111.35463464,1977506.19522624],[247148.78700336,1977363.84832924],[247184.06792366,1977235.06869419],[247229.70025683,1977081.45375675],[247231.85144277,1977074.58650933],[247297.94177414,1976863.60583609],[247362.20728045,1976639.34605552],[247366.82826631,1976623.22074451],[247375.6879366,1976593.98375553],[247425.94115845,1976428.14768661],[247435.1445531,1976395.29534751],[247461.26928864,1976302.04077086],[247476.18393405,1976248.80161209],[247481.87903184,1976228.47245192],[247522.48967737,1976111.62648947],[247619.34023101,1975789.00944255],[247723.76609867,1975435.41555512],[247756.84946122,1975323.59375818],[247785.71938945,1975237.15801313],[247814.42597754,1975168.95496374],[247845.30064625,1975116.71642669],[247882.33819674,1975058.62949663],[247932.69799323,1975003.06037354],[247995.69154349,1974942.18403003],[248125.73089709,1974824.2340177],[248204.26167138,1974755.1560218],[248189.42904379,1974739.06174354],[248007.31476108,1974758.06497304],[247785.46189488,1974783.23976637],[247678.64117467,1974798.72103016],[247590.22374412,1974813.70703534],[247384.73121327,1974866.23896052],[247299.51839055,1974891.14732408],[247181.02433423,1974925.78404824],[247137.97628329,1974939.37816959],[247109.75243292,1974960.54605736],[246929.0115565,1975115.34992931],[246777.159697,1975243.213253],[246646.61330255,1975350.16692556],[246535.08501192,1975447.55782723],[246397.82320188,1975561.71485751],[246301.47071116,1975646.47426661],[246236.36985462,1975690.83759461],[246124.78590507,1975754.66652661],[245893.41137204,1975879.86233559],[245677.90987665,1975999.02198597],[245451.08307863,1976122.7475782],[245368.28863684,1976169.61235658],[245332.7184413,1976190.46493691],[245332.86259486,1976204.32234091],[245381.42631304,1976302.04077086],[245394.15922903,1976327.6615554],[245397.1144171,1976333.79083436],[245434.67727275,1976411.69897941],[245486.0866719,1976494.22459383],[245529.2995846,1976585.16965687],[245572.6418,1976680.8633],[245578.5949,1976688.5627],[245585.5006,1976698.4846],[245589.8585,1976705.7743],[245594.2318,1976713.0896],[245609.366,1976739.8126],[245619.9494,1976762.2493],[245632.2261,1976789.5544],[245636.1948,1976796.6889],[245650.2366,1976825.1651],[245688.4455,1976902.6516],[245712.2721,1976950.4506],[245728.7899,1976983.5873],[245757.1844,1977040.5501],[245763.1243,1977053.8468],[245787.3337,1977104.6565],[245790.2971,1977111.4299],[245799.5046,1977130.4799],[245815.2209,1977156.4356],[245820.2138,1977163.7689],[245823.6876,1977168.871],[245842.2235,1977192.8283],[245873.4029,1977231.6833],[245904.4965,1977263.6827],[245926.2893,1977286.2782],[245948.5144,1977307.8682],[246016.7155,1977374.4063],[246051.124,1977407.9757],[246064.8307,1977421.3483],[246100.9464,1977457.464],[246111.859,1977468.5686],[246136.264,1977493.4033],[246211.7048,1977568.7085],[246242.4852,1977600.3323],[246255.0451,1977612.8351],[246279.6631,1977637.3415],[246303.1582,1977662.3182],[246320.9382,1977678.8283],[246346.841,1977707.9854],[246361.1285,1977727.6704],[246365.4449,1977733.6826],[246387.7986,1977764.818],[246409.5474,1977796.5681],[246463.9578,1977869.7395],[246478.9407,1977891.2649],[246500.4108,1977923.5674],[246513.2167,1977944.5225],[246516.6034,1977950.1316],[246523.9059,1977960.6092],[246532.6396,1977973.2616],[246542.9508,1977988.1992],[246553.6095,1978003.6979],[246568.4618,1978025.2946],[246576.9858,1978039.2769],[246580.5268,1978045.0855],[246591.216,1978062.0189],[246598.6244,1978075.7772],[246600.6121,1978080.4349],[246604.4641,1978089.4613],[246609.2266,1978101.6322],[246612.7985,1978111.9509],[246615.3121,1978122.6666],[246622.5727,1978151.848],[246630.5228,1978189.0102],[246635.803,1978211.5234],[246636.7318,1978215.4834],[246641.9402,1978241.0789],[246654.0383,1978292.4042],[246655.8443,1978299.6087],[246672.2285,1978374.8485],[246693.6658,1978458.2338],[246697.506,1978474.6072],[246712.3996,1978538.1091],[246731.2615,1978597.5454]]]]},"geometry_name":"geometry","properties":{"ogc_fid":55,"zoning":"N","zone_name":"Agriculture Zone","h":10,"e":0,"cos":0}},{"type":"Feature","id":"glup2030_cdudcp_v1.56","geometry":{"type":"MultiPolygon","coordinates":[[[[261098.65984304,1997775.63847954],[261107.65519365,1997775.38480754],[261121.38746638,1997782.61179899],[261162.84222324,1997782.73492595],[261207.01865005,1997777.94285105],[261245.19505495,1997740.64361817],[261249.51399693,1997740.59061662],[261294.1302333,1997733.24816336],[261328.10485371,1997713.02453646],[261333.75613814,1997709.75937738],[261352.74397447,1997714.46443145],[261376.24242501,1997714.17618369],[261385.26629243,1997712.73327223],[261390.45804572,1997712.66947461],[261417.5652655,1997706.13169512],[261424.85355145,1997703.31090249],[261436.8303022,1997698.67552862],[261441.71752339,1997695.68561795],[261448.57750403,1997691.74396741],[261493.28839793,1997666.05576581],[261500.0445004,1997612.61158055],[261500.52498588,1997606.54853043],[261511.7767559,1997601.24976558],[261519.00474695,1997593.83044238],[261544.97681931,1997593.1765596],[261575.91180046,1997580.8452035],[261587.8923754,1997576.06948583],[261611.24908756,1997545.85053086],[261618.86324236,1997536.51224825],[261621.41960891,1997534.20840629],[261630.33292075,1997531.0109888],[261637.30215791,1997522.92554768],[261641.39877113,1997520.01235331],[261645.38575998,1997518.60685803],[261652.4002511,1997512.29333545],[261669.81212286,1997506.17901306],[261693.10558937,1997461.00230552],[261740.23154167,1997469.80459898],[261779.66953645,1997482.72925971],[261813.47871888,1997482.3867824],[261825.43079663,1997493.68747162],[261867.45796263,1997524.85588503],[261911.16893045,1997547.01508071],[261973.05201445,1997545.52402219],[262019.44939233,1997525.61070466],[262044.2991227,1997515.40256237],[262128.66791941,1997473.89179733],[262167.43674143,1997459.74219891],[262180.35580848,1997444.29060669],[262268.45331586,1997379.58646875],[262343.76546176,1997340.76026011],[262398.62553691,1997348.85176479],[262440.20000992,1997382.73896142],[262505.11937043,1997413.84442345],[262544.0577277,1997413.78866674],[262570.20414755,1997405.73771495],[262720.86701929,1997392.43217091],[262784.40304874,1997377.70075729],[262825.29395728,1997348.95782384],[262904.57781442,1997291.03207825],[262956.0309879,1997255.33152651],[262958.47239528,1997249.5814657],[262981.37269249,1997274.78955807],[263246.22110076,1997566.32810273],[263249.43261723,1997561.43409005],[263251.10359121,1997558.96872489],[263255.48832368,1997563.37636819],[263582.47081545,1997098.79544454],[263821.39831465,1996750.40472024],[263825.60073248,1996744.96037103],[263846.347927,1996714.24432735],[263859.72057582,1996694.44623538],[263872.54129738,1996677.29768687],[263887.02688225,1996657.92227544],[263926.45382054,1996602.59259495],[263937.83913389,1996586.61504819],[263951.30756711,1996563.65205031],[263996.26271389,1996502.5086702],[264005.03028321,1996490.47741669],[264011.72489516,1996481.29079647],[264019.37118963,1996470.79819245],[264022.63509482,1996466.31930295],[264079.63857625,1996380.78965354],[264118.987,1996324.0927],[264196.8318,1996211.9268],[264315.29789658,1996042.77399761],[264396.28,1995927.143],[264442.4267,1995861.9361],[264468.6285,1995825.2488],[264492.8317,1995791.6457],[264530.3141,1995738.6643],[264547.22613041,1995714.75916928],[264557.2177,1995700.6361],[264580.3148,1995667.9885],[264586.6808,1995659.4959],[264599.79688947,1995641.99860709],[264614.18838219,1995622.79988448],[264256.885,1995279.317],[264255.2947,1994933.3674],[264252.0676,1994929.8901],[264245.5782,1994459.1927],[264963.2619,1994459.1927],[264970.538,1992978.1845],[264054.7734,1992976.8651],[263839.27742339,1992975.20745005],[263586.23514694,1992973.26098439],[263429.8851,1992972.0583],[263437.8226,1992408.4947],[262394.0393,1992380.7134],[262394.0393,1992098.9316],[261840.2652,1992096.2857],[261840.13995259,1991969.72967646],[261840.02977597,1991858.40191004],[261839.8569,1991683.7197],[261524.32636272,1991682.87588643],[260849.792,1991681.072],[259930.809,1991707.4066],[259794.9293,1991711.3004],[259617.032,1991716.3983],[259500.2473,1991719.7449],[259289.37085936,1991725.78780673],[258377.3958,1991751.9215],[258372.4004,1991739.1746],[258346.2993,1991672.5717],[258283.4607,1991504.0318],[258267.5042,1991462.2095],[258256.6938,1991433.8752],[258228.7282,1991360.5763],[258224.6574,1991349.9066],[258216.7855,1991329.2742],[258157.3013,1991179.9766],[258138.601,1991133.0412],[258124.0489,1991094.9411],[258114.6763,1991071.1379],[258099.1674,1991031.7509],[258095.9609,1991023.6075],[258075.8285,1990972.4784],[258039.9312,1990887.876],[258006.3276,1990808.6795],[257980.9734,1990748.9248],[257979.3877,1990745.1877],[257972.5607,1990727.902],[257939.6735,1990644.6329],[257927.298,1990663.644],[257918.77499276,1990678.92999596],[257424.119,1991566.094],[257652.737,1991653.922],[257588.03817036,1991799.47014309],[257499.828,1991997.91],[257804.313,1992777.38],[257624.036,1992846.402],[257807.14320459,1993258.53719796],[257854.4756,1993365.0723],[258187.8513,1994117.5488],[258391.8935,1994576.4129],[258389.0821,1994577.1158],[258458.75002661,1994726.76448211],[258538.6895,1994906.5379],[258778.4025,1995484.389],[258847.1094,1995644.9341],[258885.74442429,1995810.25542277],[258893.33119601,1995842.71962229],[258923.7044,1995945.2099],[259037.7421,1995920.9657],[259202.6778,1995887.0124],[259322.5646,1995862.5213],[259388.6663,1995848.7778],[259471.054,1995831.6483],[259609.6102,1995802.1243],[259672.2083,1995788.7857],[259827.7836,1995757.8294],[259913.20000434,1995739.33420495],[259917.71859705,1995751.24380392],[260005.77370729,1995990.60901186],[260041.29410317,1996083.74259176],[260084.73440536,1996195.33739791],[260106.71249318,1996251.79740427],[260193.71649154,1996478.1819961],[260197.15270416,1996486.98409303],[260251.16748606,1996625.34500229],[260279.70620537,1996698.44801248],[260304.84269491,1996763.88409302],[260373.92330658,1996943.71699858],[260375.49880222,1996947.81831009],[260410.89800192,1997036.94039995],[260441.15970102,1997113.12810819],[260452.02438943,1997141.03539506],[260472.76799149,1997194.31799546],[260474.89411164,1997199.77931194],[260476.70748841,1997204.46370609],[260506.64420252,1997281.80031128],[260508.77260991,1997287.05548754],[260544.34740262,1997374.88979185],[260607.84750937,1997546.86929451],[260642.78739932,1997637.43540319],[260644.49240061,1997641.85489617],[260679.64819276,1997729.99908954],[260690.13310468,1997756.2874013],[260697.73129037,1997776.33570366],[260715.86560999,1997824.18470687],[260738.69681033,1997884.42669609],[260747.28320825,1997907.08259197],[260785.38330921,1998013.97444834],[260919.18206817,1997938.09802329],[260926.32216721,1997913.0559731],[260941.33997598,1997860.38489407],[261025.07997649,1997805.64485827],[261062.63067155,1997780.34587814],[261069.12731287,1997778.80303633],[261098.65984304,1997775.63847954]]]]},"geometry_name":"geometry","properties":{"ogc_fid":56,"zoning":"UEi","zone_name":"Industrial Zone","h":15,"e":0.4,"cos":1.5}},{"type":"Feature","id":"glup2030_cdudcp_v1.57","geometry":{"type":"MultiPolygon","coordinates":[[[[262474.5253,2001474.8048],[262435.555,2001407.4925],[262428.6691,2001402.574],[262410.7558,2001389.7787],[262333.6398,2001285.4713],[262328.0835,2001233.8775],[262389.2024,2001194.9836],[262479.9423,2001180.7728],[262474.1338,2001117.9897],[262513.0276,2001047.3458],[262432.0123,2001017.7898],[262432.8587,2000893.358],[262516.9964,2000829.0642],[262607.1589,2000862.4733],[262816.2407,2000843.3517],[262834.497,2000802.0766],[262757.5031,2000768.739],[262735.2781,2000674.2826],[262788.4594,2000561.5699],[262867.7707,2000514.7191],[262977.596,2000447.4068],[263077.7132,2000307.2428],[263083.8786,2000298.6113],[263214.9604,2000149.8157],[263309.972,2000089.9935],[263445.2392,2000068.3324],[263643.6333,2000103.7599],[263762.8086,2000131.2619],[263781.8006,2000135.6447],[263923.5107,2000163.9867],[263945.7281,2000162.0824],[264171.5033,2000142.7302],[264290.3415,2000150.3157],[264338.0126,2000153.3585],[264610.8045,2000128.5592],[264706.957,2000101.9877],[264843.4823,1999976.575],[264844.6007,1999925.9737],[264965.0796,1999947.8789],[265120.3849,2000047.0099],[265122.9011,2000048.616],[265125.3508,2000050.1796],[265131.5889,2000054.1614],[265167.3954,2000023.4903],[265188.8398,2000011.3807],[265333.7641,2000004.1345],[265424.3417,2000033.1193],[265536.6581,2000025.8731],[265674.3361,2000007.7576],[265697.7435,1999988.3859],[265779.4062,1999920.803],[265869.9839,1999830.2253],[265956.9385,1999732.4014],[266007.1419,1999642.3951],[266003.1058,1999636.1167],[266045.6188,1999533.3769],[266049.874,1999526.7577],[266109.3884,1999434.1799],[266183.7861,1999395.2096],[266204.4713,1999381.1437],[266218.3989,1999371.6729],[266272.3549,1999334.9829],[266252.2217,1999268.6437],[266277.1031,1999223.6203],[266290.2644,1999199.8047],[266295.7835,1999179.1079],[266296.6489,1999175.863],[266300.8116,1999160.2525],[266301.8525,1999156.3493],[266304.7568,1999145.4581],[266315.6261,1999080.2421],[266310.4648,1999016.6937],[266309.2614,1999001.877],[266308.7294,1998995.3268],[266308.3799,1998991.0231],[266311.9462,1998977.9679],[266315.5549,1998977.7459],[266333.7416,1998898.181],[266333.7416,1998814.8495],[266332.1522,1998787.0349],[266327.7677,1998710.3056],[266326.4954,1998688.0408],[266293.8875,1998564.8551],[266269.0847,1998457.3763],[266250.4102,1998376.4536],[266225.115,1998342.2306],[266188.8174,1998293.1221],[266127.2245,1998264.1372],[266071.4402,1998260.1526],[266025.7775,1998256.891],[265935.1999,1998264.1372],[265930.3787,1998267.4244],[265884.0621,1998299.0039],[265855.4915,1998318.4839],[265754.0445,1998358.338],[265714.729,1998359.9106],[265663.4668,1998361.9611],[265642.3351,1998361.0806],[265579.7626,1998358.4734],[265576.5122,1998358.338],[265482.3115,1998314.8607],[265391.7338,1998267.7604],[265330.141,1998177.1827],[265282.0796,1998116.4736],[265261.3019,1998090.2281],[265167.1011,1998061.2432],[265014.9306,1998053.997],[264913.4836,1997999.6504],[264904.0438,1997961.8912],[264898.9912,1997941.6807],[264837.3984,1997890.9572],[264835.9687,1997883.8085],[264812.0366,1997764.1485],[264783.5405,1997718.1163],[264764.9362,1997688.0632],[264740.6585,1997676.7336],[264710.5896,1997662.7015],[264633.849,1997660.1435],[264601.8964,1997659.0784],[264493.32339749,1997687.81826577],[264478.7108,1997691.6863],[264344.6558,1997749.656],[264156.2542,1997847.4799],[264091.0383,1997883.711],[264014.9531,1997912.6959],[263905.9281,1997953.6219],[263843.3303,1997965.9921],[263764.0868,1997981.6518],[263654.2616,1997971.0235],[263604.663,1997914.3395],[263595.2059,1997910.8553],[263573.6507,1997902.9139],[263470.0385,1997864.741],[263420.44,1997868.2837],[263317.7002,1997896.6257],[263273.9458,1997898.3759],[263229.1314,1997900.1685],[263150.2654,1997822.4118],[263119.6533,1997792.2303],[263113.02680429,1997788.12820193],[263116.03959226,1997781.43015613],[263121.6084078,1997769.04937042],[263125.98243568,1997759.32487846],[263153.1888953,1997709.83442818],[263185.88885574,1997657.64454748],[263193.68751818,1997645.19770483],[263201.76189238,1997633.29001032],[263217.82190347,1997609.60548677],[263246.22110076,1997566.32810273],[262981.37269249,1997274.78955807],[262958.47239528,1997249.5814657],[262956.0309879,1997255.33152651],[262904.57781442,1997291.03207825],[262825.29395728,1997348.95782384],[262784.40304874,1997377.70075729],[262720.86701929,1997392.43217091],[262570.20414755,1997405.73771495],[262544.0577277,1997413.78866674],[262505.11937043,1997413.84442345],[262440.20000992,1997382.73896142],[262398.62553691,1997348.85176479],[262343.76546176,1997340.76026011],[262268.45331586,1997379.58646875],[262180.35580848,1997444.29060669],[262167.43674143,1997459.74219891],[262128.66791941,1997473.89179733],[262044.2991227,1997515.40256237],[262019.44939233,1997525.61070466],[261973.05201445,1997545.52402219],[261911.16893045,1997547.01508071],[261867.45796263,1997524.85588503],[261825.43079663,1997493.68747162],[261813.47871888,1997482.3867824],[261779.66953645,1997482.72925971],[261740.23154167,1997469.80459898],[261693.10558937,1997461.00230552],[261669.81212286,1997506.17901306],[261652.4002511,1997512.29333545],[261645.38575998,1997518.60685803],[261641.39877113,1997520.01235331],[261637.30215791,1997522.92554768],[261630.33292075,1997531.0109888],[261621.41960891,1997534.20840629],[261618.86324236,1997536.51224825],[261611.24908756,1997545.85053086],[261587.8923754,1997576.06948583],[261575.91180046,1997580.8452035],[261544.97681931,1997593.1765596],[261519.00474695,1997593.83044238],[261511.7767559,1997601.24976558],[261500.52498588,1997606.54853043],[261500.0445004,1997612.61158055],[261493.28839793,1997666.05576581],[261448.57750403,1997691.74396741],[261441.71752339,1997695.68561795],[261436.8303022,1997698.67552862],[261424.85355145,1997703.31090249],[261417.5652655,1997706.13169512],[261390.45804572,1997712.66947461],[261385.26629243,1997712.73327223],[261376.24242501,1997714.17618369],[261352.74397447,1997714.46443145],[261333.75613814,1997709.75937738],[261328.10485371,1997713.02453646],[261294.1302333,1997733.24816336],[261249.51399693,1997740.59061662],[261245.19505495,1997740.64361817],[261207.01865005,1997777.94285105],[261162.84222324,1997782.73492595],[261121.38746638,1997782.61179899],[261107.65519365,1997775.38480754],[261098.65984304,1997775.63847954],[261069.12731287,1997778.80303633],[261062.63067155,1997780.34587814],[261025.07997649,1997805.64485827],[260941.33997598,1997860.38489407],[260926.32216721,1997913.0559731],[260919.18206817,1997938.09802329],[260785.38330921,1998013.97444834],[260812.90003091,1998076.94540761],[260834.7195406,1998139.49466875],[260837.85091747,1998148.47128244],[260838.6969575,1998150.89659718],[260869.50329277,1998236.29643799],[260886.55796154,1998283.5745704],[260890.95227034,1998295.7562619],[260891.87541122,1998298.32519482],[260902.54614469,1998328.01990261],[260903.78458767,1998331.46626388],[260937.65132207,1998413.48726126],[260955.47755279,1998457.73377366],[260987.97955112,1998538.40702952],[261000.16500097,1998570.28869963],[260965.3131,1998562.663],[260894.4581,1998520.15],[260823.6031,1998498.8935],[260717.3205,1998498.8935],[260683.6644,1998527.2355],[260667.722,1998591.005],[260611.038,1998644.1463],[260577.72959994,1998650.44789964],[260479.9562,1998668.9456],[260338.2461,1998668.9456],[260285.1049,1998715.0013],[260217.7926,1998753.9716],[260030.0267,1998768.1426],[259941.458,1998828.3694],[259884.7739,1998835.4549],[259764.3204,1998771.6854],[259601.3538,1998838.9976],[259509.8414,1998836.7228],[259514.8595,1998732.3786],[259513.2708,1998725.089],[259512.6105,1998722.0598],[259526.8663,1998721.229],[259595.6581,1998716.7311],[259610.4748,1998692.1248],[259608.8873,1998536.5495],[259578.7247,1998538.137],[259490.6183,1998538.137],[259493.3964,1998359.146],[259507.287,1998173.1436],[259502.7891,1998139.806],[259496.7037,1998133.456],[259410.7626,1998128.657],[259410.0201,1998124.5092],[259409.3354,1998120.6845],[259405.4488,1998098.9727],[259397.6171,1998068.7043],[259391.0554,1998035.896],[259379.4172,1998016.1675],[258756.5225,1998049.417],[258679.23809864,1998053.54237451],[258540.05049852,1998060.97207228],[258499.4964,1998063.1368],[258416.901,1998067.5457],[258148.0055,1998082.8921],[258097.0191,1998085.802],[258094.62220126,1998085.92392464],[258035.0819,1998088.9532],[257990.2485,1998091.2342],[257807.7011,1998100.5216],[257749.7572,1997924.6395],[257707.6057,1997782.8612],[257687.165,1997710.7028],[257678.6338,1997680.5863],[257670.6962,1997641.2956],[257668.315,1997621.4518],[257662.9359,1997622.6334],[257658.3889,1997623.0831],[257655.7431,1997622.8185],[257651.7743,1997620.1727],[257646.7472,1997614.6164],[257640.6618,1997605.8852],[257630.8722,1997588.9518],[257625.4425,1997579.4764],[257624.3478,1997577.5661],[257617.3784,1997565.4038],[257609.7055,1997556.1434],[257604.1492,1997552.1746],[257595.418,1997545.8246],[257589.8617,1997539.4746],[257583.5117,1997529.9496],[257573.9867,1997521.4829],[257564.4616,1997515.6621],[257546.9991,1997506.4016],[257539.08,1997498.5506],[257519.3513,1997505.3938],[257472.44527965,1997273.70513815],[257429.76398843,1997144.93779309],[257325.25396799,1997000.0188854],[257210.22682837,1996900.34337168],[256727.15613673,1996518.64332041],[255149.6839,1995338.48460001],[255166.26917885,1995351.3334316],[255198.71920001,1995376.5194],[255219.461,1995392.61810001],[255224.09390001,1995396.21350001],[255224.2023,1995403.46390001],[255224.16690001,1995413.45870001],[255224.07160001,1995440.35980001],[255224.01930001,1995455.10760001],[255223.94910001,1995474.9148],[255223.98189139,1995477.22000013],[255224.03480001,1995480.9404],[255224.1127,1995486.42170001],[255224.8407,1995537.6433],[255225.4308,1995579.1608],[255226.06660001,1995612.57080001],[255226.59490001,1995640.3326],[255227.2299,1995699.91690001],[255227.6166965,1995733.87530004],[255227.75910001,1995746.3778],[255228.427,1995796.2802],[255228.5,1995801.7288],[255228.7000522,1995810.25542277],[255228.87314628,1995822.45916108],[255229.4525,1995854.64550001],[255228.54930001,1995891.07610001],[255230.29910001,1995924.60150001],[255230.51080001,1995972.1208],[255230.82830001,1996020.80420001],[255231.2221,1996057.0333],[255231.46330001,1996079.2243],[255232.52860001,1996129.02209999],[255233.4741,1996179.7662],[255234.20280001,1996233.5051],[255234.32080001,1996242.20800001],[255235.3791,1996302.63890001],[255236.3316,1996356.8257],[255237.025,1996383.6841],[255237.21904098,1996391.19985021],[255237.9191,1996418.31500001],[255238.69650001,1996479.7262],[255238.76580001,1996485.2018],[255240.2475,1996557.1686],[255240.4979,1996600.6152],[255240.54550001,1996608.87110001],[255243.10960001,1996672.10850001],[255243.4506,1996694.98610001],[255244.77234409,1996746.88229603],[255245.9162,1996791.79280001],[255247.0248,1996859.80930001],[255248.0831,1996919.6053],[255248.3884,1996948.54300001],[255248.61230001,1996969.7704],[255249.14873103,1996996.14549938],[255249.15345786,1996996.37790028],[255249.88230001,1997032.21220001],[255250.83480001,1997091.3731],[255252.01470001,1997140.38560001],[255252.21060001,1997148.52320001],[255252.63400001,1997200.2758],[255253.08361827,1997222.79904307],[255253.7981,1997258.5901],[255253.79810001,1997291.91560001],[255253.7981,1997297.4719],[255253.79810001,1997311.0229],[255253.7981,1997317.9627],[255254.367,1997377.56030001],[255254.7541,1997394.62160001],[255256.1033,1997454.09110001],[255257.534,1997492.5523],[255258.3523,1997514.5486],[255259.0137,1997565.34870001],[255259.54290001,1997606.62370001],[255260.8658,1997671.976],[255261.16140001,1997688.05490001],[255261.2441,1997692.55420001],[255261.77630001,1997721.50260001],[255262.1888,1997743.9428],[255262.4306,1997756.12780001],[255262.8228,1997775.8888],[255263.64400001,1997819.8783],[255266.4221,1997856.5232],[255269.46480001,1997886.02430002],[255273.67120001,1997917.9279],[255278.2737,1997963.5821],[255282.44930001,1998005.0006],[255283.2656,1998012.17010001],[255287.1514,1998046.29980001],[255289.2509,1998064.73910001],[255290.831,1998078.6172],[255293.5136,1998102.17870001],[255297.5315,1998139.4878],[255302.655,1998187.06350001],[255302.92760001,1998189.59430001],[255303.806,1998197.75150001],[255305.86658665,1998216.88544574],[255308.4539,1998240.91050001],[255362.73950073,1998686.91226806],[255372.7476556,1998923.41214072],[255344.45916675,1998996.26355045],[255314.00618535,1999057.05902754],[255110.30539278,1999514.72569959],[255081.55208067,1999550.32688264],[255044.36650006,1999555.82741418],[255018.38108167,1999571.25637905],[255129.62757505,1999690.68688549],[255187.77970677,1999751.37720974],[255233.97485603,1999741.73661175],[255300.52058934,1999829.50721593],[255704.04494594,1999710.68163624],[256031.07532389,1999613.96357379],[256639.6135,1999409.3806],[256675.041,1999423.5517],[256701.6117,1999441.2654],[256722.8682,1999450.1223],[256729.9537,1999476.6929],[256744.1247,1999499.7208],[256773.2676,1999534.0363],[256820.368,1999555.7749],[256823.9911,1999588.3829],[256852.97305526,1999620.26304278],[256860.2222,1999628.2371],[256950.7999,1999642.7295],[257026.8851,1999668.0913],[257073.9855,1999718.8148],[257150.0708,1999765.9152],[257226.156,1999798.5231],[257449.3674,1999832.974],[257491.3697,1999821.7664],[257537.7432,1999809.3925],[257584.8436,1999784.0307],[257671.7982,1999794.9],[257729.7679,1999838.3773],[257784.1145,1999965.1861],[257802.2301,2000034.0251],[257881.9384,2000128.2259],[257987.0085,2000160.8338],[258146.4252,2000164.457],[258334.8268,2000193.4418],[258421.7814,2000280.3964],[258494.2435,2000313.0043],[258602.9367,2000309.3812],[258729.7455,2000298.5119],[258842.0618,2000302.135],[258889.1622,2000374.5972],[258914.524,2000461.5517],[258954.0578,2000545.9769],[258986.9861,2000602.8529],[259063.0713,2000599.2298],[259182.6339,2000555.7525],[259294.9502,2000523.1446],[259403.6434,2000534.0139],[259512.3366,2000555.7525],[259566.6832,2000602.8529],[259631.8992,2000726.0386],[259668.1302,2000812.9931],[259684.1313,2000832.6012],[259688.4665,2001062.4929],[259688.7254,2001077.6808],[259693.1438,2001384.6606],[259694.5444,2001481.9749],[259746.6066,2001450.0055],[259838.7182,2001418.1208],[259884.2886,2001415.0828],[259898.6406,2001414.126],[259905.2023,2001413.6885],[259945.0007,2001411.0353],[259998.142,2001453.5483],[260072.5398,2001446.4628],[260145.4963,2001415.6386],[260188.5187,2001397.4616],[260214.8268,2001386.3464],[260313.0433,2001367.3285],[260418.1134,2001370.9516],[260515.4305,2001394.8455],[260522.4692,2001396.8643],[260531.46,2001407.1395],[260596.867,2001481.8903],[260627.368,2001520.5249],[260650.0083,2001549.2026],[260766.9191,2001574.0018],[260802.3466,2001584.6301],[260834.2313,2001584.6301],[260869.6589,2001577.5446],[260898.0009,2001549.2026],[260912.1719,2001506.6895],[260919.2574,2001464.1765],[260887.3726,2001382.6932],[260869.6589,2001333.0947],[260842.4015,2001322.289],[260880.1047,2001254.1587],[260974.6934,2001299.7994],[260986.4045,2001267.6539],[261028.3574,2001263.6584],[261044.1467,2001295.1692],[261051.899,2001293.2642],[261066.8215,2001287.3904],[261107.6203,2001265.1654],[261130.1629,2001251.3541],[261146.1967,2001237.8603],[261153.6579,2001228.4941],[261166.1992,2001220.8741],[261184.138,2001212.7778],[261206.363,2001207.6978],[261230.1756,2001202.7765],[261247.3206,2001198.014],[261260.1794,2001194.3627],[261270.6569,2001187.6952],[261277.9594,2001181.8215],[261294.4695,2001176.7415],[261311.4557,2001172.2965],[261328.1245,2001169.5977],[261336.697,2001166.4227],[261343.404,2001164.9748],[261356.144,2001162.4539],[261372.019,2001155.707],[261402.9753,2001139.4351],[261426.391,2001123.957],[261435.5191,2001116.0195],[261443.0598,2001113.6382],[261451.3941,2001112.8445],[261470.0473,2001119.1945],[261490.6849,2001126.3382],[261514.8943,2001141.4195],[261535.9287,2001159.6758],[261573.6319,2001170.7883],[261589.11,2001129.9101],[261626.0195,2001129.9101],[261633.957,2001114.0351],[261617.1794,2001099.2731],[261614.5101,2001061.6475],[261641.8945,2001056.885],[261669.3772,2001077.8898],[261727.0047,2000996.5333],[261751.804,2000886.708],[261807.4308,2000889.9802],[261861.309,2000893.1495],[261872.2575,2000893.7935],[261891.0727,2000890.2656],[261985.6256,2000872.537],[262035.2241,2000925.6783],[262049.3951,2001003.6188],[262052.3173,2001102.9708],[262052.9379,2001124.0724],[262031.749,2001187.639],[261994.0557,2001194.3892],[261963.0993,2001216.6143],[261955.9556,2001230.9018],[261959.1306,2001340.4395],[261991.6744,2001369.0146],[262018.8922,2001385.4346],[262035.0661,2001417.4334],[262041.9453,2001460.8252],[262084.2787,2001451.3001],[262098.5663,2001482.7856],[262141.8093,2001473.1224],[262169.8487,2001499.604],[262130.8784,2001595.2583],[262116.7074,2001683.8271],[262155.6777,2001761.7677],[262187.5624,2001928.277],[262176.9342,2002006.2175],[262155.6777,2002098.3291],[262098.9936,2002133.7566],[262052.9379,2002176.2696],[262001.7874,2002222.5762],[262079.7192,2002257.0623],[262155.6777,2002257.7529],[262237.1609,2002240.0391],[262329.2725,2002204.6116],[262378.871,2002133.7566],[262382.4138,2002034.5595],[262414.2985,2001917.6487],[262414.2985,2001790.1097],[262418.5594,2001770.9355],[262428.4695,2001726.3401],[262478.068,2001609.4293],[262470.9825,2001538.5743],[262480.8973,2001525.781],[262474.5253,2001474.8048]]]]},"geometry_name":"geometry","properties":{"ogc_fid":57,"zoning":"UEa","zone_name":"City-Expansion Zone","h":23,"e":0.5,"cos":5}},{"type":"Feature","id":"glup2030_cdudcp_v1.58","geometry":{"type":"MultiPolygon","coordinates":[[[[251505.67281285,1976872.42059047],[251578.28177826,1976678.95275125],[251650.2882,1976487.0904],[251653.9603,1976448.5569],[251650.2438,1976393.7514],[251639.0698,1976339.3711],[251586.4651,1976198.8303],[251567.05987968,1976142.85992759],[251544.9787,1976079.1713],[251521.3231,1976087.2584],[251471.37967926,1975942.19381294],[251317.47260537,1975495.15863219],[251290.7136,1975417.435],[251289.1366,1975364.3425],[251300.12589618,1975305.89935035],[251224.04213949,1975346.1250302],[251091.95574595,1975400.88427506],[251048.29940864,1975418.98294519],[250864.77316101,1975495.06768385],[250743.38195635,1975555.21647895],[250709.7186266,1975565.84700414],[250679.51900648,1975578.15055307],[250666.77645952,1975586.47568375],[250647.50601027,1975599.0657106],[250592.37246839,1975634.37595652],[250509.87124845,1975668.12645559],[250473.76716826,1975682.89630657],[250437.34173245,1975683.76357886],[250380.32969961,1975689.96053895],[250357.0108,1975704.6694],[250312.5607,1975725.8361],[250275.5189,1975727.9527],[250267.75834262,1975720.19214263],[250242.3451,1975722.2452],[250215.5215,1975734.0556],[250163.0474569,1975770.17148828],[250149.8529,1975779.2528],[250081.0587,1975819.5804],[250076.2092,1975824.43],[250040.4378,1975861.5022],[250029.2704,1975873.0683],[250017.6189,1975891.7939],[249979.6089,1975959.9706],[249970.6138,1975980.878],[249962.1241,1976004.528],[249947.215,1976044.0545],[249924.3038,1976100.8195],[249903.1237,1976150.7913],[249884.0296,1976198.0056],[249868.9825,1976229.2285],[249849.2877,1976268.19],[249810.1878,1976319.9159],[249775.6597,1976359.9816],[249754.9509,1976388.32],[249736.283,1976418.0086],[249735.8257,1976434.4709],[249737.5839,1976480.4765],[249739.5562,1976502.1719],[249739.7398668,1976504.84063324],[249740.25263183,1976507.46607466],[249741.0866,1976510.0078],[249743.6491,1976513.1398],[249760.1179,1976532.4979],[249807.864,1976582.8075],[249835.5795,1976612.5914],[249872.0016,1976666.2399],[249886.3247,1976708.6126],[249895.3923,1976753.4736],[249897.6646,1976803.4637],[249895.1782,1976837.653],[249885.1763,1976873.1595],[249875.5238,1976902.1167],[249826.8055,1977004.1099],[249769.6081,1977122.8028],[249733.734,1977198.0744],[249712.76933198,1977248.38957604],[249702.9254,1977272.015],[249679.2051,1977326.1457],[249677.9718,1977330.2569],[249679.5669,1977343.9039],[249693.5092,1977426.3023],[249704.467,1977518.661],[249717.2882,1977583.9686],[249727.6314,1977681.6081],[249737.9339,1977771.644],[249724.14010958,1977908.77101715],[249736.3752,1977910.873],[249773.31993057,1977915.53650763],[249794.2128,1977918.1738],[249806.6643,1977891.2615],[249821.47071572,1977841.39790467],[249829.5812,1977814.0843],[249907.3688,1977701.3716],[249995.2107,1977624.6423],[250023.7857,1977625.7006],[250115.8609,1977538.9171],[250199.4694,1977527.2754],[250221.1653,1977467.4795],[250257.6779,1977489.1754],[250380.5888,1977460.5682],[250516.4409,1977454.2503],[250643.9703,1977404.5085],[250671.487,1977389.6918],[250649.7911,1977321.4292],[250682.0704,1977310.8458],[250707.9996,1977380.696],[250737.633,1977389.6918],[250821.2415,1977351.0626],[250843.4665,1977301.85],[250927.075,1977261.1041],[251021.0023,1977246.2874],[251079.7399,1977267.7187],[251103.5525,1977354.2376],[251319.4529,1977328.0438],[251317.0717,1977178.8185],[251251.1903,1977187.5498],[251243.2528,1977138.3372],[251304.42964498,1977129.12864314],[251330.22933398,1977125.24518194],[251328.00076606,1977102.40236071],[251335.77147943,1977054.58258613],[251356.21852262,1976995.60073076],[251363.45551436,1976976.31860894],[251405.07551312,1976865.42696841],[251505.67281285,1976872.42059047]]]]},"geometry_name":"geometry","properties":{"ogc_fid":58,"zoning":"N","zone_name":"Agriculture Zone","h":10,"e":0,"cos":0}},{"type":"Feature","id":"glup2030_cdudcp_v1.59","geometry":{"type":"MultiPolygon","coordinates":[[[[258030.32630332,1983770.0027645],[258063.69952031,1983693.84742293],[258101.4388376,1983607.7294943],[258099.06851448,1983577.22376525],[258097.67017421,1983559.22730524],[258071.24725571,1983219.16563228],[258070.50178978,1983209.57146432],[258048.40945494,1982749.51934278],[258046.95858064,1982719.30560359],[258043.54603793,1982648.24077752],[258042.70269177,1982630.67836579],[258023.61157811,1982233.10490164],[258022.19816307,1982203.6699106],[257949.64476811,1981370.84664067],[257921.13532003,1981370.59988775],[257830.32932684,1981369.81422421],[257787.79179023,1980725.40930961],[257728.729017,1980726.11314839],[257710.35256899,1980765.92951685],[257667.0335823,1980875.30263098],[257606.45005368,1980924.88641352],[257544.12841006,1980953.86271219],[257507.20685945,1981096.88846671],[257531.34483315,1981393.8611788],[257522.96725469,1981706.74795877],[257691.85332922,1981875.55520563],[257783.33463511,1982004.88450701],[257872.54449505,1982154.46732373],[257921.39279788,1982387.05199665],[257956.75741071,1982683.0180538],[257960.09362719,1982710.93879175],[258005.36275354,1983494.18901754],[258030.32630332,1983770.0027645]]]]},"geometry_name":"geometry","properties":{"ogc_fid":59,"zoning":"T","zone_name":"Transport Zone","h":0,"e":0,"cos":0}},{"type":"Feature","id":"glup2030_cdudcp_v1.60","geometry":{"type":"MultiPolygon","coordinates":[[[[253528.82972663,1987435.22770915],[253532.00511987,1987426.47102168],[253563.19011552,1987426.34893739],[253575.19186789,1987353.50532306],[253607.29112756,1987351.85073024],[254115.42458827,1986563.5573508],[253968.77446933,1986468.98599271],[253647.1608058,1986852.4704312],[253549.66654496,1987009.7951635],[253495.01278389,1987163.98922446],[253451.42426855,1987214.41418418],[253328.98180001,1987320.7436],[253358.2697,1987662.1598],[253388.64768046,1987656.16477164],[253528.82972663,1987435.22770915]]]]},"geometry_name":"geometry","properties":{"ogc_fid":60,"zoning":"T","zone_name":"Transport Zone","h":0,"e":0,"cos":0}},{"type":"Feature","id":"glup2030_cdudcp_v1.61","geometry":{"type":"MultiPolygon","coordinates":[[[[263067.93617343,2002436.66182393],[263132.89617843,2002387.76461665],[263226.35901786,2002319.08993241],[263454.0960897,2002248.89599309],[263648.94742359,2002199.29747173],[263797.74298766,2002195.7547202],[263999.6798246,2002135.52794427],[264282.04024402,2002091.30281834],[264293.7282012,2002089.47217444],[264490.39244636,2002057.08041642],[264594.86208086,2002039.87365309],[264640.91785069,2001912.33459818],[264708.23012967,2001788.33829479],[264803.88442085,2001685.59850056],[264812.74129967,2001676.74162174],[264839.31193611,2001667.88474293],[264981.02199712,2001635.99997921],[265133.36031271,2001643.08548225],[265285.6986283,2001533.26018496],[265329.7631669,2001522.20322052],[265409.87997064,2001504.092552],[265437.29089661,2001501.16518642],[265448.6651984,2001501.37542123],[265597.46076246,2001554.51669411],[265689.57230212,2001519.08917885],[265742.713575,2001384.46462089],[265788.76934483,2001246.2973114],[265891.50913907,2001225.04080225],[266146.58724889,2001235.66905682],[266183.33698063,2001237.80757599],[266261.76142607,2001244.18420164],[266326.85676598,2001252.40280841],[266355.60958888,2001256.92556597],[266582.34568651,2001292.35308123],[266798.45352956,2001349.03710564],[267049.98888785,2001451.77689987],[267156.27143362,2001448.23414834],[267241.29747022,2001377.37911784],[267297.98149463,2001295.89583276],[267312.1276373,2001107.28059714],[267319.23800378,2001012.47571073],[267170.44243972,2000651.11505515],[266865.7658064,2000272.04063145],[266695.75823978,1999792.40821809],[266675.6115,1999735.5694],[266671.6294,1999719.641],[266661.0106,1999658.5825],[266619.8624,1999605.4881],[266615.8803,1999582.923],[266543.12920425,1999429.76266179],[266540.2208,1999423.6397],[266524.2925,1999374.5274],[266586.6784,1999228.5178],[266598.6246,1999143.5668],[266598.6246,1999109.0554],[266594.82825956,1999078.68458114],[266586.6784,1999013.4855],[266584.1301,1999002.7825],[266577.5043,1998980.5952],[266566.1512,1998927.2712],[266560.1312,1998901.9872],[266548.185,1998734.7399],[266504.3821,1998562.1831],[266456.9832057,1998420.3287981],[266454.7916,1998413.7698],[266444.1784,1998344.7838],[266441.05317976,1997732.24901271],[266440.6356,1997650.4045],[266378.61713417,1996802.81858288],[266344.98133431,1996343.12920034],[266329.92769354,1995921.62725881],[266324.81619713,1995778.50535927],[266322.4402859,1995711.97984464],[266321.28341631,1995679.58749634],[266313.09657059,1995450.35581596],[266245.7843,1995081.9097],[266203.2713,1994858.7163],[266164.1317,1994715.5769],[266162.3619,1994609.3881],[266171.16029113,1994531.962099],[266180.06,1994453.6445],[266171.2109,1994411.169],[266158.4823,1994382.4383],[266154.10683427,1994372.78222987],[266137.375,1994335.8573],[266130.5052,1994324.4482],[266100.4184,1994205.8707],[266093.3391,1994046.5874],[266134.0449,1993896.1533],[266169.99058506,1993778.25135876],[266178.2902,1993751.0286],[266178.01177186,1993748.75055786],[266158.8222,1993591.7454],[266146.793731,1993477.47470664],[266141.1241,1993423.6131],[266139.3543,1993320.9639],[266153.5128,1993259.6104],[266172.3908,1993188.8179],[266177.1103,1992941.044],[266151.1531,1992837.2149],[266090.3297,1992522.07],[266015.9976,1992384.0246],[265917.7729,1992259.2527],[265900.5173,1992257.9254],[265811.5841,1992273.8537],[265737.252,1992281.8179],[265690.7944,1992269.8716],[265686.2004,1992269.6698],[265675.5156,1992267.1839],[265650.7105,1992256.3611],[265637.7,1992249.9612],[265597.8792,1992222.0867],[265506.2913,1992220.7593],[265292.5864,1992235.3603],[265161.1777,1992245.9791],[264954.1095,1992245.9791],[264915.6161,1992238.015],[264874.4679,1992214.1225],[264801.4631,1992139.7903],[264695.2743,1992009.7091],[264626.2516,1991912.8118],[264575.8119,1991826.5334],[264563.8657,1991807.9503],[264525.3722,1991774.7663],[264464.3137,1991742.9097],[264372.7258,1991697.7794],[264187.1904,1991615.9256],[264147.0746,1991594.6878],[264076.2821,1991530.9745],[263861.5447,1991375.2309],[263668.0451,1991214.7679],[263505.6647,1991106.0718],[263297.2692,1990977.3179],[263214.33395438,1990926.037321],[263183.24084167,1990906.81180583],[263123.385,1990869.8017],[263071.618,1990827.3262],[262852.6036,1990587.074],[262693.3204,1990419.8267],[262666.7732,1990357.4407],[262633.5892,1990285.7633],[262613.6788,1990277.7991],[262529.00257503,1990260.83013043],[262479.86331845,1990246.31202637],[262446.12887598,1990235.72867187],[262422.97778801,1990226.46823668],[262412.39443351,1990218.53072081],[262405.11837729,1990206.624447],[262401.81107901,1990195.37963284],[262399.82670004,1990168.92124659],[262397.18086142,1990158.33789209],[262390.56626485,1990149.73891656],[262376.01415242,1990142.46286034],[262323.09737992,1990127.24928825],[262294.65461469,1990119.31177237],[262258.93579326,1990105.42111959],[262221.23259285,1990088.88462818],[262178.89917485,1990067.71791919],[262155.74808688,1990054.48872606],[262139.21159548,1990043.90537156],[262122.67510407,1990030.01471878],[262110.76883026,1990020.09282394],[262095.55525816,1990006.86363081],[262077.03438779,1989992.31151837],[262050.57600154,1989972.46772868],[262028.74783288,1989957.91561625],[262000.96652732,1989940.05620553],[261974.50814107,1989923.51971412],[261944.08099688,1989903.01446478],[261948.04975482,1989891.76965062],[261950.69559344,1989881.18629612],[261955.32581104,1989873.9102399],[261965.24770588,1989864.64980472],[261971.20084279,1989859.35812747],[261977.15397969,1989848.11331331],[261981.78419729,1989835.54557984],[261984.43003591,1989831.5768219],[261989.72171316,1989829.59244293],[261993.02901145,1989825.623685],[261993.02901145,1989812.39449187],[261995.01339041,1989805.11843565],[262005.59674491,1989780.64442837],[262011.54988182,1989766.09231593],[262017.50301873,1989756.17042109],[262019.48739769,1989747.57144556],[262023.45615563,1989734.34225243],[262028.08637322,1989721.11305931],[262038.66972772,1989694.65467306],[262049.25308223,1989671.50358509],[262059.17497707,1989647.69103747],[262065.78957363,1989627.84724778],[262067.7739526,1989617.92535293],[262069.09687191,1989611.97221602],[262073.99652191,1989604.62274104],[261965.9963,1989541.0933],[261916.0485,1989485.3184],[261884.6916,1989461.3396],[261789.1092,1989380.2058],[261726.78809971,1989270.2271763],[261702.4122,1989227.2108],[261708.2968,1989187.1957],[261640.9595,1989108.2487],[261630.0896,1989059.0481],[261581.0417,1989042.3394],[261528.58968595,1989040.87210411],[261492.3381,1989039.858],[261414.5791,1988988.0187],[261376.1773,1988975.9497],[261284.0618,1988913.0414],[261173.9452,1988805.4211],[261169.2305,1988797.3784],[261148.7236,1988802.8713],[261017.1081,1988807.4894],[260878.7376,1988745.5869],[260779.3291,1988621.3259],[260770.0096,1988556.6381],[260862.0287,1988476.5777],[260830.5616,1988388.1301],[260755.5456,1988265.1696],[260703.2127,1988182.9321],[260641.7047,1988156.6424],[260603.3915356,1988156.00383148],[260560.7787,1988155.2936],[260507.29873804,1988166.39324913],[260487.4197,1988170.5191],[260480.181,1988174.5561],[260465.40072001,1988225.89804014],[260428.064,1988355.5938],[260336.30309014,1988455.63850189],[260321.6169,1988471.6505],[260316.91083565,1988474.93379803],[260282.56937494,1988498.89293711],[260256.76015966,1988516.89935168],[260170.5175,1988577.0686],[259937.0347,1988631.0614],[259896.51,1988644.276],[259872.15219926,1988657.95383593],[259852.37784135,1988669.05789356],[259729.89355218,1988737.83750255],[259710.008,1988749.004],[259582.7164,1988761.5759],[259457.4409,1988793.239],[259331.0788,1988797.2503],[259220.1919,1988760.2881],[259170.90798795,1988728.45894622],[259149.8602,1988714.8656],[258854.7073,1988579.8194],[258780.9359,1988506.048],[258700.34766804,1988357.58831646],[258676.9609,1988314.5052],[258643.8226,1988277.7859],[258472.74430307,1988297.64842642],[258460.3212,1988299.0908],[258300.7578,1988290.4823],[258085.05581625,1988348.27412437],[257515.2754,1988500.9322],[257259.50041404,1988614.69471391],[257135.72891759,1988669.74527537],[256988.7557,1988735.1154],[256719.3453,1988820.7739],[256699.6689,1988839.0449],[256450.5233,1989102.6754],[256396.3815,1989192.0094],[256375.02953279,1989222.33276299],[256203.9619,1989465.2774],[256173.64154525,1989510.20992619],[256037.0994,1989712.5553],[255901.89812472,1989967.57753749],[255856.7131,1990052.8074],[255836.40957128,1990129.33616444],[255831.0927,1990149.3767],[255730.6017,1990369.1168],[255687.0608,1990424.7523],[255654.3747,1990549.1705],[255582.44318217,1990641.78218933],[255467.323,1990789.9992],[255374.32968422,1990970.66872661],[255359.01644055,1991000.41964431],[255326.00475196,1991064.55550289],[255324.7314,1991067.0294],[255227.5207,1991011.3636],[255228.86271992,1991009.07119707],[255243.0892,1990984.7699],[255252.5374,1990967.7253],[255247.19236748,1990964.26820978],[255214.5984,1990943.1869],[255116.2445,1991116.184],[255100.40584951,1991138.35318247],[255032.1053,1991233.9527],[255028.08569717,1991247.06935796],[255018.8942,1991277.0628],[255003.8228,1991375.0264],[254941.6655,1991498.0979],[254875.9334,1991602.9653],[254855.42049686,1991657.78422133],[254842.1416,1991693.2709],[254821.73677786,1991759.31811519],[254818.887,1991768.5424],[254793.1026,1991878.334],[254716.6715,1991960.4567],[254690.65121282,1991995.60489697],[254542.21233629,1992196.11609178],[254532.0599,1992209.83],[254498.018,1992265.3944],[254485.4056,1992284.5419],[254390.5353,1992456.2919],[254367.7851666,1992513.7659333],[254360.78,1992531.4632],[254328.10540901,1992566.5580339],[254283.5623,1992614.4005],[254251.3122,1992667.8436],[254222.7934,1992801.8818],[254144.5942,1992888.9259],[254073.4791,1992936.6251],[253966.51587094,1992986.20687818],[253953.2419,1992992.3599],[253917.8067,1993024.5737],[253883.14132665,1993123.41287081],[253848.4262,1993222.3939],[253814.5447,1993389.7685],[253755.14485724,1993523.4179526],[253753.1815,1993527.8355],[253690.33731358,1993616.95059894],[253649.3867,1993675.0199],[253611.0255948,1993689.85988143],[253664.1929,1993729.7354],[253713.259,1993758.3573],[253807.0682,1993813.0793],[253986.8062,1993897.6619],[254009.4749,1993908.3295],[254203.944,1993983.7359],[254329.6788,1994020.7324],[254434.4684,1994051.566],[254434.8375,1994048.4621],[254436.3474,1994042.9571],[254437.6157,1994038.3326],[254442.228,1994021.5396],[254446.9716,1994005.565],[254453.0231,1993985.1857],[254462.4278,1993955.5246],[254463.9555,1993950.7064],[254471.5968,1993926.6069],[254481.4209,1993892.0328],[254488.7086,1993865.5746],[254500.0245,1993829.6848],[254506.822,1993807.2753],[254514.3007,1993782.6203],[254517.8582,1993771.037],[254534.1445,1993718.009],[254542.3039,1993692.4472],[254554.4645,1993654.3501],[254565.2595,1993619.425],[254568.7432,1993607.1837],[254576.6896,1993579.2612],[254582.0646,1993561.6939],[254589.7071,1993536.7161],[254607.9634,1993479.2485],[254614.9484,1993460.5159],[254618.9171,1993446.7047],[254641.1422,1993404.7946],[254663.0497,1993367.9645],[254681.306,1993336.6907],[254695.1173,1993310.1794],[254714.8023,1993276.0481],[254726.8674,1993254.458],[254731.7377,1993245.851],[254745.2824,1993221.9142],[254760.3637,1993195.4029],[254774.0162,1993170.9554],[254786.3987,1993149.3653],[254798.305,1993127.299],[254812.275,1993103.3277],[254826.0863,1993079.0389],[254840.0563,1993054.2739],[254851.9626,1993032.5251],[254853.4389,1993029.8397],[254868.6314,1993002.2038],[254884.9827,1992974.105],[254903.239,1992942.3549],[254916.0977,1992917.7486],[254934.1953,1992886.6335],[254952.4516,1992857.5822],[254966.1041,1992835.5159],[254982.9316,1992807.0996],[254996.1079,1992786.4621],[255014.5229,1992759.6333],[255021.6054,1992749.5824],[255036.113,1992728.9945],[255055.6393,1992701.3719],[255075.1655,1992672.7969],[255097.3906,1992641.3643],[255108.3444,1992628.0293],[255109.6922,1992625.2164],[255111.9956,1992620.4093],[255119.6156,1992603.1055],[255130.877,1992575.8085],[255137.5997,1992556.1049],[255141.3438,1992548.9633],[255155.8833,1992521.2306],[255160.4994,1992512.4258],[255176.5457,1992480.3331],[255183.4342,1992466.5561],[255200.7769,1992430.6018],[255220.6414,1992391.5068],[255227.7296,1992377.3303],[255239.4905,1992353.8086],[255265.1283,1992302.7448],[255282.912,1992266.119],[255301.5874,1992228.7681],[255315.7421,1992197.9236],[255335.8603,1992158.9578],[255343.4579,1992142.212],[255356.707,1992113.0101],[255374.8304,1992073.1386],[255376.7783,1992068.8532],[255397.27,1992025.7571],[255416.1981,1991986.0905],[255421.5959,1991974.7785],[255441.4149,1991933.8756],[255456.6084,1991904.7547],[255479.0616,1991860.6954],[255497.9594,1991823.8218],[255505.1417,1991809.8074],[255529.0646,1991760.4797],[255538.414,1991742.1441],[255550.884,1991717.6883],[255581.6221,1991653.0324],[255596.7526,1991621.7058],[255605.9336,1991599.7966],[255621.3478,1991572.769],[255622.5154,1991570.0964],[255630.9569,1991550.7747],[255655.278,1991503.6408],[255658.1661,1991498.0439],[255669.3162,1991475.179],[255674.7473,1991464.0419],[255706.9057,1991410.4446],[255734.4976,1991364.5994],[255749.0829,1991338.5996],[255785.1912,1991279.6861],[255827.1357,1991210.4141],[255851.0602,1991170.1871],[255884.7465,1991114.2551],[255909.7003,1991071.1146],[255929.3844,1991039.0983],[255962.3193,1990985.5295],[255989.6544,1990941.6663],[256015.9589,1990897.7735],[256025.4867,1990881.875],[256041.9741,1990853.9733],[256062.2336,1990820.8405],[256076.2488,1990798.3313],[256091.1238,1990773.0437],[256113.8349,1990734.626],[256126.5513,1990711.7364],[256159.5268,1990655.0861],[256194.4546,1990594.7564],[256232.5563,1990529.1367],[256269.4313,1990465.3472],[256289.1266,1990429.9804],[256303.6472,1990404.6148],[256322.9728,1990370.8553],[256346.4908,1990329.4341],[256357.8265,1990309.1993],[256373.2119,1990281.8007],[256390.5529,1990252.7227],[256405.0533,1990227.2665],[256413.7079,1990209.4296],[256426.771,1990187.0654],[256438.9343,1990165.7004],[256454.8565,1990138.6326],[256464.5965,1990120.7582],[256481.2943,1990089.1592],[256493.4097,1990067.4568],[256510.2562,1990037.2602],[256522.3284,1990015.2338],[256532.0665,1989997.6563],[256539.1506,1989984.8692],[256551.7328,1989962.031],[256564.9543,1989938.4437],[256576.6948,1989917.2897],[256588.6392,1989896.125],[256601.2896,1989875.7558],[256608.8195,1989860.2657],[256617.8721,1989843.7035],[256621.9963,1989837.1423],[256634.2262,1989822.6254],[256647.148,1989810.2084],[256665.7585,1989794.613],[256683.111,1989780.6259],[256701.732,1989765.8974],[256713.7397,1989756.6158],[256746.6298,1989742.7123],[256807.0219,1989716.3234],[256897.7213,1989691.1351],[257012.8152,1989665.735],[257015.4584,1989665.152],[257017.884,1989661.2589],[257032.6974,1989637.4828],[257051.7511,1989608.7371],[257069.3158,1989582.2377],[257088.5775,1989552.1809],[257108.1791,1989519.9274],[257111.8609,1989513.8692],[257137.0493,1989474.7108],[257157.1577,1989443.8074],[257169.4343,1989426.0273],[257176.2077,1989418.4073],[257188.2727,1989407.824],[257203.5127,1989398.299],[257235.6861,1989378.6139],[257301.3029,1989343.0538],[257326.3219,1989329.8183],[257362.8345,1989406.0185],[257387.4408,1989456.0248],[257422.235,1989443.8836],[257454.4084,1989432.4536],[257478.1151,1989421.6586],[257490.8151,1989411.7102],[257509.4419,1989391.3902],[257539.7102,1989355.4068],[257574.3035,1989314.2706],[257587.2097,1989296.7181],[257600.7619,1989278.2872],[257621.9286,1989248.6538],[257642.8307,1989217.1684],[257661.3692,1989186.8118],[257688.3568,1989143.1554],[257701.586,1989115.9033],[257722.7527,1989077.274],[257746.4858,1989039.5391],[257769.3459,1989004.8257],[257786.7026,1988982.389],[257804.906,1988964.6089],[257826.9723,1988946.313],[257851.7373,1988928.5329],[257900.8441,1988895.5129],[257955.3616,1988859.331],[258002.3252,1988828.9039],[258076.078,1988784.2554],[258118.7421,1988760.4428],[258129.6562,1988755.1511],[258155.1224,1988746.8829],[258187.8646,1988740.2683],[258252.9578,1988732.3473],[258322.8079,1988721.2348],[258356.9392,1988714.8848],[258377.9737,1988712.9004],[258405.3581,1988711.3129],[258427.98,1988708.1379],[258449.8082,1988703.3754],[258486.3208,1988687.8972],[258557.7584,1988657.4701],[258584.402,1988646.0562],[258596.6787,1988642.8915],[258619.1154,1988638.8698],[258651.2888,1988637.5998],[258677.8263,1988638.7233],[258726.0999,1988637.9041],[258757.5192,1988642.5343],[258791.2537,1988650.4718],[258815.3969,1988658.4093],[258846.1548,1988669.6542],[258868.3137,1988678.2531],[258891.7955,1988693.4667],[258926.1914,1988720.9173],[258932.0027,1988725.6943],[258965.2175,1988752.9981],[259000.1426,1988781.5731],[259040.8885,1988806.9732],[259055.7546,1988817.292],[259060.4071,1988820.5214],[259064.9099,1988823.6468],[259085.8678,1988838.1941],[259089.5801,1988840.382],[259094.3854,1988843.2141],[259106.2937,1988850.2326],[259126.5343,1988857.7733],[259157.8875,1988868.0921],[259192.4157,1988877.6171],[259223.372,1988882.7765],[259255.7703,1988887.7639],[259275.9448,1988892.0634],[259290.1213,1988898.1787],[259299.0024,1988902.716],[259311.0022,1988909.2613],[259316.767,1988914.4157],[259339.1142,1988934.3968],[259360.2809,1988957.8786],[259372.8588,1988971.0415],[259374.5023,1988972.7614],[259392.6925,1988988.9672],[259416.7365,1989005.3714],[259445.047,1989022.0402],[259469.6533,1989032.0944],[259479.0263,1989035.7047],[259505.3721,1989045.8527],[259528.1263,1989053.2611],[259550.0868,1989058.0236],[259574.9577,1989060.1403],[259596.6967,1989062.4957],[259613.2959,1989064.2942],[259624.7643,1989065.6704],[259666.4133,1989070.6683],[259682.7491,1989072.6286],[259721.6959,1989078.3833],[259752.7845,1989084.0057],[259775.6048,1989090.2896],[259799.7481,1989097.8964],[259833.4826,1989106.4953],[259865.2326,1989112.7792],[259872.7261,1989114.172],[259893.94,1989118.115],[259928.0713,1989121.29],[259963.7901,1989121.8192],[260017.5225,1989121.111],[260053.7486,1989116.7568],[260080.1343,1989112.0604],[260098.5493,1989105.3929],[260119.0281,1989094.2804],[260142.2056,1989082.0566],[260167.9629,1989068.672],[260195.4097,1989052.6954],[260210.508,1989043.9069],[260255.593,1989023.5869],[260276.7531,1989014.1677],[260287.9979,1989010.5958],[260294.2157,1989009.2729],[260301.5611,1989009.6726],[260311.8436,1989010.232],[260344.3874,1989013.1424],[260373.4916,1989019.2279],[260406.0354,1989027.6946],[260414.4934,1989029.5407],[260439.2277,1989043.1446],[260455.1775,1989051.0573],[260462.2303,1989055.9691],[260432.8903,1989135.6927],[260365.3351,1989319.2566],[260351.386,1989357.1596],[260311.23508016,1989466.25935978],[260161.19066755,1989873.96628806],[260117.6201,1989992.358],[260097.76292647,1990046.31470974],[260009.5575,1990285.9902],[259982.725,1990358.9006],[259858.9335424,1990703.7481567],[259794.5968,1990882.9719],[259764.8601,1990965.81],[259739.6154,1991036.1346],[259738.658,1991038.8014],[259733.7964,1991052.3447],[259731.3387,1991059.1911],[259730.63057024,1991061.16378932],[259711.8807,1991113.3954],[259674.1807,1991218.4169],[259659.7743,1991258.549],[259622.3009,1991362.9391],[259606.14630381,1991407.94120137],[259564.5184,1991523.9047],[259539.6528,1991593.1733],[259519.7032,1991648.747],[259500.2473,1991719.7449],[259617.032,1991716.3983],[259794.9293,1991711.3004],[259930.809,1991707.4066],[260849.792,1991681.072],[261524.32636272,1991682.87588643],[261839.8569,1991683.7197],[261840.02977597,1991858.40191004],[261840.13995259,1991969.72967646],[261840.2652,1992096.2857],[262394.0393,1992098.9316],[262394.0393,1992380.7134],[263437.8226,1992408.4947],[263429.8851,1992972.0583],[263586.23514694,1992973.26098439],[263839.27742339,1992975.20745005],[264054.7734,1992976.8651],[264970.538,1992978.1845],[264963.2619,1994459.1927],[264245.5782,1994459.1927],[264252.0676,1994929.8901],[264255.2947,1994933.3674],[264256.885,1995279.317],[264614.18838219,1995622.79988448],[264599.79688947,1995641.99860709],[264586.6808,1995659.4959],[264580.3148,1995667.9885],[264557.2177,1995700.6361],[264547.22613041,1995714.75916928],[264530.3141,1995738.6643],[264492.8317,1995791.6457],[264468.6285,1995825.2488],[264442.4267,1995861.9361],[264396.28,1995927.143],[264315.29789658,1996042.77399761],[264196.8318,1996211.9268],[264118.987,1996324.0927],[264079.63857625,1996380.78965354],[264022.63509482,1996466.31930295],[264019.37118963,1996470.79819245],[264011.72489516,1996481.29079647],[264005.03028321,1996490.47741669],[263996.26271389,1996502.5086702],[263951.30756711,1996563.65205031],[263937.83913389,1996586.61504819],[263926.45382054,1996602.59259495],[263887.02688225,1996657.92227544],[263872.54129738,1996677.29768687],[263859.72057582,1996694.44623538],[263846.347927,1996714.24432735],[263825.60073248,1996744.96037103],[263821.39831465,1996750.40472024],[263582.47081545,1997098.79544454],[263255.48832368,1997563.37636819],[263251.10359121,1997558.96872489],[263249.43261723,1997561.43409005],[263246.22110076,1997566.32810273],[263217.82190347,1997609.60548677],[263201.76189238,1997633.29001032],[263193.68751818,1997645.19770483],[263185.88885574,1997657.64454748],[263153.1888953,1997709.83442818],[263125.98243568,1997759.32487846],[263121.6084078,1997769.04937042],[263116.03959226,1997781.43015613],[263113.02680429,1997788.12820193],[263119.6533,1997792.2303],[263150.2654,1997822.4118],[263229.1314,1997900.1685],[263273.9458,1997898.3759],[263317.7002,1997896.6257],[263420.44,1997868.2837],[263470.0385,1997864.741],[263573.6507,1997902.9139],[263595.2059,1997910.8553],[263604.663,1997914.3395],[263654.2616,1997971.0235],[263764.0868,1997981.6518],[263843.3303,1997965.9921],[263905.9281,1997953.6219],[264014.9531,1997912.6959],[264091.0383,1997883.711],[264156.2542,1997847.4799],[264344.6558,1997749.656],[264478.7108,1997691.6863],[264493.32339749,1997687.81826577],[264601.8964,1997659.0784],[264633.849,1997660.1435],[264710.5896,1997662.7015],[264740.6585,1997676.7336],[264764.9362,1997688.0632],[264783.5405,1997718.1163],[264812.0366,1997764.1485],[264835.9687,1997883.8085],[264837.3984,1997890.9572],[264898.9912,1997941.6807],[264904.0438,1997961.8912],[264913.4836,1997999.6504],[265014.9306,1998053.997],[265167.1011,1998061.2432],[265261.3019,1998090.2281],[265282.0796,1998116.4736],[265330.141,1998177.1827],[265391.7338,1998267.7604],[265482.3115,1998314.8607],[265576.5122,1998358.338],[265579.7626,1998358.4734],[265642.3351,1998361.0806],[265663.4668,1998361.9611],[265714.729,1998359.9106],[265754.0445,1998358.338],[265855.4915,1998318.4839],[265884.0621,1998299.0039],[265930.3787,1998267.4244],[265935.1999,1998264.1372],[266025.7775,1998256.891],[266071.4402,1998260.1526],[266127.2245,1998264.1372],[266188.8174,1998293.1221],[266225.115,1998342.2306],[266250.4102,1998376.4536],[266269.0847,1998457.3763],[266293.8875,1998564.8551],[266326.4954,1998688.0408],[266327.7677,1998710.3056],[266332.1522,1998787.0349],[266333.7416,1998814.8495],[266333.7416,1998898.181],[266315.5549,1998977.7459],[266311.9462,1998977.9679],[266308.3799,1998991.0231],[266308.7294,1998995.3268],[266309.2614,1999001.877],[266310.4648,1999016.6937],[266315.6261,1999080.2421],[266304.7568,1999145.4581],[266301.8525,1999156.3493],[266300.8116,1999160.2525],[266296.6489,1999175.863],[266295.7835,1999179.1079],[266290.2644,1999199.8047],[266277.1031,1999223.6203],[266252.2217,1999268.6437],[266272.3549,1999334.9829],[266218.3989,1999371.6729],[266204.4713,1999381.1437],[266183.7861,1999395.2096],[266109.3884,1999434.1799],[266049.874,1999526.7577],[266045.6188,1999533.3769],[266003.1058,1999636.1167],[266007.1419,1999642.3951],[265956.9385,1999732.4014],[265869.9839,1999830.2253],[265779.4062,1999920.803],[265697.7435,1999988.3859],[265674.3361,2000007.7576],[265536.6581,2000025.8731],[265424.3417,2000033.1193],[265333.7641,2000004.1345],[265188.8398,2000011.3807],[265167.3954,2000023.4903],[265131.5889,2000054.1614],[265125.3508,2000050.1796],[265122.9011,2000048.616],[265120.3849,2000047.0099],[264965.0796,1999947.8789],[264844.6007,1999925.9737],[264843.4823,1999976.575],[264706.957,2000101.9877],[264610.8045,2000128.5592],[264338.0126,2000153.3585],[264290.3415,2000150.3157],[264171.5033,2000142.7302],[263945.7281,2000162.0824],[263923.5107,2000163.9867],[263781.8006,2000135.6447],[263762.8086,2000131.2619],[263643.6333,2000103.7599],[263445.2392,2000068.3324],[263309.972,2000089.9935],[263214.9604,2000149.8157],[263083.8786,2000298.6113],[263077.7132,2000307.2428],[262977.596,2000447.4068],[262867.7707,2000514.7191],[262788.4594,2000561.5699],[262735.2781,2000674.2826],[262757.5031,2000768.739],[262834.497,2000802.0766],[262816.2407,2000843.3517],[262607.1589,2000862.4733],[262516.9964,2000829.0642],[262432.8587,2000893.358],[262432.0123,2001017.7898],[262513.0276,2001047.3458],[262474.1338,2001117.9897],[262479.9423,2001180.7728],[262389.2024,2001194.9836],[262328.0835,2001233.8775],[262333.6398,2001285.4713],[262410.7558,2001389.7787],[262428.6691,2001402.574],[262435.555,2001407.4925],[262474.5253,2001474.8048],[262480.8973,2001525.781],[262470.9825,2001538.5743],[262478.068,2001609.4293],[262428.4695,2001726.3401],[262418.5594,2001770.9355],[262414.2985,2001790.1097],[262414.2985,2001917.6487],[262382.4138,2002034.5595],[262378.871,2002133.7566],[262329.2725,2002204.6116],[262237.1609,2002240.0391],[262155.6777,2002257.7529],[262079.7192,2002257.0623],[262001.7874,2002222.5762],[262052.9379,2002176.2696],[262098.9936,2002133.7566],[262155.6777,2002098.3291],[262176.9342,2002006.2175],[262187.5624,2001928.277],[262155.6777,2001761.7677],[262116.7074,2001683.8271],[262130.8784,2001595.2583],[262169.8487,2001499.604],[262141.8093,2001473.1224],[262098.5663,2001482.7856],[262084.2787,2001451.3001],[262041.9453,2001460.8252],[262035.0661,2001417.4334],[262018.8922,2001385.4346],[261991.6744,2001369.0146],[261959.1306,2001340.4395],[261955.9556,2001230.9018],[261963.0993,2001216.6143],[261994.0557,2001194.3892],[262031.749,2001187.639],[262052.9379,2001124.0724],[262052.3173,2001102.9708],[262049.3951,2001003.6188],[262035.2241,2000925.6783],[261985.6256,2000872.537],[261891.0727,2000890.2656],[261872.2575,2000893.7935],[261861.309,2000893.1495],[261807.4308,2000889.9802],[261751.804,2000886.708],[261727.0047,2000996.5333],[261669.3772,2001077.8898],[261641.8945,2001056.885],[261614.5101,2001061.6475],[261617.1794,2001099.2731],[261633.957,2001114.0351],[261626.0195,2001129.9101],[261589.11,2001129.9101],[261573.6319,2001170.7883],[261535.9287,2001159.6758],[261514.8943,2001141.4195],[261490.6849,2001126.3382],[261470.0473,2001119.1945],[261451.3941,2001112.8445],[261443.0598,2001113.6382],[261435.5191,2001116.0195],[261426.391,2001123.957],[261402.9753,2001139.4351],[261372.019,2001155.707],[261356.144,2001162.4539],[261343.404,2001164.9748],[261336.697,2001166.4227],[261328.1245,2001169.5977],[261311.4557,2001172.2965],[261294.4695,2001176.7415],[261277.9594,2001181.8215],[261270.6569,2001187.6952],[261260.1794,2001194.3627],[261247.3206,2001198.014],[261230.1756,2001202.7765],[261206.363,2001207.6978],[261184.138,2001212.7778],[261166.1992,2001220.8741],[261153.6579,2001228.4941],[261146.1967,2001237.8603],[261130.1629,2001251.3541],[261107.6203,2001265.1654],[261066.8215,2001287.3904],[261051.899,2001293.2642],[261044.1467,2001295.1692],[261028.3574,2001263.6584],[260986.4045,2001267.6539],[260974.6934,2001299.7994],[260880.1047,2001254.1587],[260842.4015,2001322.289],[260869.6589,2001333.0947],[260887.3726,2001382.6932],[260919.2574,2001464.1765],[260912.1719,2001506.6895],[260898.0009,2001549.2026],[260869.6589,2001577.5446],[260834.2313,2001584.6301],[260802.3466,2001584.6301],[260766.9191,2001574.0018],[260650.0083,2001549.2026],[260627.368,2001520.5249],[260596.867,2001481.8903],[260531.46,2001407.1395],[260522.4692,2001396.8643],[260515.4305,2001394.8455],[260418.1134,2001370.9516],[260313.0433,2001367.3285],[260214.8268,2001386.3464],[260188.5187,2001397.4616],[260145.4963,2001415.6386],[260072.5398,2001446.4628],[259998.142,2001453.5483],[259945.0007,2001411.0353],[259905.2023,2001413.6885],[259898.6406,2001414.126],[259884.2886,2001415.0828],[259838.7182,2001418.1208],[259746.6066,2001450.0055],[259694.5444,2001481.9749],[259693.1438,2001384.6606],[259688.7254,2001077.6808],[259688.4665,2001062.4929],[259684.1313,2000832.6012],[259668.1302,2000812.9931],[259631.8992,2000726.0386],[259566.6832,2000602.8529],[259512.3366,2000555.7525],[259403.6434,2000534.0139],[259294.9502,2000523.1446],[259182.6339,2000555.7525],[259063.0713,2000599.2298],[258986.9861,2000602.8529],[258954.0578,2000545.9769],[258914.524,2000461.5517],[258889.1622,2000374.5972],[258842.0618,2000302.135],[258729.7455,2000298.5119],[258602.9367,2000309.3812],[258494.2435,2000313.0043],[258421.7814,2000280.3964],[258334.8268,2000193.4418],[258146.4252,2000164.457],[257987.0085,2000160.8338],[257881.9384,2000128.2259],[257802.2301,2000034.0251],[257784.1145,1999965.1861],[257729.7679,1999838.3773],[257671.7982,1999794.9],[257584.8436,1999784.0307],[257537.7432,1999809.3925],[257491.3697,1999821.7664],[257449.3674,1999832.974],[257226.156,1999798.5231],[257150.0708,1999765.9152],[257073.9855,1999718.8148],[257026.8851,1999668.0913],[256950.7999,1999642.7295],[256860.2222,1999628.2371],[256852.97305526,1999620.26304278],[256823.9911,1999588.3829],[256820.368,1999555.7749],[256773.2676,1999534.0363],[256744.1247,1999499.7208],[256729.9537,1999476.6929],[256722.8682,1999450.1223],[256701.6117,1999441.2654],[256675.041,1999423.5517],[256639.6135,1999409.3806],[256031.07532389,1999613.96357379],[255704.04494594,1999710.68163624],[255300.52058934,1999829.50721593],[255233.97485603,1999741.73661175],[255187.77970677,1999751.37720974],[255129.62757505,1999690.68688549],[255018.38108167,1999571.25637905],[255044.36650006,1999555.82741418],[255081.55208067,1999550.32688264],[255110.30539278,1999514.72569959],[255314.00618535,1999057.05902754],[255344.45916675,1998996.26355045],[255372.7476556,1998923.41214072],[255362.73950073,1998686.91226806],[255308.4539,1998240.91050001],[255305.71954129,1998245.22512617],[255277.4256,1998289.8712],[255206.5705,1998289.8712],[255121.5445,1998275.7002],[255032.9757,1998272.1574],[254958.5779,1998321.7559],[254763.2406,1998327.8218],[254746.0128,1998272.1574],[254597.2173,1998254.4436],[254466.1355,1998300.4994],[254451.87426373,1998319.75205186],[254395.2804,1998396.1537],[254343.89169175,1998436.58657073],[254294.6057,1998475.365],[254240.0189,1998492.9879],[254161.9135,1998518.1523],[253941.8346,1998589.0564],[253929.6884,1998592.9696],[253912.9969,1998598.3472],[253845.8443,1998619.9274],[253772.5889,1998643.4689],[253755.0697,1998649.0989],[253740.9558,1998653.6345],[253732.7859,1998633.5181],[253700.9011,1998562.663],[253647.7599,1998417.4102],[253580.4476,1998335.9269],[253463.5368,1998346.5552],[253300.5702,1998350.0979],[253204.9159,1998367.8117],[253116.10568956,1998393.93235013],[253127.78139382,1998418.92439189],[253135.13328856,1998432.57806102],[253199.35445972,1998551.84726326],[253228.2594056,1998605.52846798],[253242.04201236,1998631.12501945],[253255.48042106,1998655.79841071],[253274.23082637,1998690.22481465],[253390.95802916,1998904.54006642],[253418.00355575,1998954.19660493],[253423.33948368,1998965.94656913],[253426.37969381,1998972.64125479],[253440.94687119,1999010.25999358],[253442.2863243,1999014.28878603],[253450.96806023,1999040.40161667],[253457.43139257,1999073.13526756],[253458.17196443,1999076.88590569],[253476.45752382,1999187.36320975],[253488.04704489,1999257.38453184],[253497.33926359,1999313.52606124],[253501.27959415,1999336.89330661],[253518.67196547,1999440.19387848],[253532.25956968,1999520.8963462],[253540.42540172,1999569.39664005],[253541.66910101,1999576.78349062],[253552.90407687,1999643.51271401],[253556.76480995,1999666.44322616],[253558.67174566,1999677.76939732],[253563.22779957,1999704.82969188],[253590.08610657,1999864.35232125],[253613.06005012,2000001.37397942],[253619.58043563,2000040.26286188],[253642.25362754,2000168.92505026],[253647.68524531,2000199.7475381],[253653.94055569,2000247.18369363],[253654.27632408,2000249.72993732],[253666.34973951,2000314.71571578],[253671.84438741,2000344.29073932],[253677.54825356,2000374.99212438],[253679.34183965,2000384.64621264],[253691.74185476,2000451.39011649],[253697.0579071,2000480.96852011],[253698.51921829,2000489.09933319],[253700.29427417,2000498.97583836],[253703.94829571,2000530.49138577],[253703.94829571,2000550.01740615],[253704.21450815,2000554.74267864],[253704.72297346,2000563.76845927],[253705.35871317,2000575.04797131],[253703.97501974,2000591.63800595],[253702.63877421,2000617.54297518],[253701.78487329,2000634.09702651],[253699.10892382,2000654.14225286],[253695.76840443,2000672.46356427],[253715.61048644,2000687.95006452],[253735.18969226,2000701.70842537],[253750.53555629,2000710.70427669],[253766.93975576,2000718.11262484],[253792.33980656,2000726.05014072],[253837.84823092,2000737.69183067],[253885.47332616,2000747.21684971],[253936.80259549,2000756.4772849],[253962.73181401,2000762.8272976],[253997.12771614,2000772.35231665],[254028.87777964,2000780.81900026],[254059.56950769,2000790.34401931],[254097.66958389,2000804.10238015],[254116.71962199,2000812.56906375],[254129.41964739,2000818.91907646],[254147.41135004,2000830.03159868],[254180.21974899,2000853.31497858],[254227.84484424,2000890.88588705],[254267.08350994,2000922.57867192],[254275.99910722,2000929.77971484],[254327.32837654,2000971.58396512],[254364.89928502,2001003.86319634],[254389.77016809,2001024.50073762],[254422.04939932,2001050.42995614],[254456.44530144,2001078.47584557],[254498.24955172,2001111.28424452],[254551.16632422,2001151.76557548],[254623.13313482,2001204.68234798],[254694.57077769,2001253.89494641],[254737.96253114,2001281.41166811],[254761.77507877,2001297.28669986],[254798.28765179,2001322.68675066],[254850.67525657,2001361.58057845],[254883.48365552,2001385.92229379],[254961.80047882,2001446.77658217],[255002.01722592,2001478.52664567],[255023.18393492,2001494.93084515],[255037.47146349,2001507.63087055],[255049.11315344,2001520.59547981],[255076.62987514,2001552.87471103],[255133.25082172,2001621.66651529],[255199.92595507,2001703.95209652],[255223.20933497,2001734.11465685],[255240.14270217,2001756.86886902],[255264.48441752,2001788.61893252],[255297.8219842,2001830.95235052],[255337.50956357,2001880.69411667],[255358.67627257,2001906.35875134],[255398.89301967,2001951.86717569],[255423.23473502,2001980.97140056],[255442.28477312,2002000.55060639],[255460.8056435,2002018.01314131],[255478.79734615,2002032.82983761],[255497.84738424,2002045.52986301],[255522.1890996,2002060.34655931],[255554.99749854,2002075.9570072],[255598.38925199,2002094.47787758],[255616.38095465,2002100.82789028],[255630.1393155,2002103.4737289],[255647.07268269,2002104.53206435],[255675.64773985,2002102.94456117],[255722.74366737,2002100.82789028],[255788.36046527,2002096.06538075],[255818.5230256,2002092.8903744],[255856.09393407,2002087.59869715],[255888.90233302,2002081.77785217],[255920.1232288,2002074.89867175],[255944.99411187,2002068.54865905],[255963.51498225,2002064.31531725],[256012.19841295,2002053.73196275],[256085.88501865,2002037.06317941],[256200.18524725,2002013.25063179],[256291.46667982,2001991.81933892],[256421.3773563,2001961.78907053],[256435.79717681,2002023.30481856],[256457.62534547,2002114.58625112],[256480.77643344,2002204.54476438],[256538.55845784,2002239.21397902],[256563.45889047,2002254.15423859],[256597.19333294,2002274.65948793],[256652.09448441,2002314.34706732],[256683.00669901,2002301.08259634],[256728.51512336,2002279.91588734],[256758.94226755,2002266.28981842],[256783.54856676,2002257.55855096],[256807.36111438,2002248.4304077],[256837.9205505,2002235.33350651],[256854.58933384,2002226.60223905],[256869.27373821,2002219.45847476],[256883.95814258,2002215.09284103],[256897.05504377,2002208.74282833],[256924.83634933,2002193.26467237],[256950.23640013,2002180.56464697],[256969.28643824,2002168.26149737],[256989.52710371,2002157.54585093],[257014.53027872,2002147.22708029],[257024.45217357,2002142.86144657],[257031.19906206,2002134.1301791],[257035.16782,2002122.22390529],[257036.75532317,2002111.50825886],[257035.96157159,2002098.41135766],[257035.16782,2002075.19412373],[257035.96157159,2002065.66910468],[257038.34282635,2002053.36595507],[257043.10533587,2002042.65030864],[257049.45534857,2002035.50654435],[257058.58349183,2002023.60027054],[257064.53662873,2002014.07525149],[257068.90226247,2002006.9314872],[257082.39603945,2002013.4799378],[257089.53980374,2002013.87681359],[257094.69918906,2002008.32055248],[257101.04920176,2001994.03302391],[257106.60546287,2001983.71425327],[257119.30548827,2001965.85484255],[257131.21176209,2001945.61417707],[257139.14927796,2001931.32664849],[257151.05555177,2001910.68910722],[257158.59619185,2001897.59220602],[257163.75557717,2001885.68593221],[257166.93058352,2001879.73279531],[257172.08996884,2001876.16091316],[257180.8212363,2001875.36716158],[257203.84003234,2001876.55778896],[257237.17759902,2001877.74841634],[257253.05263077,2001876.95466475],[257285.19957006,2001872.19215523],[257329.78195089,2001864.91609901],[257359.94451122,2001860.10067271],[257372.64453662,2001860.10067271],[257393.28207789,2001863.27567906],[257420.79879959,2001865.39234996],[257465.24888849,2001866.97985313],[257485.35726204,2001869.09652403],[257523.06046245,2001873.85903356],[257547.53446973,2001873.85903356],[257583.91475082,2001869.89027562],[257596.48248429,2001869.89027562],[257610.37313708,2001874.52049321],[257631.53984607,2001882.45800909],[257646.09195851,2001886.42676703],[257656.67531301,2001886.42676703],[257668.58158682,2001907.59347603],[257680.48786064,2001918.83829018],[257691.73267479,2001922.80704812],[257699.67019067,2001926.77580606],[257714.22230311,2001941.3279185],[257734.72755245,2001951.24981334],[257769.78491423,2001963.81754681],[257795.58184083,2001974.40090131],[257806.16519533,2001981.67695753],[257827.33190432,2002000.1978279],[257843.86839573,2002015.4114],[257856.4361292,2002029.30205278],[257868.34240301,2002037.90102831],[257881.57159614,2002045.17708453],[257896.78516823,2002049.80730212],[257921.25917551,2002053.1146004],[257951.6863197,2002055.09897937],[257970.86864973,2002053.77606006],[257991.37389908,2002051.79168109],[258001.29579392,2002050.46876178],[258009.89476945,2002051.13022144],[258022.46250292,2002051.13022144],[258041.64483295,2002047.1614635],[258060.16570333,2002042.5312459],[258065.45738057,2002041.86978625],[258070.74905783,2002043.19270556],[258077.36365439,2002053.1146004],[258080.67095267,2002062.37503559],[258123.00437067,2002049.14584246],[258166.39612412,2002034.32914616],[258171.55550944,2002027.97913347],[258175.92114317,2002022.42287235],[258185.04928643,2002017.26348704],[258194.57430548,2002014.48535648],[258200.13056659,2002016.46973545],[258206.87745508,2002024.80412711],[258214.41809516,2002031.55101561],[258219.97435628,2002034.32914616],[258228.30874795,2002034.32914616],[258235.84938803,2002033.53539458],[258241.80252493,2002035.12289775],[258251.72441978,2002049.01355053],[258253.31192295,2002054.96668744],[258252.12129557,2002060.52294855],[258251.72441978,2002066.07920967],[258253.70879875,2002074.41360134],[258260.45568724,2002084.33549618],[258269.98070629,2002093.46363944],[258281.22552045,2002099.41677634],[258301.73076979,2002107.35429221],[258324.64373228,2002113.66461734],[258334.69791906,2002118.95629459],[258341.57709948,2002122.13130094],[258356.39379578,2002123.71880411],[258368.56465346,2002121.07296549],[258379.67717568,2002119.48546231],[258391.84803336,2002116.83962369],[258408.25223283,2002111.01877871],[258431.00644501,2002106.78543691],[258460.63983761,2002103.61043056],[258475.98570163,2002103.61043056],[258489.21489476,2002105.19793373],[258504.56075878,2002108.90210781],[258514.61494556,2002109.43127554],[258531.01914503,2002107.84377236],[258540.54416408,2002105.72710146],[258546.89417678,2002105.72710146],[258552.71502176,2002111.54794644],[258560.65253763,2002116.31045596],[258567.53171806,2002116.83962369],[258574.94006621,2002120.01463004],[258598.75261383,2002138.53550041],[258622.03599373,2002154.93969989],[258640.02769638,2002164.46471894],[258661.19440538,2002173.46057026],[258695.9871833,2002163.80325928],[258729.98620963,2002154.5428241],[258737.39455778,2002151.89698547],[258771.79045991,2002132.84694737],[258781.31547896,2002122.26359287],[258789.25299483,2002115.38441244],[258809.36136838,2002102.15521932],[258825.76556786,2002095.27603889],[258840.05309643,2002090.51352937],[258856.45729591,2002087.33852302],[258869.68648903,2002088.39685847],[258897.73237846,2002094.21770344],[258912.01990703,2002096.33437434],[258923.13242926,2002095.80520662],[258941.12413191,2002091.57186482],[258956.99916366,2002086.80935529],[258973.40336314,2002094.74687117],[258975.52003403,2002119.08858652],[258979.75337583,2002127.55527012],[258993.64402862,2002138.27091655],[259012.69406672,2002154.1459483],[259035.71286275,2002183.11788124],[259059.52541038,2002216.45544792],[259070.10876488,2002243.97216962],[259078.04628075,2002253.49718867],[259099.21298975,2002279.95557492],[259120.90886648,2002310.64730297],[259141.54640775,2002337.37027308],[259151.60059453,2002347.42445986],[259171.31209228,2002364.75470285],[259198.29964626,2002387.3766231],[259211.79342325,2002396.50476635],[259219.73093912,2002399.6797727],[259227.668455,2002402.45790326],[259232.82784032,2002406.0297854],[259237.59034984,2002413.96730128],[259239.9716046,2002429.84233302],[259241.95598357,2002435.39859414],[259245.52786572,2002438.97047628],[259252.67163,2002440.16110366],[259266.08603183,2002439.96266577],[259286.32669732,2002437.18453521],[259310.13924494,2002432.81890148],[259334.34866836,2002427.65951616],[259346.65181797,2002424.08763402],[259357.76434019,2002420.11887608],[259368.08311083,2002416.94386973],[259381.97376361,2002413.76886338],[259403.00818068,2002408.21260227],[259423.64572195,2002400.67196219],[259454.60203387,2002387.97193678],[259485.95522157,2002376.06566297],[259505.40213546,2002368.52502289],[259519.68966404,2002362.57188599],[259530.00843468,2002359.00000384],[259534.37406841,2002360.98438281],[259544.69283905,2002368.92189868],[259555.40848548,2002376.06566297],[259559.37724342,2002380.8281725],[259562.15537397,2002387.57506099],[259566.12413191,2002397.89383163],[259570.88664143,2002402.65634115],[259577.63352993,2002407.81572647],[259586.36479739,2002410.59385703],[259599.06482279,2002412.578236],[259619.70236406,2002414.16573917],[259629.22738312,2002414.95949076],[259635.57739582,2002416.94386973],[259641.53053272,2002420.11887608],[259647.88054542,2002421.70637925],[259655.4211855,2002419.32512449],[259671.29621725,2002411.78448441],[259687.171249,2002405.03759592],[259696.06126678,2002402.25946536],[259707.5706648,2002401.46571377],[259708.49670832,2002463.3783376],[259709.55504377,2002535.87431593],[259728.60508187,2002542.22432862],[259742.36344272,2002547.51600587],[259757.70930675,2002557.04102493],[259786.81353162,2002578.73690165],[259808.50940835,2002596.7286043],[259817.50525967,2002601.49111382],[259832.8511237,2002603.078617],[259855.60533587,2002606.25362335],[259879.4178835,2002611.01613287],[259903.75959885,2002616.30781013],[259916.45962425,2002617.36614557],[259937.09716552,2002615.24947467],[259944.50551367,2002613.13280377],[259954.03053272,2002613.13280377],[259974.668074,2002614.72030695],[259981.54725442,2002612.60363605],[259993.18894437,2002607.3119588],[260002.71396342,2002605.1952879],[260031.28902057,2002605.72445562],[260051.92656185,2002606.78279107],[260066.21409042,2002609.4286297],[260087.90996715,2002615.24947467],[260103.25583117,2002621.59948737],[260117.54335975,2002624.77449372],[260133.4183915,2002627.94950007],[260156.7017714,2002635.88701595],[260187.92266717,2002648.58704135],[260198.50602167,2002650.70371225],[260208.56020845,2002648.58704135],[260221.78940157,2002641.70786092],[260228.13941427,2002639.59119003],[260238.72276877,2002639.59119003],[260259.36031005,2002646.99953817],[260278.67493201,2002647.66099783],[260290.58120582,2002646.07349466],[260298.91559749,2002640.91410933],[260306.45623757,2002631.78596608],[260312.01249869,2002625.83282917],[260321.93439353,2002616.70468592],[260341.54806652,2002603.98402497],[260349.55126356,2002595.44728892],[260351.52619326,2002594.23300276],[260359.1224122,2002576.99064815],[260388.84751537,2002509.5188213],[260392.88559956,2002500.35293497],[260395.67391601,2002494.30819113],[260407.84477368,2002479.49149482],[260418.69271205,2002463.08729535],[260428.89462481,2002444.39003573],[260434.84776172,2002437.64314724],[260445.56340815,2002436.05564406],[260453.50092402,2002435.65876827],[260464.21657045,2002430.89625875],[260478.90097482,2002420.9743639],[260488.42599387,2002413.43372382],[260493.58537919,2002402.71807739],[260496.76038554,2002395.5743131],[260499.5385161,2002388.82742461],[260501.52289507,2002379.69928135],[260505.49165301,2002371.76176548],[260514.22292047,2002362.63362222],[260522.55731214,2002351.71953789],[260529.70107642,2002347.35390416],[260538.82921968,2002341.79764305],[260545.97298397,2002329.89136924],[260549.94174191,2002320.76322598],[260556.29175461,2002313.61946169],[260570.97615897,2002307.66632479],[260584.07306017,2002298.93505732],[260597.16996136,2002290.60066566],[260609.47311097,2002279.48814343],[260621.37938478,2002273.53500652],[260635.66691336,2002268.3756212],[260649.55756614,2002264.00998747],[260665.03572209,2002256.0724716],[260676.14824432,2002248.13495572],[260692.02327607,2002237.41930929],[260704.72330147,2002226.30678706],[260711.86706576,2002217.9723954],[260720.59833322,2002210.82863111],[260736.6056569,2002217.70781154],[260767.16509302,2002228.02658217],[260789.78701326,2002233.18596749],[260807.64642398,2002235.96409805],[260815.18706406,2002236.75784963],[260820.74332518,2002241.91723496],[260833.44335058,2002249.06099924],[260846.14337598,2002257.39539091],[260852.49338868,2002260.96727305],[260858.04964979,2002261.36414885],[260872.73405416,2002260.57039726],[260882.655949,2002260.17352147],[260893.37159543,2002262.95165202],[260905.27786924,2002265.33290678],[260915.99351567,2002264.93603099],[260928.69354108,2002264.1422794],[260945.42847038,2002264.5391552],[260959.18683123,2002262.95165202],[260972.68060822,2002259.51206181],[260985.11604976,2002254.74955229],[260994.11190108,2002252.36829752],[261002.31400082,2002252.10371366],[261018.71820029,2002252.89746525],[261026.92030003,2002254.74955229],[261032.47656114,2002257.39539091],[261046.23492199,2002268.3756212],[261060.12557478,2002279.62043536],[261070.04746962,2002283.91992312],[261081.6230136,2002287.88868106],[261101.46680329,2002293.51108814],[261109.07358934,2002295.16473728],[261117.34183504,2002298.80276539],[261132.2246773,2002310.04757955],[261150.08408802,2002323.6075025],[261171.91225668,2002340.47472373],[261178.19612341,2002344.7742115],[261188.11801826,2002348.08150978],[261199.36283241,2002350.39661858],[261206.30815881,2002354.03464669],[261221.5217309,2002364.7833661],[261231.44362574,2002371.72869249],[261234.75092402,2002376.02818026],[261238.38895213,2002382.31204699],[261241.64776212,2002404.7770602],[261246.42033099,2002430.07167517],[261252.00124051,2002459.65049565],[261258.23274182,2002486.37288011],[261258.23274182,2002509.12709229],[261266.69942542,2002542.46465896],[261275.16610902,2002571.03971612],[261276.7536122,2002581.09390289],[261278.34111537,2002593.26476056],[261280.986954,2002597.49810237],[261286.27863125,2002603.84811506],[261287.3369667,2002610.19812776],[261288.92446987,2002622.36898544],[261292.09947622,2002627.13149496],[261301.62449527,2002632.42317222],[261309.03284342,2002634.01067539],[261314.8536884,2002630.30650131],[261326.49537835,2002619.19397909],[261336.54956512,2002612.84396639],[261355.0704355,2002605.43561824],[261362.61107558,2002601.70498578],[261369.75483987,2002593.7674699],[261376.50172836,2002588.60808458],[261382.85174106,2002587.02058141],[261393.1705117,2002585.82995403],[261395.94864225,2002581.46432029],[261403.88615813,2002565.19241275],[261412.2205498,2002552.49238735],[261420.15806567,2002545.74549886],[261442.38311012,2002527.88608814],[261449.9237502,2002520.74232385],[261458.65501766,2002512.40793218],[261462.50716551,2002509.5188213],[261474.53004942,2002500.50165837],[261490.80195696,2002487.00788138],[261497.15196966,2002478.67348971],[261501.51760339,2002473.1172286],[261506.67698871,2002469.14847066],[261516.99575935,2002467.1640917],[261528.90203316,2002465.57658852],[261536.83954903,2002462.00470638],[261547.55519547,2002453.07500102],[261575.33650103,2002461.01251689],[261587.63965063,2002463.79064745],[261597.16466968,2002466.9656538],[261607.08656453,2002468.55315698],[261618.19908675,2002467.75940539],[261633.67724271,2002463.39377166],[261643.20226176,2002461.40939268],[261648.75852287,2002461.40939268],[261653.91790819,2002461.80626848],[261661.06167248,2002461.01251689],[261678.12733161,2002456.64688316],[261688.84297804,2002454.66250419],[261698.76487289,2002455.05937999],[261711.06802249,2002455.45625578],[261722.18054472,2002453.86875261],[261737.26182488,2002449.10624308],[261751.15247766,2002444.74060935],[261782.90254116,2002440.37497562],[261802.34945505,2002428.8655776],[261810.68384672,2002426.08744704],[261830.9245122,2002424.49994387],[261855.92768721,2002422.5155649],[261867.04020944,2002422.11868911],[261875.7714769,2002423.70619228],[261887.67775071,2002424.89681966],[261901.56840349,2002424.89681966],[261910.69654675,2002426.08744704],[261919.42781421,2002429.26245339],[261933.71534279,2002437.19996927],[261944.82786501,2002441.565603],[261967.05290946,2002445.93123673],[261976.57792851,2002448.31249149],[261994.43733923,2002455.45625578],[262010.70924677,2002462.60002007],[262021.42489321,2002468.75159487],[262033.72804281,2002476.68911075],[262050.79370194,2002487.80163297],[262061.50934837,2002496.13602464],[262073.41562219,2002506.05791948],[262078.60697491,2002509.5188213],[262081.75001386,2002511.61418059],[262089.29065394,2002515.58293853],[262099.21254878,2002519.55169647],[262120.37925778,2002526.36473093],[262135.72512181,2002533.24391136],[262154.77515991,2002544.8856013],[262171.17935938,2002550.17727856],[262182.82104933,2002552.29394946],[262192.34606838,2002557.05645898],[262207.69193241,2002571.87315528],[262217.21695145,2002579.81067115],[262225.15446733,2002584.04401295],[262235.73782183,2002594.09819973],[262242.61700226,2002597.27320608],[262269.60455623,2002607.32739285],[262298.70878111,2002616.32324418],[262336.27968958,2002630.08160503],[262355.85889541,2002640.13579181],[262362.73807583,2002646.48580451],[262374.90893351,2002654.42332038],[262380.01679782,2002657.89094819],[262445.96963205,2002638.26190183],[262540.06619616,2002610.25664867],[262717.20377243,2002560.65812731],[262852.57252365,2002509.5188213],[262876.62759107,2002500.43135138],[262906.51955706,2002490.46736272],[262976.71032166,2002464.11814825],[263067.93617343,2002436.66182393]]]]},"geometry_name":"geometry","properties":{"ogc_fid":61,"zoning":"N","zone_name":"Agriculture Zone","h":10,"e":0,"cos":0}},{"type":"Feature","id":"glup2030_cdudcp_v1.62","geometry":{"type":"MultiPolygon","coordinates":[[[[259601.3538,1998838.9976],[259764.3204,1998771.6854],[259884.7739,1998835.4549],[259941.458,1998828.3694],[260030.0267,1998768.1426],[260217.7926,1998753.9716],[260285.1049,1998715.0013],[260338.2461,1998668.9456],[260479.9562,1998668.9456],[260577.72959994,1998650.44789964],[260611.038,1998644.1463],[260667.722,1998591.005],[260683.6644,1998527.2355],[260717.3205,1998498.8935],[260823.6031,1998498.8935],[260894.4581,1998520.15],[260965.3131,1998562.663],[261000.16500097,1998570.28869963],[260987.97955112,1998538.40702952],[260955.47755279,1998457.73377366],[260937.65132207,1998413.48726126],[260903.78458767,1998331.46626388],[260902.54614469,1998328.01990261],[260891.87541122,1998298.32519482],[260890.95227034,1998295.7562619],[260886.55796154,1998283.5745704],[260869.50329277,1998236.29643799],[260838.6969575,1998150.89659718],[260837.85091747,1998148.47128244],[260834.7195406,1998139.49466875],[260812.90003091,1998076.94540761],[260785.38330921,1998013.97444834],[260747.28320825,1997907.08259197],[260738.69681033,1997884.42669609],[260715.86560999,1997824.18470687],[260697.73129037,1997776.33570366],[260690.13310468,1997756.2874013],[260679.64819276,1997729.99908954],[260644.49240061,1997641.85489617],[260642.78739932,1997637.43540319],[260607.84750937,1997546.86929451],[260544.34740262,1997374.88979185],[260508.77260991,1997287.05548754],[260506.64420252,1997281.80031128],[260476.70748841,1997204.46370609],[260474.89411164,1997199.77931194],[260472.76799149,1997194.31799546],[260452.02438943,1997141.03539506],[260441.15970102,1997113.12810819],[260410.89800192,1997036.94039995],[260375.49880222,1996947.81831009],[260373.92330658,1996943.71699858],[260304.84269491,1996763.88409302],[260279.70620537,1996698.44801248],[260251.16748606,1996625.34500229],[260197.15270416,1996486.98409303],[260193.71649154,1996478.1819961],[260106.71249318,1996251.79740427],[260084.73440536,1996195.33739791],[260041.29410317,1996083.74259176],[260005.77370729,1995990.60901186],[259917.71859705,1995751.24380392],[259913.20000434,1995739.33420495],[259827.7836,1995757.8294],[259672.2083,1995788.7857],[259609.6102,1995802.1243],[259471.054,1995831.6483],[259388.6663,1995848.7778],[259322.5646,1995862.5213],[259202.6778,1995887.0124],[259037.7421,1995920.9657],[258923.7044,1995945.2099],[258893.33119601,1995842.71962229],[258885.74442429,1995810.25542277],[258847.1094,1995644.9341],[258778.4025,1995484.389],[258538.6895,1994906.5379],[258458.75002661,1994726.76448211],[258389.0821,1994577.1158],[258356.6441,1994586.1646],[258336.5357,1994591.7737],[258318.2894,1994597.2313],[258312.829,1994598.8646],[258293.4066,1994606.2437],[258274.674,1994614.1812],[258256.894,1994621.4838],[258229.9064,1994631.9613],[258201.8076,1994641.1688],[258192.1239,1994645.7726],[258181.0113,1994649.4238],[258169.7401,1994653.0751],[258156.7225,1994656.4088],[258147.1812,1994659.462],[258144.8163,1994660.2188],[258138.9425,1994662.6001],[258125.29,1994671.6489],[258110.3674,1994681.6501],[258098.4612,1994689.2701],[258081.6336,1994699.5889],[258066.5524,1994708.1614],[258057.3448,1994713.4002],[258045.2798,1994718.1627],[258033.5389,1994720.8416],[258024.1726,1994722.9054],[258011.4726,1994726.8741],[258001.9476,1994729.5729],[257990.6763,1994731.9541],[257983.3738,1994732.9066],[257975.595,1994734.1766],[257966.5463,1994736.0816],[257953.5287,1994740.3679],[257939.4,1994745.6067],[257934.955,1994747.5117],[257930.6687,1994748.3054],[257925.4299,1994749.0992],[257918.8418,1994749.1785],[257914.873,1994749.0198],[257909.8724,1994749.496],[257904.3955,1994750.7661],[257901.2205,1994752.4329],[257896.6961,1994754.3379],[257889.4041,1994756.2948],[257884.8795,1994757.423],[257879.394,1994758.7907],[257864.3127,1994760.1136],[257856.3752,1994759.5845],[257843.6752,1994755.6157],[257830.9751,1994750.0595],[257818.2751,1994743.4449],[257807.9563,1994736.0365],[257800.548,1994734.9782],[257791.5521,1994733.3907],[257779.6459,1994728.6282],[257773.825,1994724.924],[257761.3896,1994722.5427],[257740.2229,1994723.0719],[257707.4922,1994723.9005],[257698.4186,1994724.1302],[257689.1582,1994724.1302],[257679.6332,1994723.6011],[257672.4894,1994721.4844],[257666.4817,1994720.8017],[257660.8477,1994720.1615],[257645.2373,1994721.2198],[257625.2237,1994720.1202],[257621.1601,1994719.8969],[257602.65300082,1994717.25299419],[257591.5267,1994715.6635],[257561.8934,1994715.1344],[257551.0454,1994715.9281],[257535.435,1994718.574],[257526.1745,1994716.8277],[257511.4108,1994714.129],[257500.9332,1994714.6052],[257484.5819,1994714.2877],[257480.6132,1994713.494],[257476.0094,1994711.7477],[257471.5644,1994710.4777],[257466.9607,1994710.6365],[257463.3094,1994711.4302],[257456.4831,1994712.859],[257446.4819,1994716.669],[257435.3694,1994719.5265],[257419.3356,1994722.8602],[257367.7417,1994734.7665],[257348.2154,1994740.0053],[257333.4516,1994744.7678],[257321.7041,1994747.4665],[257315.8304,1994748.2603],[257305.8291,1994748.2603],[257297.4153,1994749.689],[257288.1901,1994752.0717],[257284.5204,1994753.0195],[257273.444,1994755.8803],[257265.189,1994756.9915],[257257.4102,1994755.404],[257248.044,1994752.3878],[257231.6927,1994748.5778],[257218.9927,1994746.1965],[257205.9751,1994744.609],[257198.8314,1994741.7515],[257192.1639,1994737.624],[257188.4798,1994735.4789],[257183.0605,1994747.1545],[257177.1868,1994760.6483],[257171.6305,1994770.0145],[257164.8042,1994779.0633],[257158.4542,1994785.2546],[257156.708,1994791.9221],[257155.5967,1994800.4946],[257156.3905,1994808.4321],[257157.978,1994820.55],[257156.6551,1994833.5147],[257148.1884,1994844.3626],[257129.9321,1994854.1522],[257125.5757,1994856.015],[257094.2981,1994869.3891],[257087.9307,1994873.6341],[257081.9156,1994877.6441],[257073.1843,1994886.6929],[257060.643,1994897.6467],[257053.9755,1994904.6317],[257050.3242,1994912.7279],[257048.4192,1994922.0942],[257050.0067,1994935.2705],[257054.1343,1994944.0017],[257059.2143,1994953.6855],[257067.7868,1994965.2743],[257081.5981,1994977.9743],[257091.7581,1994988.6106],[257096.5206,1994998.9294],[257101.6006,1995015.9156],[257108.5856,1995032.1082],[257116.6819,1995056.397],[257122.2381,1995073.542],[257121.6031,1995084.337],[257118.7456,1995103.7046],[257117.4756,1995114.0233],[257114.1419,1995120.6909],[257111.2844,1995123.8659],[257106.3631,1995127.9934],[257098.6373,1995133.1263],[257079.3226,1995140.2701],[257051.2767,1995150.0597],[257025.0829,1995163.818],[256998.1693,1995176.6966],[256993.7414,1995178.8154],[256984.428,1995178.3921],[256969.6114,1995177.5454],[256957.9697,1995175.8521],[256945.1367,1995175.4095],[256939.5546,1995175.2171],[256914.7896,1995175.4287],[256893.4112,1995178.1804],[256857.0045,1995184.9537],[256818.4811,1995187.0704],[256791.3877,1995190.8804],[256718.3625,1995198.5004],[256677.4937,1995202.262],[256633.2723,1995206.3321],[256627.5471,1995206.8549],[256584.5889,1995210.7771],[256576.9518,1995211.3107],[256536.1172,1995214.1638],[256503.9968,1995219.1956],[256473.252,1995220.9371],[256427.9553,1995224.9588],[256404.4431,1995227.1944],[256363.3968,1995231.0972],[256298.0643,1995238.399],[256291.43,1995239.1405],[256195.5448,1995248.4539],[256189.3365,1995249.0314],[256150.0364,1995252.6872],[256105.798,1995256.9206],[256090.9113,1995258.4688],[256052.8812,1995262.4239],[256024.7295,1995265.5989],[256008.7784,1995265.4413],[256003.2725,1995265.3869],[255969.4844,1995267.9272],[255944.7193,1995270.4672],[255915.9326,1995273.8539],[255890.1092,1995273.6423],[255864.4975,1995278.2989],[255834.8641,1995282.1089],[255805.8124,1995285.5854],[255795.494,1995286.5539],[255781.3123,1995287.6123],[255736.4389,1995292.4806],[255689.0255,1995294.809],[255660.2387,1995297.5606],[255643.3054,1995300.9473],[255603.3003,1995306.874],[255548.0552,1995311.1073],[255498.7367,1995312.8007],[255432.0616,1995315.5523],[255399.0415,1995316.1873],[255374.4882,1995317.8807],[255354.9301,1995321.395],[255347.3948,1995322.749],[255331.0964,1995326.3474],[255299.3463,1995329.9457],[255276.0781,1995331.1303],[255263.1342,1995331.7892],[255241.1379,1995332.909],[255222.1626,1995334.38],[255186.5278,1995337.1424],[255158.9361,1995338.1475],[255149.6839,1995338.48460001],[256727.15613673,1996518.64332041],[257210.22682837,1996900.34337168],[257325.25396799,1997000.0188854],[257429.76398843,1997144.93779309],[257472.44527965,1997273.70513815],[257519.3513,1997505.3938],[257539.08,1997498.5506],[257546.9991,1997506.4016],[257564.4616,1997515.6621],[257573.9867,1997521.4829],[257583.5117,1997529.9496],[257589.8617,1997539.4746],[257595.418,1997545.8246],[257604.1492,1997552.1746],[257609.7055,1997556.1434],[257617.3784,1997565.4038],[257624.3478,1997577.5661],[257625.4425,1997579.4764],[257630.8722,1997588.9518],[257640.6618,1997605.8852],[257646.7472,1997614.6164],[257651.7743,1997620.1727],[257655.7431,1997622.8185],[257658.3889,1997623.0831],[257662.9359,1997622.6334],[257668.315,1997621.4518],[257670.6962,1997641.2956],[257678.6338,1997680.5863],[257687.165,1997710.7028],[257707.6057,1997782.8612],[257749.7572,1997924.6395],[257807.7011,1998100.5216],[257990.2485,1998091.2342],[258035.0819,1998088.9532],[258094.62220126,1998085.92392464],[258097.0191,1998085.802],[258148.0055,1998082.8921],[258416.901,1998067.5457],[258499.4964,1998063.1368],[258540.05049852,1998060.97207228],[258679.23809864,1998053.54237451],[258756.5225,1998049.417],[259379.4172,1998016.1675],[259391.0554,1998035.896],[259397.6171,1998068.7043],[259405.4488,1998098.9727],[259409.3354,1998120.6845],[259410.0201,1998124.5092],[259410.7626,1998128.657],[259496.7037,1998133.456],[259502.7891,1998139.806],[259507.287,1998173.1436],[259493.3964,1998359.146],[259490.6183,1998538.137],[259578.7247,1998538.137],[259608.8873,1998536.5495],[259610.4748,1998692.1248],[259595.6581,1998716.7311],[259526.8663,1998721.229],[259512.6105,1998722.0598],[259513.2708,1998725.089],[259514.8595,1998732.3786],[259509.8414,1998836.7228],[259601.3538,1998838.9976]]]]},"geometry_name":"geometry","properties":{"ogc_fid":62,"zoning":"N","zone_name":"Agriculture Zone","h":10,"e":0,"cos":0}},{"type":"Feature","id":"glup2030_cdudcp_v1.63","geometry":{"type":"MultiPolygon","coordinates":[[[[244392.30559344,1992547.31548214],[244390.9548,1992545.49710001],[244344.097,1992546.82170001],[244297.3582,1992548.143],[244240.4727,1992566.0024],[244178.95700001,1992590.4764],[244175.3299,1992592.1401],[244112.8785,1992620.78640001],[244082.8292,1992634.56990001],[244027.4827,1992666.5443],[243995.0712,1992678.4505],[243979.32840001,1992678.9797],[243892.54490001,1992644.05460001],[243796.23640001,1992614.4212],[243756.4362,1992579.8688],[243730.33560001,1992629.92380001],[243748.8714,1992643.0366],[243811.3132,1992722.9409],[243835.65490001,1992749.92850001],[243834.3056,1992791.78060001],[243822.13470001,1992909.52040001],[243884.5765,1992935.9788],[243948.0767,1992957.1455],[244013.6935,1992987.8373],[244095.18530001,1993024.87900001],[244143.8687,1993049.22070001],[244175.61880001,1993060.86240001],[244230.1231,1993094.81730001],[244295.73990001,1993129.7424],[244342.3066,1993166.7841],[244372.9983,1993190.06750001],[244399.4567,1993236.6343],[244397.7661,1993281.7186],[244396.8808,1993305.326],[244396.28170001,1993321.3011],[244394.16510001,1993361.51790001],[244441.79020001,1993362.5762],[244471.4235,1993358.34290001],[244496.82360001,1993356.22620001],[244493.38400001,1993370.38140001],[244488.7538,1993386.9179],[244531.0872,1993401.47],[244579.2415,1993417.6096],[244626.0728,1993433.4847],[244660.20410001,1993447.7722],[244679.25420001,1993455.70970001],[244663.776,1993506.90670001],[244705.05110001,1993519.6067],[244751.08870001,1993533.1005],[244771.66450001,1993542.67060001],[244785.22,1993548.9755],[244787.6013,1993559.2943],[244832.05130001,1993595.0131],[244885.2327,1993633.11320001],[244929.6828,1993668.832],[244989.21420001,1993715.66340001],[244973.3391,1993737.0947],[244968.57660001,1993750.58840001],[244987.77770001,1993771.5336],[245048.53390001,1993831.47170001],[245104.8902,1993866.39680001],[245200.7033,1993913.68120001],[245206.75500001,1993916.66770001],[245324.49480001,1993960.32410001],[245435.83010001,1994007.5307],[245507.65530001,1994058.8344],[245623.9437,1994137.5001],[245709.44980001,1994229.8467],[245812.05720001,1994308.51239999],[245877.0419,1994411.11980001],[245938.6064,1994506.8867],[246010.43150001,1994595.81310001],[246048.0543,1994671.05859999],[246116.45920001,1994766.8255],[246161.50590001,1994798.5257],[246226.59350001,1994819.957],[246258.34360001,1994831.8633],[246325.0187,1994849.3258],[246369.55750001,1994859.17210001],[246427.7017,1994831.8102],[246502.9471,1994790.7672],[246547.2692,1994751.29750001],[246533.7754,1994717.1662],[246513.1378,1994666.36610001],[246490.11900001,1994632.23480001],[246461.544,1994607.62849999],[246446.46270001,1994575.87840001],[246419.47510001,1994521.10960001],[246390.1063,1994475.8657],[246338.5125,1994424.66870001],[246317.08120001,1994390.5374],[246285.3311,1994358.78740001],[246267.07480001,1994350.05610001],[246175.7934,1994315.9248],[246108.32450001,1994279.4122],[246087.68700001,1994252.42470001],[246023.39310001,1994157.96820001],[245976.22910001,1994086.1964],[245907.82410001,1994045.15340001],[245853.10020001,1993987.00920001],[245781.275,1993904.9233],[245735.9514,1993842.05510001],[245675.24740001,1993757.8527],[245630.78410001,1993651.825],[245588.39390001,1993588.23970001],[245558.80570001,1993543.85730001],[245535.0172,1993508.17460001],[245446.09080001,1993426.0887],[245391.3669,1993357.68380001],[245357.16440001,1993289.27880001],[245360.5846,1993227.7144],[245391.3669,1993169.5702],[245442.67060001,1993152.46900001],[245524.75650001,1993121.68670001],[245627.3639,1993090.90450001],[245688.7474,1993050.1556],[245720.4027,1993029.6559],[245732.66840001,1993021.71280001],[245780.2935,1993007.1607],[245797.5862,1993005.13950001],[245800.32373325,1993004.81952759],[245798.0459,1993001.70650001],[245740.89580001,1992936.0897],[245722.39279706,1992905.10781173],[245718.73406926,1992900.14968251],[245719.25602493,1992899.85552758],[245913.96091908,1992790.12841298],[245914.44205145,1992789.84981493],[245917.80819888,1992787.42722367],[245919.40343006,1992785.91941436],[246006.20408805,1992695.94032356],[246017.8046118,1992683.91508516],[246019.10372523,1992682.45258345],[246021.438326,1992679.02479987],[246023.14223135,1992675.24369244],[246023.73881952,1992673.26360786],[246034.28256495,1992631.82772598],[246034.70741668,1992629.7882621],[246035.01535387,1992625.65240364],[246034.60042853,1992621.52590456],[246034.2121491,1992619.82311288],[246022.84191272,1992577.23617067],[246013.03914881,1992540.52019715],[246012.37457687,1992538.42475822],[245996.41261968,1992495.14487781],[245997.21302737,1992484.31735418],[245999.23484062,1992456.9673292],[246010.37404914,1992424.45446807],[246011.34850075,1992420.57072481],[246011.62367084,1992418.02862502],[246013.29317229,1992387.179694],[246015.58214574,1992344.8844809],[246028.48298101,1992286.6864804],[246028.69895743,1992285.59114615],[246037.15268388,1992236.70055064],[246041.00026333,1992227.39186633],[246059.80765707,1992181.89008696],[246066.91265512,1992164.70061055],[246067.44619451,1992163.28137421],[246076.23234338,1992136.7997715],[246077.13248836,1992133.13647008],[246077.33787011,1992131.53680312],[246079.99434711,1992103.29723123],[246080.09693441,1992100.76093451],[246079.69234467,1992096.68908581],[246075.74189459,1992075.59498967],[246075.58062403,1992063.13484902],[246080.35757344,1992047.04936115],[246080.75817795,1992045.70040101],[246090.97868408,1992024.58043743],[246181.45761404,1991960.63660944],[246197.62421549,1991950.03244522],[246255.52769797,1991912.05196495],[246257.6424751,1991910.49121563],[246293.70480686,1991880.6608589],[246296.78126839,1991877.53692571],[246299.11602794,1991874.10905429],[246299.61268752,1991873.17437126],[246302.04379721,1991868.34279074],[246319.20939058,1991834.22799283],[246334.80943408,1991803.86895436],[246365.77022835,1991771.14811983],[246366.37711778,1991770.4818997],[246373.45668903,1991762.40824593],[246376.34473485,1991759.11467527],[246386.11137362,1991754.75438944],[246388.57366932,1991753.47809184],[246391.94005921,1991751.05548618],[246392.9845245,1991750.10025585],[246402.18700837,1991741.16705365],[246404.03711151,1991739.15191603],[246406.37190779,1991735.72403799],[246407.18369679,1991734.13865557],[246413.5546303,1991720.45715511],[246414.44692428,1991718.26130204],[246415.46851539,1991714.24159958],[246415.77642703,1991710.7315507],[246416.28900792,1991672.44572575],[246416.28915362,1991671.81974102],[246416.16690046,1991669.69886659],[246414.65722796,1991654.98381526],[246415.76481288,1991640.76484457],[246421.14314899,1991625.24027367],[246427.40701476,1991606.06443689],[246433.72586702,1991596.90466886],[246441.75024619,1991589.1846112],[246452.64842257,1991583.05614869],[246469.93308343,1991579.02721242],[246474.34951102,1991577.52844566],[246498.38532874,1991566.6407313],[246500.72961248,1991565.41752397],[246504.09604896,1991562.99492059],[246505.75448258,1991561.4214782],[246519.66969024,1991546.8869441],[246520.90587148,1991545.49001263],[246523.24071386,1991542.06212059],[246524.94483831,1991538.2808644],[246525.18451949,1991537.55795442],[246526.90048414,1991532.09098233],[246518.40970001,1991516.74220001],[246519.20340001,1991494.3187],[246527.48885914,1991482.33291844],[246523.66967868,1991453.34652399],[246521.39824396,1991426.89697083],[246524.34377748,1991406.13024829],[246530.76854683,1991400.79899903],[246548.85139,1991397.30242556],[246564.88715639,1991395.67857273],[246566.92393923,1991395.38285178],[246570.91597161,1991394.25774736],[246571.8045682,1991393.90066133],[246591.34080157,1991385.58950807],[246594.18821995,1991384.14537667],[246595.12279212,1991383.47283535],[246600.9598,1991368.11220001],[246602.94420001,1991348.2684],[246601.35670001,1991331.2027],[246599.62510001,1991323.48920001],[246595.80040001,1991309.3746],[246587.06920001,1991294.2933],[246579.13170001,1991284.7683],[246545.85650198,1991290.41677814],[246557.39113121,1991304.09974227],[246566.38301493,1991326.72166135],[246568.51011274,1991341.36746906],[246566.34904147,1991344.50633537],[246556.49907612,1991348.69674072],[246542.98991785,1991350.0647385],[246540.91153284,1991350.36842867],[246515.74857379,1991355.23397277],[246511.83972958,1991356.34315657],[246508.10371374,1991358.14439168],[246505.07155063,1991360.28436991],[246486.71497187,1991375.51924837],[246483.65317475,1991378.63097248],[246481.31831534,1991382.05889601],[246479.61418112,1991385.84018536],[246478.55541049,1991390.10361942],[246473.90190272,1991422.8943341],[246473.66810162,1991426.5430809],[246473.75337934,1991428.27166677],[246476.30267007,1991457.95584433],[246476.41930831,1991459.02822385],[246480.32123507,1991488.64115052],[246483.30230473,1991512.08816758],[246481.44752566,1991517.99743783],[246474.56085099,1991525.19064107],[246456.84835753,1991533.2140401],[246438.54160024,1991537.48122729],[246435.51685473,1991538.40198277],[246432.28037692,1991539.91430787],[246415.77892618,1991549.19372578],[246415.2794305,1991549.48263962],[246411.91300037,1991551.90526107],[246410.94510974,1991552.78648475],[246399.00530071,1991564.27351396],[246397.0785919,1991566.36268155],[246395.91620519,1991567.90916757],[246386.2751221,1991581.8848748],[246385.10269172,1991583.76629442],[246383.32047115,1991587.77874619],[246380.72226084,1991595.73250392],[246377.05950886,1991606.94509284],[246376.04126018,1991610.06220545],[246369.79895415,1991628.07393548],[246368.7971259,1991632.03687237],[246368.55894213,1991634.01766435],[246367.04696866,1991653.42869831],[246366.97710213,1991655.58395498],[246367.09936051,1991657.70483138],[246368.68763791,1991673.18568677],[246368.26186184,1991704.99357568],[246365.89523408,1991710.07590679],[246362.86298465,1991713.01943557],[246352.18908163,1991717.78477848],[246349.72678287,1991719.06108267],[246346.3603912,1991721.48369949],[246343.99904067,1991723.82428786],[246330.89457837,1991738.76886408],[246297.91315624,1991773.62530627],[246296.77305763,1991774.92132017],[246294.43828429,1991778.34920763],[246294.03312828,1991779.10394114],[246276.79158136,1991812.65858621],[246259.34733367,1991847.32640163],[246228.3273964,1991872.98315879],[246155.01263984,1991921.07247747],[246154.33046135,1991921.5370603],[246058.5025707,1991989.26131973],[246056.70613626,1991990.66463688],[246053.81165468,1991993.63502999],[246051.476951,1991997.06291747],[246050.8174918,1991998.3275193],[246037.0822137,1992026.71065729],[246036.03768948,1992029.22727978],[246035.69075986,1992030.30145124],[246028.93396187,1992053.05389666],[246028.25940272,1992055.9993928],[246027.95144167,1992060.1353703],[246028.18612669,1992078.26429075],[246028.59072711,1992082.33614371],[246032.30442977,1992102.16581861],[246030.21426658,1992124.38578267],[246022.60938458,1992147.31128992],[246019.41373572,1992155.04272658],[245992.16811247,1992220.95998895],[245991.6952522,1992222.20105185],[245990.71173989,1992225.99470603],[245981.90402891,1992276.9332067],[245973.91350015,1992312.98028534],[245968.70077766,1992336.49611333],[245968.44685159,1992337.81742655],[245968.17168448,1992340.35953794],[245964.28623523,1992412.15748607],[245953.22450701,1992444.44443732],[245952.25006833,1992448.32818047],[245952.00488615,1992450.40193899],[245948.57637032,1992496.78264785],[245948.51362588,1992498.84478363],[245948.92856864,1992502.97130949],[245949.98143624,1992506.76955241],[245967.25771502,1992553.61278648],[245967.34819462,1992553.85811483],[245986.63743393,1992626.10474519],[245979.17875238,1992655.41690757],[245887.5701614,1992750.38022106],[245877.50232763,1992756.05395637],[245853.04609504,1992769.83631518],[245695.37174332,1992858.69504905],[245674.53950001,1992826.3867],[245632.20590001,1992856.7801],[245589.87240001,1992874.63950001],[245550.8463,1992874.3749],[245506.3962,1992879.6666],[245445.9184,1992892.01950001],[245431.9247,1992891.685],[245420.40650001,1992890.77910001],[245401.5368,1992889.1239],[245390.24390001,1992888.1332],[245352.14380001,1992883.37070001],[245319.60000001,1992883.3707],[245298.4333,1992887.3395],[245279.25100001,1992895.9385],[245229.64150001,1992944.88650001],[245179.9174,1992953.72630001],[245170.11010001,1992955.46980001],[245115.8705,1992964.06880001],[245053.6932,1992970.6834],[244972.9952,1992972.6678],[244943.54730001,1992960.8751],[244934.6746,1992957.3219],[244893.37310001,1992939.4618],[244856.3578,1992923.4552],[244767.45760001,1992885.3551],[244700.78250001,1992863.1301],[244643.6324,1992837.73],[244569.5489,1992779.52160001],[244490.1737,1992700.14640001],[244452.0736,1992644.0546],[244408.15270001,1992568.6482],[244392.30559344,1992547.31548214]]]]},"geometry_name":"geometry","properties":{"ogc_fid":63,"zoning":"NE","zone_name":"Preservation Zone for Public Use","h":0,"e":0,"cos":0}}],"totalFeatures":63,"numberMatched":63,"numberReturned":63,"timeStamp":"2026-09-01T18:38:26.371Z","crs":{"type":"name","properties":{"name":"urn:ogc:def:crs:EPSG::32648"}}}